A_PRGID,A_USERID,A_SYSDT,U_PRGID,U_USERID,U_SYSDT,LIST_NO,DEPTID_M,EMPLID,RATION,PROD_TYPE
OBZ021,23874,2026-06-30 15:09:53.557,OBZ021,23874,2026-06-30 15:09:53.557,OB202607013,XVE4,20501,100.0,01
OBZ021,23874,2026-06-30 15:09:53.557,OBZ021,23874,2026-06-30 15:09:53.557,OB202607013,XVE3,20190,100.0,01
OBZ021,23874,2026-06-30 15:09:53.557,OBZ021,23874,2026-06-30 15:09:53.557,OB202607013,XVE2,20442,100.0,01
OBZ021,23874,2026-06-30 15:09:53.557,OBZ021,23874,2026-06-30 15:09:53.557,OB202607013,XVE1,22978,100.0,01
OBZ021,23874,2026-06-30 15:09:36.657,OBZ021,23874,2026-06-30 15:09:36.657,OB202607012,XVE4,20501,100.0,01
OBZ021,23874,2026-06-30 15:09:36.657,OBZ021,23874,2026-06-30 15:09:36.657,OB202607012,XVE3,20190,100.0,01
OBZ021,23874,2026-06-30 15:09:36.657,OBZ021,23874,2026-06-30 15:09:36.657,OB202607012,XVE2,20442,100.0,01
OBZ021,23874,2026-06-30 15:09:36.657,OBZ021,23874,2026-06-30 15:09:36.657,OB202607012,XVE1,22978,100.0,01
OBZ021,23770,2026-06-30 11:55:02.060,OBZ021,23770,2026-06-30 11:55:02.060,OB202607010,XVE4,23986,0.0,03
OBZ021,23770,2026-06-30 11:55:02.060,OBZ021,23770,2026-06-30 11:55:02.060,OB202607010,XVE4,23985,38.1,03
OBZ021,23770,2026-06-30 11:55:02.060,OBZ021,23770,2026-06-30 11:55:02.060,OB202607010,XVE4,22350,0.0,03
OBZ021,23770,2026-06-30 11:55:02.060,OBZ021,23770,2026-06-30 11:55:02.060,OB202607010,XVE4,22304,0.0,03
OBZ021,23770,2026-06-30 11:55:02.060,OBZ021,23770,2026-06-30 11:55:02.060,OB202607010,XVE4,22291,0.0,03
OBZ021,23770,2026-06-30 11:55:02.060,OBZ021,23770,2026-06-30 11:55:02.060,OB202607010,XVE4,22290,0.0,03
OBZ021,23770,2026-06-30 11:55:02.060,OBZ021,23770,2026-06-30 11:55:02.060,OB202607010,XVE4,22287,0.0,03
OBZ021,23770,2026-06-30 11:55:02.060,OBZ021,23770,2026-06-30 11:55:02.060,OB202607010,XVE4,22286,0.0,03
OBZ021,23770,2026-06-30 11:55:02.060,OBZ021,23770,2026-06-30 11:55:02.060,OB202607010,XVE4,22282,0.0,03
OBZ021,23770,2026-06-30 11:55:02.060,OBZ021,23770,2026-06-30 11:55:02.060,OB202607010,XVE4,22162,38.1,03
OBZ021,23770,2026-06-30 11:55:02.060,OBZ021,23770,2026-06-30 11:55:02.060,OB202607010,XVE4,22159,0.0,03
OBZ021,23770,2026-06-30 11:55:02.060,OBZ021,23770,2026-06-30 11:55:02.060,OB202607010,XVE4,21557,23.8,03
OBZ021,23770,2026-06-30 11:55:02.060,OBZ021,23770,2026-06-30 11:55:02.060,OB202607010,XVE4,20501,0.0,03
OBZ021,23770,2026-06-30 11:55:02.060,OBZ021,23770,2026-06-30 11:55:02.060,OB202607010,XVE3,23841,25.0,03
OBZ021,23770,2026-06-30 11:55:02.060,OBZ021,23770,2026-06-30 11:55:02.060,OB202607010,XVE3,23747,25.0,03
OBZ021,23770,2026-06-30 11:55:02.060,OBZ021,23770,2026-06-30 11:55:02.060,OB202607010,XVE3,23701,25.0,03
OBZ021,23770,2026-06-30 11:55:02.060,OBZ021,23770,2026-06-30 11:55:02.060,OB202607010,XVE3,23165,0.0,03
OBZ021,23770,2026-06-30 11:55:02.060,OBZ021,23770,2026-06-30 11:55:02.060,OB202607010,XVE3,22622,0.0,03
OBZ021,23770,2026-06-30 11:55:02.060,OBZ021,23770,2026-06-30 11:55:02.060,OB202607010,XVE3,22593,25.0,03
OBZ021,23770,2026-06-30 11:55:02.060,OBZ021,23770,2026-06-30 11:55:02.060,OB202607010,XVE3,22499,0.0,03
OBZ021,23770,2026-06-30 11:55:02.060,OBZ021,23770,2026-06-30 11:55:02.060,OB202607010,XVE3,21953,0.0,03
OBZ021,23770,2026-06-30 11:55:02.060,OBZ021,23770,2026-06-30 11:55:02.060,OB202607010,XVE3,21838,0.0,03
OBZ021,23770,2026-06-30 11:55:02.060,OBZ021,23770,2026-06-30 11:55:02.060,OB202607010,XVE3,21730,0.0,03
OBZ021,23770,2026-06-30 11:55:02.060,OBZ021,23770,2026-06-30 11:55:02.060,OB202607010,XVE3,20765,0.0,03
OBZ021,23770,2026-06-30 11:55:02.060,OBZ021,23770,2026-06-30 11:55:02.060,OB202607010,XVE3,20190,0.0,03
OBZ021,23770,2026-06-30 11:55:02.060,OBZ021,23770,2026-06-30 11:55:02.060,OB202607010,XVE2,23961,0.0,03
OBZ021,23770,2026-06-30 11:55:02.060,OBZ021,23770,2026-06-30 11:55:02.060,OB202607010,XVE2,23906,0.0,03
OBZ021,23770,2026-06-30 11:55:02.060,OBZ021,23770,2026-06-30 11:55:02.060,OB202607010,XVE2,23835,0.0,03
OBZ021,23770,2026-06-30 11:55:02.060,OBZ021,23770,2026-06-30 11:55:02.060,OB202607010,XVE2,23821,44.4,03
OBZ021,23770,2026-06-30 11:55:02.060,OBZ021,23770,2026-06-30 11:55:02.060,OB202607010,XVE2,23757,0.0,03
OBZ021,23770,2026-06-30 11:55:02.060,OBZ021,23770,2026-06-30 11:55:02.060,OB202607010,XVE2,23724,0.0,03
OBZ021,23770,2026-06-30 11:55:02.060,OBZ021,23770,2026-06-30 11:55:02.060,OB202607010,XVE2,23689,0.0,03
OBZ021,23770,2026-06-30 11:55:02.060,OBZ021,23770,2026-06-30 11:55:02.060,OB202607010,XVE2,23263,0.0,03
OBZ021,23770,2026-06-30 11:55:02.060,OBZ021,23770,2026-06-30 11:55:02.060,OB202607010,XVE2,22737,0.0,03
OBZ021,23770,2026-06-30 11:55:02.060,OBZ021,23770,2026-06-30 11:55:02.060,OB202607010,XVE2,22736,0.0,03
OBZ021,23770,2026-06-30 11:55:02.060,OBZ021,23770,2026-06-30 11:55:02.060,OB202607010,XVE2,22592,0.0,03
OBZ021,23770,2026-06-30 11:55:02.060,OBZ021,23770,2026-06-30 11:55:02.060,OB202607010,XVE2,22559,0.0,03
OBZ021,23770,2026-06-30 11:55:02.060,OBZ021,23770,2026-06-30 11:55:02.060,OB202607010,XVE2,22520,0.0,03
OBZ021,23770,2026-06-30 11:55:02.060,OBZ021,23770,2026-06-30 11:55:02.060,OB202607010,XVE2,22512,0.0,03
OBZ021,23770,2026-06-30 11:55:02.060,OBZ021,23770,2026-06-30 11:55:02.060,OB202607010,XVE2,22411,0.0,03
OBZ021,23770,2026-06-30 11:55:02.060,OBZ021,23770,2026-06-30 11:55:02.060,OB202607010,XVE2,22278,0.0,03
OBZ021,23770,2026-06-30 11:55:02.060,OBZ021,23770,2026-06-30 11:55:02.060,OB202607010,XVE2,22274,0.0,03
OBZ021,23770,2026-06-30 11:55:02.060,OBZ021,23770,2026-06-30 11:55:02.060,OB202607010,XVE2,22273,0.0,03
OBZ021,23770,2026-06-30 11:55:02.060,OBZ021,23770,2026-06-30 11:55:02.060,OB202607010,XVE2,22163,27.8,03
OBZ021,23770,2026-06-30 11:55:02.060,OBZ021,23770,2026-06-30 11:55:02.060,OB202607010,XVE2,21957,0.0,03
OBZ021,23770,2026-06-30 11:55:02.060,OBZ021,23770,2026-06-30 11:55:02.060,OB202607010,XVE2,21731,0.0,03
OBZ021,23770,2026-06-30 11:55:02.060,OBZ021,23770,2026-06-30 11:55:02.060,OB202607010,XVE2,21581,0.0,03
OBZ021,23770,2026-06-30 11:55:02.060,OBZ021,23770,2026-06-30 11:55:02.060,OB202607010,XVE2,21523,27.8,03
OBZ021,23770,2026-06-30 11:55:02.060,OBZ021,23770,2026-06-30 11:55:02.060,OB202607010,XVE2,21466,0.0,03
OBZ021,23770,2026-06-30 11:55:02.060,OBZ021,23770,2026-06-30 11:55:02.060,OB202607010,XVE2,20885,0.0,03
OBZ021,23770,2026-06-30 11:55:02.060,OBZ021,23770,2026-06-30 11:55:02.060,OB202607010,XVE2,20442,0.0,03
OBZ021,23770,2026-06-30 11:55:02.060,OBZ021,23770,2026-06-30 11:55:02.060,OB202607010,XVE1,23988,0.0,03
OBZ021,23770,2026-06-30 11:55:02.060,OBZ021,23770,2026-06-30 11:55:02.060,OB202607010,XVE1,23905,12.2,03
OBZ021,23770,2026-06-30 11:55:02.060,OBZ021,23770,2026-06-30 11:55:02.060,OB202607010,XVE1,23301,0.0,03
OBZ021,23770,2026-06-30 11:55:02.060,OBZ021,23770,2026-06-30 11:55:02.060,OB202607010,XVE1,23254,0.0,03
OBZ021,23770,2026-06-30 11:55:02.060,OBZ021,23770,2026-06-30 11:55:02.060,OB202607010,XVE1,23166,0.0,03
OBZ021,23770,2026-06-30 11:55:02.060,OBZ021,23770,2026-06-30 11:55:02.060,OB202607010,XVE1,23066,19.5,03
OBZ021,23770,2026-06-30 11:55:02.060,OBZ021,23770,2026-06-30 11:55:02.060,OB202607010,XVE1,22978,0.0,03
OBZ021,23770,2026-06-30 11:55:02.060,OBZ021,23770,2026-06-30 11:55:02.060,OB202607010,XVE1,22802,0.0,03
OBZ021,23770,2026-06-30 11:55:02.060,OBZ021,23770,2026-06-30 11:55:02.060,OB202607010,XVE1,22603,0.0,03
OBZ021,23770,2026-06-30 11:55:02.060,OBZ021,23770,2026-06-30 11:55:02.060,OB202607010,XVE1,22511,12.2,03
OBZ021,23770,2026-06-30 11:55:02.060,OBZ021,23770,2026-06-30 11:55:02.060,OB202607010,XVE1,22315,0.0,03
OBZ021,23770,2026-06-30 11:55:02.060,OBZ021,23770,2026-06-30 11:55:02.060,OB202607010,XVE1,22254,0.0,03
OBZ021,23770,2026-06-30 11:55:02.060,OBZ021,23770,2026-06-30 11:55:02.060,OB202607010,XVE1,22157,12.2,03
OBZ021,23770,2026-06-30 11:55:02.060,OBZ021,23770,2026-06-30 11:55:02.060,OB202607010,XVE1,22049,0.0,03
OBZ021,23770,2026-06-30 11:55:02.060,OBZ021,23770,2026-06-30 11:55:02.060,OB202607010,XVE1,22039,0.0,03
OBZ021,23770,2026-06-30 11:55:02.060,OBZ021,23770,2026-06-30 11:55:02.060,OB202607010,XVE1,21831,12.2,03
OBZ021,23770,2026-06-30 11:55:02.060,OBZ021,23770,2026-06-30 11:55:02.060,OB202607010,XVE1,21648,0.0,03
OBZ021,23770,2026-06-30 11:55:02.060,OBZ021,23770,2026-06-30 11:55:02.060,OB202607010,XVE1,21647,0.0,03
OBZ021,23770,2026-06-30 11:55:02.060,OBZ021,23770,2026-06-30 11:55:02.060,OB202607010,XVE1,21575,0.0,03
OBZ021,23770,2026-06-30 11:55:02.060,OBZ021,23770,2026-06-30 11:55:02.060,OB202607010,XVE1,21408,0.0,03
OBZ021,23770,2026-06-30 11:55:02.060,OBZ021,23770,2026-06-30 11:55:02.060,OB202607010,XVE1,21327,0.0,03
OBZ021,23770,2026-06-30 11:55:02.060,OBZ021,23770,2026-06-30 11:55:02.060,OB202607010,XVE1,21291,12.2,03
OBZ021,23770,2026-06-30 11:55:02.060,OBZ021,23770,2026-06-30 11:55:02.060,OB202607010,XVE1,21208,19.5,03
OBZ021,23770,2026-06-30 11:55:02.060,OBZ021,23770,2026-06-30 11:55:02.060,OB202607010,XVE1,20938,0.0,03
OBZ021,23770,2026-06-30 11:55:02.060,OBZ021,23770,2026-06-30 11:55:02.060,OB202607010,XVE1,20873,0.0,03
OBZ021,23770,2026-06-30 11:55:02.060,OBZ021,23770,2026-06-30 11:55:02.060,OB202607010,XVE1,20777,0.0,03
OBZ021,23770,2026-06-30 11:55:02.060,OBZ021,23770,2026-06-30 11:55:02.060,OB202607010,XVE1,20742,0.0,03
OBZ021,23770,2026-06-30 11:50:40.400,OBZ021,23770,2026-06-30 11:50:40.400,OB202607008,XVE4,23986,6.3,02
OBZ021,23770,2026-06-30 11:50:40.400,OBZ021,23770,2026-06-30 11:50:40.400,OB202607008,XVE4,23985,6.3,02
OBZ021,23770,2026-06-30 11:50:40.400,OBZ021,23770,2026-06-30 11:50:40.400,OB202607008,XVE4,22350,7.8,02
OBZ021,23770,2026-06-30 11:50:40.400,OBZ021,23770,2026-06-30 11:50:40.400,OB202607008,XVE4,22304,7.8,02
OBZ021,23770,2026-06-30 11:50:40.400,OBZ021,23770,2026-06-30 11:50:40.400,OB202607008,XVE4,22291,8.7,02
OBZ021,23770,2026-06-30 11:50:40.400,OBZ021,23770,2026-06-30 11:50:40.400,OB202607008,XVE4,22290,8.7,02
OBZ021,23770,2026-06-30 11:50:40.400,OBZ021,23770,2026-06-30 11:50:40.400,OB202607008,XVE4,22287,8.7,02
OBZ021,23770,2026-06-30 11:50:40.400,OBZ021,23770,2026-06-30 11:50:40.400,OB202607008,XVE4,22286,10.7,02
OBZ021,23770,2026-06-30 11:50:40.400,OBZ021,23770,2026-06-30 11:50:40.400,OB202607008,XVE4,22282,8.7,02
OBZ021,23770,2026-06-30 11:50:40.400,OBZ021,23770,2026-06-30 11:50:40.400,OB202607008,XVE4,22162,7.8,02
OBZ021,23770,2026-06-30 11:50:40.400,OBZ021,23770,2026-06-30 11:50:40.400,OB202607008,XVE4,22159,9.7,02
OBZ021,23770,2026-06-30 11:50:40.400,OBZ021,23770,2026-06-30 11:50:40.400,OB202607008,XVE4,21557,7.8,02
OBZ021,23770,2026-06-30 11:50:40.400,OBZ021,23770,2026-06-30 11:50:40.400,OB202607008,XVE4,20501,1.0,02
OBZ021,23770,2026-06-30 11:50:40.400,OBZ021,23770,2026-06-30 11:50:40.400,OB202607008,XVE3,23841,6.8,02
OBZ021,23770,2026-06-30 11:50:40.400,OBZ021,23770,2026-06-30 11:50:40.400,OB202607008,XVE3,23747,6.8,02
OBZ021,23770,2026-06-30 11:50:40.400,OBZ021,23770,2026-06-30 11:50:40.400,OB202607008,XVE3,23701,6.8,02
OBZ021,23770,2026-06-30 11:50:40.400,OBZ021,23770,2026-06-30 11:50:40.400,OB202607008,XVE3,23165,8.6,02
OBZ021,23770,2026-06-30 11:50:40.400,OBZ021,23770,2026-06-30 11:50:40.400,OB202607008,XVE3,22622,7.6,02
OBZ021,23770,2026-06-30 11:50:40.400,OBZ021,23770,2026-06-30 11:50:40.400,OB202607008,XVE3,22593,8.6,02
OBZ021,23770,2026-06-30 11:50:40.400,OBZ021,23770,2026-06-30 11:50:40.400,OB202607008,XVE3,22499,9.5,02
OBZ021,23770,2026-06-30 11:50:40.400,OBZ021,23770,2026-06-30 11:50:40.400,OB202607008,XVE3,21953,8.6,02
OBZ021,23770,2026-06-30 11:50:40.400,OBZ021,23770,2026-06-30 11:50:40.400,OB202607008,XVE3,21838,8.6,02
OBZ021,23770,2026-06-30 11:50:40.400,OBZ021,23770,2026-06-30 11:50:40.400,OB202607008,XVE3,21730,9.5,02
OBZ021,23770,2026-06-30 11:50:40.400,OBZ021,23770,2026-06-30 11:50:40.400,OB202607008,XVE3,20765,9.1,02
OBZ021,23770,2026-06-30 11:50:40.400,OBZ021,23770,2026-06-30 11:50:40.400,OB202607008,XVE3,20190,9.5,02
OBZ021,23770,2026-06-30 11:50:40.400,OBZ021,23770,2026-06-30 11:50:40.400,OB202607008,XVE2,23961,3.1,02
OBZ021,23770,2026-06-30 11:50:40.400,OBZ021,23770,2026-06-30 11:50:40.400,OB202607008,XVE2,23906,3.6,02
OBZ021,23770,2026-06-30 11:50:40.400,OBZ021,23770,2026-06-30 11:50:40.400,OB202607008,XVE2,23835,3.6,02
OBZ021,23770,2026-06-30 11:50:40.400,OBZ021,23770,2026-06-30 11:50:40.400,OB202607008,XVE2,23821,3.6,02
OBZ021,23770,2026-06-30 11:50:40.400,OBZ021,23770,2026-06-30 11:50:40.400,OB202607008,XVE2,23757,3.6,02
OBZ021,23770,2026-06-30 11:50:40.400,OBZ021,23770,2026-06-30 11:50:40.400,OB202607008,XVE2,23724,3.6,02
OBZ021,23770,2026-06-30 11:50:40.400,OBZ021,23770,2026-06-30 11:50:40.400,OB202607008,XVE2,23689,3.6,02
OBZ021,23770,2026-06-30 11:50:40.400,OBZ021,23770,2026-06-30 11:50:40.400,OB202607008,XVE2,23263,4.0,02
OBZ021,23770,2026-06-30 11:50:40.400,OBZ021,23770,2026-06-30 11:50:40.400,OB202607008,XVE2,22737,4.0,02
OBZ021,23770,2026-06-30 11:50:40.400,OBZ021,23770,2026-06-30 11:50:40.400,OB202607008,XVE2,22736,4.0,02
OBZ021,23770,2026-06-30 11:50:40.400,OBZ021,23770,2026-06-30 11:50:40.400,OB202607008,XVE2,22592,3.6,02
OBZ021,23770,2026-06-30 11:50:40.400,OBZ021,23770,2026-06-30 11:50:40.400,OB202607008,XVE2,22559,4.0,02
OBZ021,23770,2026-06-30 11:50:40.400,OBZ021,23770,2026-06-30 11:50:40.400,OB202607008,XVE2,22520,3.6,02
OBZ021,23770,2026-06-30 11:50:40.400,OBZ021,23770,2026-06-30 11:50:40.400,OB202607008,XVE2,22512,4.0,02
OBZ021,23770,2026-06-30 11:50:40.400,OBZ021,23770,2026-06-30 11:50:40.400,OB202607008,XVE2,22411,4.0,02
OBZ021,23770,2026-06-30 11:50:40.400,OBZ021,23770,2026-06-30 11:50:40.400,OB202607008,XVE2,22278,3.6,02
OBZ021,23770,2026-06-30 11:50:40.400,OBZ021,23770,2026-06-30 11:50:40.400,OB202607008,XVE2,22274,3.1,02
OBZ021,23770,2026-06-30 11:50:40.400,OBZ021,23770,2026-06-30 11:50:40.400,OB202607008,XVE2,22273,3.6,02
OBZ021,23770,2026-06-30 11:50:40.400,OBZ021,23770,2026-06-30 11:50:40.400,OB202607008,XVE2,22163,3.6,02
OBZ021,23770,2026-06-30 11:50:40.400,OBZ021,23770,2026-06-30 11:50:40.400,OB202607008,XVE2,21957,4.0,02
OBZ021,23770,2026-06-30 11:50:40.400,OBZ021,23770,2026-06-30 11:50:40.400,OB202607008,XVE2,21731,3.6,02
OBZ021,23770,2026-06-30 11:50:40.400,OBZ021,23770,2026-06-30 11:50:40.400,OB202607008,XVE2,21581,5.4,02
OBZ021,23770,2026-06-30 11:50:40.400,OBZ021,23770,2026-06-30 11:50:40.400,OB202607008,XVE2,21523,3.6,02
OBZ021,23770,2026-06-30 11:50:40.400,OBZ021,23770,2026-06-30 11:50:40.400,OB202607008,XVE2,21466,3.6,02
OBZ021,23770,2026-06-30 11:50:40.400,OBZ021,23770,2026-06-30 11:50:40.400,OB202607008,XVE2,20885,3.6,02
OBZ021,23770,2026-06-30 11:50:40.400,OBZ021,23770,2026-06-30 11:50:40.400,OB202607008,XVE2,20442,6.4,02
OBZ021,23770,2026-06-30 11:50:40.400,OBZ021,23770,2026-06-30 11:50:40.400,OB202607008,XVE1,23988,2.4,02
OBZ021,23770,2026-06-30 11:50:40.400,OBZ021,23770,2026-06-30 11:50:40.400,OB202607008,XVE1,23905,3.3,02
OBZ021,23770,2026-06-30 11:50:40.400,OBZ021,23770,2026-06-30 11:50:40.400,OB202607008,XVE1,23301,4.3,02
OBZ021,23770,2026-06-30 11:50:40.400,OBZ021,23770,2026-06-30 11:50:40.400,OB202607008,XVE1,23254,2.9,02
OBZ021,23770,2026-06-30 11:50:40.400,OBZ021,23770,2026-06-30 11:50:40.400,OB202607008,XVE1,23166,4.1,02
OBZ021,23770,2026-06-30 11:50:40.400,OBZ021,23770,2026-06-30 11:50:40.400,OB202607008,XVE1,23066,3.3,02
OBZ021,23770,2026-06-30 11:50:40.400,OBZ021,23770,2026-06-30 11:50:40.400,OB202607008,XVE1,22978,3.1,02
OBZ021,23770,2026-06-30 11:50:40.400,OBZ021,23770,2026-06-30 11:50:40.400,OB202607008,XVE1,22802,4.3,02
OBZ021,23770,2026-06-30 11:50:40.400,OBZ021,23770,2026-06-30 11:50:40.400,OB202607008,XVE1,22603,3.7,02
OBZ021,23770,2026-06-30 11:50:40.400,OBZ021,23770,2026-06-30 11:50:40.400,OB202607008,XVE1,22511,2.9,02
OBZ021,23770,2026-06-30 11:50:40.400,OBZ021,23770,2026-06-30 11:50:40.400,OB202607008,XVE1,22315,3.3,02
OBZ021,23770,2026-06-30 11:50:40.400,OBZ021,23770,2026-06-30 11:50:40.400,OB202607008,XVE1,22254,4.5,02
OBZ021,23770,2026-06-30 11:50:40.400,OBZ021,23770,2026-06-30 11:50:40.400,OB202607008,XVE1,22157,3.3,02
OBZ021,23770,2026-06-30 11:50:40.400,OBZ021,23770,2026-06-30 11:50:40.400,OB202607008,XVE1,22049,3.3,02
OBZ021,23770,2026-06-30 11:50:40.400,OBZ021,23770,2026-06-30 11:50:40.400,OB202607008,XVE1,22039,4.1,02
OBZ021,23770,2026-06-30 11:50:40.400,OBZ021,23770,2026-06-30 11:50:40.400,OB202607008,XVE1,21831,3.3,02
OBZ021,23770,2026-06-30 11:50:40.400,OBZ021,23770,2026-06-30 11:50:40.400,OB202607008,XVE1,21648,3.7,02
OBZ021,23770,2026-06-30 11:50:40.400,OBZ021,23770,2026-06-30 11:50:40.400,OB202607008,XVE1,21647,5.5,02
OBZ021,23770,2026-06-30 11:50:40.400,OBZ021,23770,2026-06-30 11:50:40.400,OB202607008,XVE1,21575,3.3,02
OBZ021,23770,2026-06-30 11:50:40.400,OBZ021,23770,2026-06-30 11:50:40.400,OB202607008,XVE1,21408,4.5,02
OBZ021,23770,2026-06-30 11:50:40.400,OBZ021,23770,2026-06-30 11:50:40.400,OB202607008,XVE1,21327,4.1,02
OBZ021,23770,2026-06-30 11:50:40.400,OBZ021,23770,2026-06-30 11:50:40.400,OB202607008,XVE1,21291,2.9,02
OBZ021,23770,2026-06-30 11:50:40.400,OBZ021,23770,2026-06-30 11:50:40.400,OB202607008,XVE1,21208,2.9,02
OBZ021,23770,2026-06-30 11:50:40.400,OBZ021,23770,2026-06-30 11:50:40.400,OB202607008,XVE1,20938,3.7,02
OBZ021,23770,2026-06-30 11:50:40.400,OBZ021,23770,2026-06-30 11:50:40.400,OB202607008,XVE1,20873,5.5,02
OBZ021,23770,2026-06-30 11:50:40.400,OBZ021,23770,2026-06-30 11:50:40.400,OB202607008,XVE1,20777,3.7,02
OBZ021,23770,2026-06-30 11:50:40.400,OBZ021,23770,2026-06-30 11:50:40.400,OB202607008,XVE1,20742,4.1,02
OBZ021,23770,2026-06-30 11:44:28.797,OBZ021,23770,2026-06-30 11:44:28.797,OB202607001,XVE4,23986,6.3,01
OBZ021,23770,2026-06-30 11:44:28.797,OBZ021,23770,2026-06-30 11:44:28.797,OB202607001,XVE4,23985,6.3,01
OBZ021,23770,2026-06-30 11:44:28.797,OBZ021,23770,2026-06-30 11:44:28.797,OB202607001,XVE4,22350,7.8,01
OBZ021,23770,2026-06-30 11:44:28.797,OBZ021,23770,2026-06-30 11:44:28.797,OB202607001,XVE4,22304,7.8,01
OBZ021,23770,2026-06-30 11:44:28.797,OBZ021,23770,2026-06-30 11:44:28.797,OB202607001,XVE4,22291,8.7,01
OBZ021,23770,2026-06-30 11:44:28.797,OBZ021,23770,2026-06-30 11:44:28.797,OB202607001,XVE4,22290,8.7,01
OBZ021,23770,2026-06-30 11:44:28.797,OBZ021,23770,2026-06-30 11:44:28.797,OB202607001,XVE4,22287,8.7,01
OBZ021,23770,2026-06-30 11:44:28.797,OBZ021,23770,2026-06-30 11:44:28.797,OB202607001,XVE4,22286,10.7,01
OBZ021,23770,2026-06-30 11:44:28.797,OBZ021,23770,2026-06-30 11:44:28.797,OB202607001,XVE4,22282,8.7,01
OBZ021,23770,2026-06-30 11:44:28.797,OBZ021,23770,2026-06-30 11:44:28.797,OB202607001,XVE4,22162,7.8,01
OBZ021,23770,2026-06-30 11:44:28.797,OBZ021,23770,2026-06-30 11:44:28.797,OB202607001,XVE4,22159,9.7,01
OBZ021,23770,2026-06-30 11:44:28.797,OBZ021,23770,2026-06-30 11:44:28.797,OB202607001,XVE4,21557,7.8,01
OBZ021,23770,2026-06-30 11:44:28.797,OBZ021,23770,2026-06-30 11:44:28.797,OB202607001,XVE4,20501,1.0,01
OBZ021,23770,2026-06-30 11:44:28.797,OBZ021,23770,2026-06-30 11:44:28.797,OB202607001,XVE3,23841,6.8,01
OBZ021,23770,2026-06-30 11:44:28.797,OBZ021,23770,2026-06-30 11:44:28.797,OB202607001,XVE3,23747,6.8,01
OBZ021,23770,2026-06-30 11:44:28.797,OBZ021,23770,2026-06-30 11:44:28.797,OB202607001,XVE3,23701,6.8,01
OBZ021,23770,2026-06-30 11:44:28.797,OBZ021,23770,2026-06-30 11:44:28.797,OB202607001,XVE3,23165,8.6,01
OBZ021,23770,2026-06-30 11:44:28.797,OBZ021,23770,2026-06-30 11:44:28.797,OB202607001,XVE3,22622,7.6,01
OBZ021,23770,2026-06-30 11:44:28.797,OBZ021,23770,2026-06-30 11:44:28.797,OB202607001,XVE3,22593,8.6,01
OBZ021,23770,2026-06-30 11:44:28.797,OBZ021,23770,2026-06-30 11:44:28.797,OB202607001,XVE3,22499,9.5,01
OBZ021,23770,2026-06-30 11:44:28.797,OBZ021,23770,2026-06-30 11:44:28.797,OB202607001,XVE3,21953,8.6,01
OBZ021,23770,2026-06-30 11:44:28.797,OBZ021,23770,2026-06-30 11:44:28.797,OB202607001,XVE3,21838,8.6,01
OBZ021,23770,2026-06-30 11:44:28.797,OBZ021,23770,2026-06-30 11:44:28.797,OB202607001,XVE3,21730,9.5,01
OBZ021,23770,2026-06-30 11:44:28.797,OBZ021,23770,2026-06-30 11:44:28.797,OB202607001,XVE3,20765,9.1,01
OBZ021,23770,2026-06-30 11:44:28.797,OBZ021,23770,2026-06-30 11:44:28.797,OB202607001,XVE3,20190,9.5,01
OBZ021,23770,2026-06-30 11:44:28.797,OBZ021,23770,2026-06-30 11:44:28.797,OB202607001,XVE2,23961,3.1,01
OBZ021,23770,2026-06-30 11:44:28.797,OBZ021,23770,2026-06-30 11:44:28.797,OB202607001,XVE2,23906,3.6,01
OBZ021,23770,2026-06-30 11:44:28.797,OBZ021,23770,2026-06-30 11:44:28.797,OB202607001,XVE2,23835,3.6,01
OBZ021,23770,2026-06-30 11:44:28.797,OBZ021,23770,2026-06-30 11:44:28.797,OB202607001,XVE2,23821,3.6,01
OBZ021,23770,2026-06-30 11:44:28.797,OBZ021,23770,2026-06-30 11:44:28.797,OB202607001,XVE2,23757,3.6,01
OBZ021,23770,2026-06-30 11:44:28.797,OBZ021,23770,2026-06-30 11:44:28.797,OB202607001,XVE2,23724,3.6,01
OBZ021,23770,2026-06-30 11:44:28.797,OBZ021,23770,2026-06-30 11:44:28.797,OB202607001,XVE2,23689,3.6,01
OBZ021,23770,2026-06-30 11:44:28.797,OBZ021,23770,2026-06-30 11:44:28.797,OB202607001,XVE2,23263,4.0,01
OBZ021,23770,2026-06-30 11:44:28.797,OBZ021,23770,2026-06-30 11:44:28.797,OB202607001,XVE2,22737,4.0,01
OBZ021,23770,2026-06-30 11:44:28.797,OBZ021,23770,2026-06-30 11:44:28.797,OB202607001,XVE2,22736,4.0,01
OBZ021,23770,2026-06-30 11:44:28.797,OBZ021,23770,2026-06-30 11:44:28.797,OB202607001,XVE2,22592,3.6,01
OBZ021,23770,2026-06-30 11:44:28.797,OBZ021,23770,2026-06-30 11:44:28.797,OB202607001,XVE2,22559,4.0,01
OBZ021,23770,2026-06-30 11:44:28.797,OBZ021,23770,2026-06-30 11:44:28.797,OB202607001,XVE2,22520,3.6,01
OBZ021,23770,2026-06-30 11:44:28.797,OBZ021,23770,2026-06-30 11:44:28.797,OB202607001,XVE2,22512,4.0,01
OBZ021,23770,2026-06-30 11:44:28.797,OBZ021,23770,2026-06-30 11:44:28.797,OB202607001,XVE2,22411,4.0,01
OBZ021,23770,2026-06-30 11:44:28.797,OBZ021,23770,2026-06-30 11:44:28.797,OB202607001,XVE2,22278,3.6,01
OBZ021,23770,2026-06-30 11:44:28.797,OBZ021,23770,2026-06-30 11:44:28.797,OB202607001,XVE2,22274,3.1,01
OBZ021,23770,2026-06-30 11:44:28.797,OBZ021,23770,2026-06-30 11:44:28.797,OB202607001,XVE2,22273,3.6,01
OBZ021,23770,2026-06-30 11:44:28.797,OBZ021,23770,2026-06-30 11:44:28.797,OB202607001,XVE2,22163,3.6,01
OBZ021,23770,2026-06-30 11:44:28.797,OBZ021,23770,2026-06-30 11:44:28.797,OB202607001,XVE2,21957,4.0,01
OBZ021,23770,2026-06-30 11:44:28.797,OBZ021,23770,2026-06-30 11:44:28.797,OB202607001,XVE2,21731,3.6,01
OBZ021,23770,2026-06-30 11:44:28.797,OBZ021,23770,2026-06-30 11:44:28.797,OB202607001,XVE2,21581,5.4,01
OBZ021,23770,2026-06-30 11:44:28.797,OBZ021,23770,2026-06-30 11:44:28.797,OB202607001,XVE2,21523,3.6,01
OBZ021,23770,2026-06-30 11:44:28.797,OBZ021,23770,2026-06-30 11:44:28.797,OB202607001,XVE2,21466,3.6,01
OBZ021,23770,2026-06-30 11:44:28.797,OBZ021,23770,2026-06-30 11:44:28.797,OB202607001,XVE2,20885,3.6,01
OBZ021,23770,2026-06-30 11:44:28.797,OBZ021,23770,2026-06-30 11:44:28.797,OB202607001,XVE2,20442,6.4,01
OBZ021,23770,2026-06-30 11:48:43.550,OBZ021,23770,2026-06-30 11:48:43.550,OB202607001,XVE1,23988,2.4,01
OBZ021,23770,2026-06-30 11:44:28.797,OBZ021,23770,2026-06-30 11:44:28.797,OB202607001,XVE1,23905,3.3,01
OBZ021,23770,2026-06-30 11:44:28.797,OBZ021,23770,2026-06-30 11:44:28.797,OB202607001,XVE1,23301,4.3,01
OBZ021,23770,2026-06-30 11:44:28.797,OBZ021,23770,2026-06-30 11:44:28.797,OB202607001,XVE1,23254,2.9,01
OBZ021,23770,2026-06-30 11:44:28.797,OBZ021,23770,2026-06-30 11:44:28.797,OB202607001,XVE1,23166,4.1,01
OBZ021,23770,2026-06-30 11:44:28.797,OBZ021,23770,2026-06-30 11:44:28.797,OB202607001,XVE1,23066,3.3,01
OBZ021,23770,2026-06-30 11:44:28.797,OBZ021,23770,2026-06-30 11:48:43.550,OB202607001,XVE1,22978,3.1,01
OBZ021,23770,2026-06-30 11:44:28.797,OBZ021,23770,2026-06-30 11:44:28.797,OB202607001,XVE1,22802,4.3,01
OBZ021,23770,2026-06-30 11:44:28.797,OBZ021,23770,2026-06-30 11:44:28.797,OB202607001,XVE1,22603,3.7,01
OBZ021,23770,2026-06-30 11:44:28.797,OBZ021,23770,2026-06-30 11:44:28.797,OB202607001,XVE1,22511,2.9,01
OBZ021,23770,2026-06-30 11:44:28.797,OBZ021,23770,2026-06-30 11:44:28.797,OB202607001,XVE1,22315,3.3,01
OBZ021,23770,2026-06-30 11:44:28.797,OBZ021,23770,2026-06-30 11:44:28.797,OB202607001,XVE1,22254,4.5,01
OBZ021,23770,2026-06-30 11:44:28.797,OBZ021,23770,2026-06-30 11:44:28.797,OB202607001,XVE1,22157,3.3,01
OBZ021,23770,2026-06-30 11:44:28.797,OBZ021,23770,2026-06-30 11:44:28.797,OB202607001,XVE1,22049,3.3,01
OBZ021,23770,2026-06-30 11:44:28.797,OBZ021,23770,2026-06-30 11:44:28.797,OB202607001,XVE1,22039,4.1,01
OBZ021,23770,2026-06-30 11:44:28.797,OBZ021,23770,2026-06-30 11:44:28.797,OB202607001,XVE1,21831,3.3,01
OBZ021,23770,2026-06-30 11:44:28.797,OBZ021,23770,2026-06-30 11:44:28.797,OB202607001,XVE1,21648,3.7,01
OBZ021,23770,2026-06-30 11:44:28.797,OBZ021,23770,2026-06-30 11:44:28.797,OB202607001,XVE1,21647,5.5,01
OBZ021,23770,2026-06-30 11:44:28.797,OBZ021,23770,2026-06-30 11:44:28.797,OB202607001,XVE1,21575,3.3,01
OBZ021,23770,2026-06-30 11:44:28.797,OBZ021,23770,2026-06-30 11:44:28.797,OB202607001,XVE1,21408,4.5,01
OBZ021,23770,2026-06-30 11:44:28.797,OBZ021,23770,2026-06-30 11:44:28.797,OB202607001,XVE1,21327,4.1,01
OBZ021,23770,2026-06-30 11:44:28.797,OBZ021,23770,2026-06-30 11:44:28.797,OB202607001,XVE1,21291,2.9,01
OBZ021,23770,2026-06-30 11:44:28.797,OBZ021,23770,2026-06-30 11:44:28.797,OB202607001,XVE1,21208,2.9,01
OBZ021,23770,2026-06-30 11:44:28.797,OBZ021,23770,2026-06-30 11:44:28.797,OB202607001,XVE1,20938,3.7,01
OBZ021,23770,2026-06-30 11:44:28.797,OBZ021,23770,2026-06-30 11:44:28.797,OB202607001,XVE1,20873,5.5,01
OBZ021,23770,2026-06-30 11:44:28.797,OBZ021,23770,2026-06-30 11:44:28.797,OB202607001,XVE1,20777,3.7,01
OBZ021,23770,2026-06-30 11:44:28.797,OBZ021,23770,2026-06-30 11:44:28.797,OB202607001,XVE1,20742,4.1,01
OBZ021,23874,2026-05-29 21:10:27.423,OBZ021,23874,2026-05-29 21:10:27.423,OB202606013,XVE4,20501,100.0,01
OBZ021,23874,2026-05-29 21:10:27.423,OBZ021,23874,2026-05-29 21:10:27.423,OB202606013,XVE3,20190,100.0,01
OBZ021,23874,2026-05-29 21:10:27.423,OBZ021,23874,2026-05-29 21:10:27.423,OB202606013,XVE2,20442,100.0,01
OBZ021,23874,2026-05-29 21:10:27.423,OBZ021,23874,2026-05-29 21:10:27.423,OB202606013,XVE1,22978,100.0,01
OBZ021,23874,2026-05-29 21:09:59.907,OBZ021,23874,2026-05-29 21:09:59.907,OB202606012,XVE4,20501,100.0,01
OBZ021,23874,2026-05-29 21:09:59.907,OBZ021,23874,2026-05-29 21:09:59.907,OB202606012,XVE3,20190,100.0,01
OBZ021,23874,2026-05-29 21:09:59.907,OBZ021,23874,2026-05-29 21:09:59.907,OB202606012,XVE2,20442,100.0,01
OBZ021,23874,2026-05-29 21:09:59.907,OBZ021,23874,2026-05-29 21:09:59.907,OB202606012,XVE1,22978,100.0,01
OBZ021,23770,2026-05-29 21:25:20.550,OBZ021,23770,2026-05-29 21:25:20.550,OB202606011,XVE4,22350,26.7,03
OBZ021,23770,2026-05-29 21:25:20.550,OBZ021,23770,2026-05-29 21:25:20.550,OB202606011,XVE4,22291,20.0,03
OBZ021,23770,2026-05-29 21:25:20.550,OBZ021,23770,2026-05-29 21:25:20.550,OB202606011,XVE4,22272,33.3,03
OBZ021,23770,2026-05-29 21:25:20.550,OBZ021,23770,2026-05-29 21:25:20.550,OB202606011,XVE4,22162,20.0,03
OBZ021,23770,2026-05-29 21:25:20.550,OBZ021,23770,2026-05-29 21:25:20.550,OB202606011,XVE3,23841,100.0,03
OBZ021,23770,2026-05-29 21:25:20.550,OBZ021,23770,2026-05-29 21:25:20.550,OB202606011,XVE2,23821,27.8,03
OBZ021,23770,2026-05-29 21:25:20.550,OBZ021,23770,2026-05-29 21:25:20.550,OB202606011,XVE2,23746,27.8,03
OBZ021,23770,2026-05-29 21:25:20.550,OBZ021,23770,2026-05-29 21:25:20.550,OB202606011,XVE2,22273,22.2,03
OBZ021,23770,2026-05-29 21:25:20.550,OBZ021,23770,2026-05-29 21:25:20.550,OB202606011,XVE2,21523,22.2,03
OBZ021,23770,2026-05-29 21:25:20.550,OBZ021,23770,2026-05-29 21:25:20.550,OB202606011,XVE1,23066,30.8,03
OBZ021,23770,2026-05-29 21:25:20.550,OBZ021,23770,2026-05-29 21:25:20.550,OB202606011,XVE1,22315,30.8,03
OBZ021,23770,2026-05-29 21:25:20.550,OBZ021,23770,2026-05-29 21:25:20.550,OB202606011,XVE1,21208,38.4,03
OBZ021,23770,2026-05-28 09:48:17.903,OBZ021,23770,2026-05-28 09:48:17.903,OB202606010,XVE4,23965,0.0,03
OBZ021,23770,2026-05-28 09:48:17.903,OBZ021,23770,2026-05-28 09:48:17.903,OB202606010,XVE4,23960,0.0,03
OBZ021,23770,2026-05-28 09:48:17.903,OBZ021,23770,2026-05-28 09:48:17.903,OB202606010,XVE4,22350,26.7,03
OBZ021,23770,2026-05-28 09:48:17.903,OBZ021,23770,2026-05-28 09:48:17.903,OB202606010,XVE4,22304,0.0,03
OBZ021,23770,2026-05-28 09:48:17.903,OBZ021,23770,2026-05-28 09:48:17.903,OB202606010,XVE4,22291,20.0,03
OBZ021,23770,2026-05-28 09:48:17.903,OBZ021,23770,2026-05-28 09:48:17.903,OB202606010,XVE4,22290,0.0,03
OBZ021,23770,2026-05-28 09:48:17.903,OBZ021,23770,2026-05-28 09:48:17.903,OB202606010,XVE4,22287,0.0,03
OBZ021,23770,2026-05-28 09:48:17.903,OBZ021,23770,2026-05-28 09:48:17.903,OB202606010,XVE4,22286,0.0,03
OBZ021,23770,2026-05-28 09:48:17.903,OBZ021,23770,2026-05-28 09:48:17.903,OB202606010,XVE4,22282,0.0,03
OBZ021,23770,2026-05-28 09:48:17.903,OBZ021,23770,2026-05-28 09:48:17.903,OB202606010,XVE4,22272,33.3,03
OBZ021,23770,2026-05-28 09:48:17.903,OBZ021,23770,2026-05-28 09:48:17.903,OB202606010,XVE4,22162,20.0,03
OBZ021,23770,2026-05-28 09:48:17.903,OBZ021,23770,2026-05-28 09:48:17.903,OB202606010,XVE4,22159,0.0,03
OBZ021,23770,2026-05-28 09:48:17.903,OBZ021,23770,2026-05-28 09:48:17.903,OB202606010,XVE4,21557,0.0,03
OBZ021,23770,2026-05-28 09:48:17.903,OBZ021,23770,2026-05-28 09:48:17.903,OB202606010,XVE4,20501,0.0,03
OBZ021,23770,2026-05-28 09:48:17.903,OBZ021,23770,2026-05-28 09:48:17.903,OB202606010,XVE3,23841,100.0,03
OBZ021,23770,2026-05-28 09:48:17.903,OBZ021,23770,2026-05-28 09:48:17.903,OB202606010,XVE3,23747,0.0,03
OBZ021,23770,2026-05-28 09:48:17.903,OBZ021,23770,2026-05-28 09:48:17.903,OB202606010,XVE3,23701,0.0,03
OBZ021,23770,2026-05-28 09:48:17.903,OBZ021,23770,2026-05-28 09:48:17.903,OB202606010,XVE3,23165,0.0,03
OBZ021,23770,2026-05-28 09:48:17.903,OBZ021,23770,2026-05-28 09:48:17.903,OB202606010,XVE3,22622,0.0,03
OBZ021,23770,2026-05-28 09:48:17.903,OBZ021,23770,2026-05-28 09:48:17.903,OB202606010,XVE3,22593,0.0,03
OBZ021,23770,2026-05-28 09:48:17.903,OBZ021,23770,2026-05-28 09:48:17.903,OB202606010,XVE3,22499,0.0,03
OBZ021,23770,2026-05-28 09:48:17.903,OBZ021,23770,2026-05-28 09:48:17.903,OB202606010,XVE3,21953,0.0,03
OBZ021,23770,2026-05-28 09:48:17.903,OBZ021,23770,2026-05-28 09:48:17.903,OB202606010,XVE3,21838,0.0,03
OBZ021,23770,2026-05-28 09:48:17.903,OBZ021,23770,2026-05-28 09:48:17.903,OB202606010,XVE3,21730,0.0,03
OBZ021,23770,2026-05-28 09:48:17.903,OBZ021,23770,2026-05-28 09:48:17.903,OB202606010,XVE3,20765,0.0,03
OBZ021,23770,2026-05-28 09:48:17.903,OBZ021,23770,2026-05-28 09:48:17.903,OB202606010,XVE3,20190,0.0,03
OBZ021,23770,2026-05-28 09:48:17.903,OBZ021,23770,2026-05-28 09:48:17.903,OB202606010,XVE2,23961,0.0,03
OBZ021,23770,2026-05-28 09:48:17.903,OBZ021,23770,2026-05-28 09:48:17.903,OB202606010,XVE2,23906,0.0,03
OBZ021,23770,2026-05-28 09:48:17.903,OBZ021,23770,2026-05-28 09:48:17.903,OB202606010,XVE2,23835,0.0,03
OBZ021,23770,2026-05-28 09:48:17.903,OBZ021,23770,2026-05-28 09:48:17.903,OB202606010,XVE2,23821,27.8,03
OBZ021,23770,2026-05-28 09:48:17.903,OBZ021,23770,2026-05-28 09:48:17.903,OB202606010,XVE2,23757,0.0,03
OBZ021,23770,2026-05-28 09:48:17.903,OBZ021,23770,2026-05-28 09:48:17.903,OB202606010,XVE2,23746,27.8,03
OBZ021,23770,2026-05-28 09:48:17.903,OBZ021,23770,2026-05-28 09:48:17.903,OB202606010,XVE2,23724,0.0,03
OBZ021,23770,2026-05-28 09:48:17.903,OBZ021,23770,2026-05-28 09:48:17.903,OB202606010,XVE2,23689,0.0,03
OBZ021,23770,2026-05-28 09:48:17.903,OBZ021,23770,2026-05-28 09:48:17.903,OB202606010,XVE2,23263,0.0,03
OBZ021,23770,2026-05-28 09:48:17.903,OBZ021,23770,2026-05-28 09:48:17.903,OB202606010,XVE2,22737,0.0,03
OBZ021,23770,2026-05-28 09:48:17.903,OBZ021,23770,2026-05-28 09:48:17.903,OB202606010,XVE2,22736,0.0,03
OBZ021,23770,2026-05-28 09:48:17.903,OBZ021,23770,2026-05-28 09:48:17.903,OB202606010,XVE2,22592,0.0,03
OBZ021,23770,2026-05-28 09:48:17.903,OBZ021,23770,2026-05-28 09:48:17.903,OB202606010,XVE2,22559,0.0,03
OBZ021,23770,2026-05-28 09:48:17.903,OBZ021,23770,2026-05-28 09:48:17.903,OB202606010,XVE2,22520,0.0,03
OBZ021,23770,2026-05-28 09:48:17.903,OBZ021,23770,2026-05-28 09:48:17.903,OB202606010,XVE2,22512,0.0,03
OBZ021,23770,2026-05-28 09:48:17.903,OBZ021,23770,2026-05-28 09:48:17.903,OB202606010,XVE2,22411,0.0,03
OBZ021,23770,2026-05-28 09:48:17.903,OBZ021,23770,2026-05-28 09:48:17.903,OB202606010,XVE2,22278,0.0,03
OBZ021,23770,2026-05-28 09:48:17.903,OBZ021,23770,2026-05-28 09:48:17.903,OB202606010,XVE2,22274,0.0,03
OBZ021,23770,2026-05-28 09:48:17.903,OBZ021,23770,2026-05-28 09:48:17.903,OB202606010,XVE2,22273,22.2,03
OBZ021,23770,2026-05-28 09:48:17.903,OBZ021,23770,2026-05-28 09:48:17.903,OB202606010,XVE2,22163,0.0,03
OBZ021,23770,2026-05-28 09:48:17.903,OBZ021,23770,2026-05-28 09:48:17.903,OB202606010,XVE2,21957,0.0,03
OBZ021,23770,2026-05-28 09:48:17.903,OBZ021,23770,2026-05-28 09:48:17.903,OB202606010,XVE2,21731,0.0,03
OBZ021,23770,2026-05-28 09:48:17.903,OBZ021,23770,2026-05-28 09:48:17.903,OB202606010,XVE2,21581,0.0,03
OBZ021,23770,2026-05-28 09:48:17.903,OBZ021,23770,2026-05-28 09:48:17.903,OB202606010,XVE2,21523,22.2,03
OBZ021,23770,2026-05-28 09:48:17.903,OBZ021,23770,2026-05-28 09:48:17.903,OB202606010,XVE2,21466,0.0,03
OBZ021,23770,2026-05-28 09:48:17.903,OBZ021,23770,2026-05-28 09:48:17.903,OB202606010,XVE2,20885,0.0,03
OBZ021,23770,2026-05-28 09:48:17.903,OBZ021,23770,2026-05-28 09:48:17.903,OB202606010,XVE2,20442,0.0,03
OBZ021,23770,2026-05-28 09:48:17.903,OBZ021,23770,2026-05-28 09:48:17.903,OB202606010,XVE1,23905,0.0,03
OBZ021,23770,2026-05-28 09:48:17.903,OBZ021,23770,2026-05-28 09:48:17.903,OB202606010,XVE1,23301,0.0,03
OBZ021,23770,2026-05-28 09:48:17.903,OBZ021,23770,2026-05-28 09:48:17.903,OB202606010,XVE1,23254,0.0,03
OBZ021,23770,2026-05-28 09:48:17.903,OBZ021,23770,2026-05-28 09:48:17.903,OB202606010,XVE1,23166,0.0,03
OBZ021,23770,2026-05-28 09:48:17.903,OBZ021,23770,2026-05-28 09:48:17.903,OB202606010,XVE1,23066,30.8,03
OBZ021,23770,2026-05-28 09:48:17.903,OBZ021,23770,2026-05-28 09:48:17.903,OB202606010,XVE1,22978,0.0,03
OBZ021,23770,2026-05-28 09:48:17.903,OBZ021,23770,2026-05-28 09:48:17.903,OB202606010,XVE1,22802,0.0,03
OBZ021,23770,2026-05-28 09:48:17.903,OBZ021,23770,2026-05-28 09:48:17.903,OB202606010,XVE1,22603,0.0,03
OBZ021,23770,2026-05-28 09:48:17.903,OBZ021,23770,2026-05-28 09:48:17.903,OB202606010,XVE1,22511,0.0,03
OBZ021,23770,2026-05-28 09:48:17.903,OBZ021,23770,2026-05-28 09:48:17.903,OB202606010,XVE1,22315,30.8,03
OBZ021,23770,2026-05-28 09:48:17.903,OBZ021,23770,2026-05-28 09:48:17.903,OB202606010,XVE1,22254,0.0,03
OBZ021,23770,2026-05-28 09:48:17.903,OBZ021,23770,2026-05-28 09:48:17.903,OB202606010,XVE1,22157,0.0,03
OBZ021,23770,2026-05-28 09:48:17.903,OBZ021,23770,2026-05-28 09:48:17.903,OB202606010,XVE1,22049,0.0,03
OBZ021,23770,2026-05-28 09:48:17.903,OBZ021,23770,2026-05-28 09:48:17.903,OB202606010,XVE1,22039,0.0,03
OBZ021,23770,2026-05-28 09:48:17.903,OBZ021,23770,2026-05-28 09:48:17.903,OB202606010,XVE1,21831,0.0,03
OBZ021,23770,2026-05-28 09:48:17.903,OBZ021,23770,2026-05-28 09:48:17.903,OB202606010,XVE1,21648,0.0,03
OBZ021,23770,2026-05-28 09:48:17.903,OBZ021,23770,2026-05-28 09:48:17.903,OB202606010,XVE1,21647,0.0,03
OBZ021,23770,2026-05-28 09:48:17.903,OBZ021,23770,2026-05-28 09:48:17.903,OB202606010,XVE1,21575,0.0,03
OBZ021,23770,2026-05-28 09:48:17.903,OBZ021,23770,2026-05-28 09:48:17.903,OB202606010,XVE1,21408,0.0,03
OBZ021,23770,2026-05-28 09:48:17.903,OBZ021,23770,2026-05-28 09:48:17.903,OB202606010,XVE1,21327,0.0,03
OBZ021,23770,2026-05-28 09:48:17.903,OBZ021,23770,2026-05-28 09:48:17.903,OB202606010,XVE1,21291,0.0,03
OBZ021,23770,2026-05-28 09:48:17.903,OBZ021,23770,2026-05-28 09:48:17.903,OB202606010,XVE1,21208,38.4,03
OBZ021,23770,2026-05-28 09:48:17.903,OBZ021,23770,2026-05-28 09:48:17.903,OB202606010,XVE1,20938,0.0,03
OBZ021,23770,2026-05-28 09:48:17.903,OBZ021,23770,2026-05-28 09:48:17.903,OB202606010,XVE1,20873,0.0,03
OBZ021,23770,2026-05-28 09:48:17.903,OBZ021,23770,2026-05-28 09:48:17.903,OB202606010,XVE1,20777,0.0,03
OBZ021,23770,2026-05-28 09:48:17.903,OBZ021,23770,2026-05-28 09:48:17.903,OB202606010,XVE1,20742,0.0,03
OBZ021,23770,2026-05-28 09:41:51.470,OBZ021,23770,2026-05-28 09:41:51.470,OB202606008,XVE4,23965,7.1,02
OBZ021,23770,2026-05-28 09:41:51.470,OBZ021,23770,2026-05-28 09:41:51.470,OB202606008,XVE4,23960,7.1,02
OBZ021,23770,2026-05-28 09:41:51.470,OBZ021,23770,2026-05-28 09:41:51.470,OB202606008,XVE4,22350,7.1,02
OBZ021,23770,2026-05-28 09:41:51.470,OBZ021,23770,2026-05-28 09:41:51.470,OB202606008,XVE4,22304,7.1,02
OBZ021,23770,2026-05-28 09:41:51.470,OBZ021,23770,2026-05-28 09:41:51.470,OB202606008,XVE4,22291,8.0,02
OBZ021,23770,2026-05-28 09:41:51.470,OBZ021,23770,2026-05-28 09:41:51.470,OB202606008,XVE4,22290,8.0,02
OBZ021,23770,2026-05-28 09:41:51.470,OBZ021,23770,2026-05-28 09:41:51.470,OB202606008,XVE4,22287,8.0,02
OBZ021,23770,2026-05-28 09:41:51.470,OBZ021,23770,2026-05-28 09:41:51.470,OB202606008,XVE4,22286,9.8,02
OBZ021,23770,2026-05-28 09:41:51.470,OBZ021,23770,2026-05-28 09:41:51.470,OB202606008,XVE4,22282,8.0,02
OBZ021,23770,2026-05-28 09:41:51.470,OBZ021,23770,2026-05-28 09:41:51.470,OB202606008,XVE4,22272,7.1,02
OBZ021,23770,2026-05-28 09:41:51.470,OBZ021,23770,2026-05-28 09:41:51.470,OB202606008,XVE4,22162,7.1,02
OBZ021,23770,2026-05-28 09:41:51.470,OBZ021,23770,2026-05-28 09:41:51.470,OB202606008,XVE4,22159,8.9,02
OBZ021,23770,2026-05-28 09:41:51.470,OBZ021,23770,2026-05-28 09:41:51.470,OB202606008,XVE4,21557,6.3,02
OBZ021,23770,2026-05-28 09:41:51.470,OBZ021,23770,2026-05-28 09:41:51.470,OB202606008,XVE4,20501,0.4,02
OBZ021,23770,2026-05-28 09:41:51.470,OBZ021,23770,2026-05-28 09:41:51.470,OB202606008,XVE3,23841,9.1,02
OBZ021,23770,2026-05-28 09:41:51.470,OBZ021,23770,2026-05-28 09:41:51.470,OB202606008,XVE3,23747,7.3,02
OBZ021,23770,2026-05-28 09:41:51.470,OBZ021,23770,2026-05-28 09:41:51.470,OB202606008,XVE3,23701,7.3,02
OBZ021,23770,2026-05-28 09:41:51.470,OBZ021,23770,2026-05-28 09:41:51.470,OB202606008,XVE3,23165,9.1,02
OBZ021,23770,2026-05-28 09:41:51.470,OBZ021,23770,2026-05-28 09:41:51.470,OB202606008,XVE3,22622,7.3,02
OBZ021,23770,2026-05-28 09:41:51.470,OBZ021,23770,2026-05-28 09:41:51.470,OB202606008,XVE3,22593,9.1,02
OBZ021,23770,2026-05-28 09:41:51.470,OBZ021,23770,2026-05-28 09:41:51.470,OB202606008,XVE3,22499,9.1,02
OBZ021,23770,2026-05-28 09:41:51.470,OBZ021,23770,2026-05-28 09:41:51.470,OB202606008,XVE3,21953,9.1,02
OBZ021,23770,2026-05-28 09:41:51.470,OBZ021,23770,2026-05-28 09:41:51.470,OB202606008,XVE3,21838,8.2,02
OBZ021,23770,2026-05-28 09:41:51.470,OBZ021,23770,2026-05-28 09:41:51.470,OB202606008,XVE3,21730,8.2,02
OBZ021,23770,2026-05-28 09:41:51.470,OBZ021,23770,2026-05-28 09:41:51.470,OB202606008,XVE3,20765,9.1,02
OBZ021,23770,2026-05-28 09:41:51.470,OBZ021,23770,2026-05-28 09:41:51.470,OB202606008,XVE3,20190,7.1,02
OBZ021,23770,2026-05-28 09:41:51.470,OBZ021,23770,2026-05-28 09:41:51.470,OB202606008,XVE2,23961,3.1,02
OBZ021,23770,2026-05-28 09:41:51.470,OBZ021,23770,2026-05-28 09:41:51.470,OB202606008,XVE2,23906,3.5,02
OBZ021,23770,2026-05-28 09:41:51.470,OBZ021,23770,2026-05-28 09:41:51.470,OB202606008,XVE2,23835,3.5,02
OBZ021,23770,2026-05-28 09:41:51.470,OBZ021,23770,2026-05-28 09:41:51.470,OB202606008,XVE2,23821,3.5,02
OBZ021,23770,2026-05-28 09:41:51.470,OBZ021,23770,2026-05-28 09:41:51.470,OB202606008,XVE2,23757,3.5,02
OBZ021,23770,2026-05-28 09:41:51.470,OBZ021,23770,2026-05-28 09:41:51.470,OB202606008,XVE2,23746,3.5,02
OBZ021,23770,2026-05-28 09:41:51.470,OBZ021,23770,2026-05-28 09:41:51.470,OB202606008,XVE2,23724,3.5,02
OBZ021,23770,2026-05-28 09:41:51.470,OBZ021,23770,2026-05-28 09:41:51.470,OB202606008,XVE2,23689,3.5,02
OBZ021,23770,2026-05-28 09:41:51.470,OBZ021,23770,2026-05-28 09:41:51.470,OB202606008,XVE2,23263,4.3,02
OBZ021,23770,2026-05-28 09:41:51.470,OBZ021,23770,2026-05-28 09:41:51.470,OB202606008,XVE2,22737,4.3,02
OBZ021,23770,2026-05-28 09:41:51.470,OBZ021,23770,2026-05-28 09:41:51.470,OB202606008,XVE2,22736,4.3,02
OBZ021,23770,2026-05-28 09:41:51.470,OBZ021,23770,2026-05-28 09:41:51.470,OB202606008,XVE2,22592,3.5,02
OBZ021,23770,2026-05-28 09:41:51.470,OBZ021,23770,2026-05-28 09:41:51.470,OB202606008,XVE2,22559,4.7,02
OBZ021,23770,2026-05-28 09:41:51.470,OBZ021,23770,2026-05-28 09:41:51.470,OB202606008,XVE2,22520,3.5,02
OBZ021,23770,2026-05-28 09:41:51.470,OBZ021,23770,2026-05-28 09:41:51.470,OB202606008,XVE2,22512,3.9,02
OBZ021,23770,2026-05-28 09:41:51.470,OBZ021,23770,2026-05-28 09:41:51.470,OB202606008,XVE2,22411,3.9,02
OBZ021,23770,2026-05-28 09:41:51.470,OBZ021,23770,2026-05-28 09:41:51.470,OB202606008,XVE2,22278,3.2,02
OBZ021,23770,2026-05-28 09:41:51.470,OBZ021,23770,2026-05-28 09:41:51.470,OB202606008,XVE2,22274,3.2,02
OBZ021,23770,2026-05-28 09:41:51.470,OBZ021,23770,2026-05-28 09:41:51.470,OB202606008,XVE2,22273,3.2,02
OBZ021,23770,2026-05-28 09:41:51.470,OBZ021,23770,2026-05-28 09:41:51.470,OB202606008,XVE2,22163,2.8,02
OBZ021,23770,2026-05-28 09:41:51.470,OBZ021,23770,2026-05-28 09:41:51.470,OB202606008,XVE2,21957,3.9,02
OBZ021,23770,2026-05-28 09:41:51.470,OBZ021,23770,2026-05-28 09:41:51.470,OB202606008,XVE2,21731,3.5,02
OBZ021,23770,2026-05-28 09:41:51.470,OBZ021,23770,2026-05-28 09:41:51.470,OB202606008,XVE2,21581,5.7,02
OBZ021,23770,2026-05-28 09:41:51.470,OBZ021,23770,2026-05-28 09:41:51.470,OB202606008,XVE2,21523,3.5,02
OBZ021,23770,2026-05-28 09:41:51.470,OBZ021,23770,2026-05-28 09:41:51.470,OB202606008,XVE2,21466,3.9,02
OBZ021,23770,2026-05-28 09:41:51.470,OBZ021,23770,2026-05-28 09:41:51.470,OB202606008,XVE2,20885,3.5,02
OBZ021,23770,2026-05-28 09:41:51.470,OBZ021,23770,2026-05-28 09:41:51.470,OB202606008,XVE2,20442,3.6,02
OBZ021,23770,2026-05-28 09:41:51.470,OBZ021,23770,2026-05-28 09:41:51.470,OB202606008,XVE1,23905,3.3,02
OBZ021,23770,2026-05-28 09:41:51.470,OBZ021,23770,2026-05-28 09:41:51.470,OB202606008,XVE1,23301,3.3,02
OBZ021,23770,2026-05-28 09:41:51.470,OBZ021,23770,2026-05-28 09:41:51.470,OB202606008,XVE1,23254,3.3,02
OBZ021,23770,2026-05-28 09:41:51.470,OBZ021,23770,2026-05-28 09:41:51.470,OB202606008,XVE1,23166,4.2,02
OBZ021,23770,2026-05-28 09:41:51.470,OBZ021,23770,2026-05-28 09:41:51.470,OB202606008,XVE1,23066,3.3,02
OBZ021,23770,2026-05-28 09:41:51.470,OBZ021,23770,2026-05-28 09:41:51.470,OB202606008,XVE1,22978,3.5,02
OBZ021,23770,2026-05-28 09:41:51.470,OBZ021,23770,2026-05-28 09:41:51.470,OB202606008,XVE1,22802,3.8,02
OBZ021,23770,2026-05-28 09:41:51.470,OBZ021,23770,2026-05-28 09:41:51.470,OB202606008,XVE1,22603,3.8,02
OBZ021,23770,2026-05-28 09:41:51.470,OBZ021,23770,2026-05-28 09:41:51.470,OB202606008,XVE1,22511,3.3,02
OBZ021,23770,2026-05-28 09:41:51.470,OBZ021,23770,2026-05-28 09:41:51.470,OB202606008,XVE1,22315,3.3,02
OBZ021,23770,2026-05-28 09:41:51.470,OBZ021,23770,2026-05-28 09:41:51.470,OB202606008,XVE1,22254,4.6,02
OBZ021,23770,2026-05-28 09:41:51.470,OBZ021,23770,2026-05-28 09:41:51.470,OB202606008,XVE1,22157,3.3,02
OBZ021,23770,2026-05-28 09:41:51.470,OBZ021,23770,2026-05-28 09:41:51.470,OB202606008,XVE1,22049,3.8,02
OBZ021,23770,2026-05-28 09:41:51.470,OBZ021,23770,2026-05-28 09:41:51.470,OB202606008,XVE1,22039,4.2,02
OBZ021,23770,2026-05-28 09:41:51.470,OBZ021,23770,2026-05-28 09:41:51.470,OB202606008,XVE1,21831,3.3,02
OBZ021,23770,2026-05-28 09:41:51.470,OBZ021,23770,2026-05-28 09:41:51.470,OB202606008,XVE1,21648,3.8,02
OBZ021,23770,2026-05-28 09:41:51.470,OBZ021,23770,2026-05-28 09:41:51.470,OB202606008,XVE1,21647,5.7,02
OBZ021,23770,2026-05-28 09:41:51.470,OBZ021,23770,2026-05-28 09:41:51.470,OB202606008,XVE1,21575,3.3,02
OBZ021,23770,2026-05-28 09:41:51.470,OBZ021,23770,2026-05-28 09:41:51.470,OB202606008,XVE1,21408,4.6,02
OBZ021,23770,2026-05-28 09:41:51.470,OBZ021,23770,2026-05-28 09:41:51.470,OB202606008,XVE1,21327,4.2,02
OBZ021,23770,2026-05-28 09:41:51.470,OBZ021,23770,2026-05-28 09:41:51.470,OB202606008,XVE1,21291,3.3,02
OBZ021,23770,2026-05-28 09:41:51.470,OBZ021,23770,2026-05-28 09:41:51.470,OB202606008,XVE1,21208,3.3,02
OBZ021,23770,2026-05-28 09:41:51.470,OBZ021,23770,2026-05-28 09:41:51.470,OB202606008,XVE1,20938,3.8,02
OBZ021,23770,2026-05-28 09:41:51.470,OBZ021,23770,2026-05-28 09:41:51.470,OB202606008,XVE1,20873,5.7,02
OBZ021,23770,2026-05-28 09:41:51.470,OBZ021,23770,2026-05-28 09:41:51.470,OB202606008,XVE1,20777,3.8,02
OBZ021,23770,2026-05-28 09:41:51.470,OBZ021,23770,2026-05-28 09:41:51.470,OB202606008,XVE1,20742,4.2,02
OBZ021,23770,2026-05-28 09:40:07.517,OBZ021,23770,2026-05-28 09:40:07.517,OB202606001,XVE4,23965,7.1,01
OBZ021,23770,2026-05-28 09:40:07.517,OBZ021,23770,2026-05-28 09:40:07.517,OB202606001,XVE4,23960,7.1,01
OBZ021,23770,2026-05-28 09:40:07.517,OBZ021,23770,2026-05-28 09:40:07.517,OB202606001,XVE4,22350,7.1,01
OBZ021,23770,2026-05-28 09:40:07.517,OBZ021,23770,2026-05-28 09:40:07.517,OB202606001,XVE4,22304,7.1,01
OBZ021,23770,2026-05-28 09:40:07.517,OBZ021,23770,2026-05-28 09:40:07.517,OB202606001,XVE4,22291,8.0,01
OBZ021,23770,2026-05-28 09:40:07.517,OBZ021,23770,2026-05-28 09:40:07.517,OB202606001,XVE4,22290,8.0,01
OBZ021,23770,2026-05-28 09:40:07.517,OBZ021,23770,2026-05-28 09:40:07.517,OB202606001,XVE4,22287,8.0,01
OBZ021,23770,2026-05-28 09:40:07.517,OBZ021,23770,2026-05-28 09:40:07.517,OB202606001,XVE4,22286,9.8,01
OBZ021,23770,2026-05-28 09:40:07.517,OBZ021,23770,2026-05-28 09:40:07.517,OB202606001,XVE4,22282,8.0,01
OBZ021,23770,2026-05-28 09:40:07.517,OBZ021,23770,2026-05-28 09:40:07.517,OB202606001,XVE4,22272,7.1,01
OBZ021,23770,2026-05-28 09:40:07.517,OBZ021,23770,2026-05-28 09:40:07.517,OB202606001,XVE4,22162,7.1,01
OBZ021,23770,2026-05-28 09:40:07.517,OBZ021,23770,2026-05-28 09:40:07.517,OB202606001,XVE4,22159,8.9,01
OBZ021,23770,2026-05-28 09:40:07.517,OBZ021,23770,2026-05-28 09:40:07.517,OB202606001,XVE4,21557,6.3,01
OBZ021,23770,2026-05-28 09:40:07.517,OBZ021,23770,2026-05-28 09:40:07.517,OB202606001,XVE4,20501,0.4,01
OBZ021,23770,2026-05-28 09:40:07.517,OBZ021,23770,2026-05-28 09:40:07.517,OB202606001,XVE3,23841,9.1,01
OBZ021,23770,2026-05-28 09:40:07.517,OBZ021,23770,2026-05-28 09:40:07.517,OB202606001,XVE3,23747,7.3,01
OBZ021,23770,2026-05-28 09:40:07.517,OBZ021,23770,2026-05-28 09:40:07.517,OB202606001,XVE3,23701,7.3,01
OBZ021,23770,2026-05-28 09:40:07.517,OBZ021,23770,2026-05-28 09:40:07.517,OB202606001,XVE3,23165,9.1,01
OBZ021,23770,2026-05-28 09:40:07.517,OBZ021,23770,2026-05-28 09:40:07.517,OB202606001,XVE3,22622,7.3,01
OBZ021,23770,2026-05-28 09:40:07.517,OBZ021,23770,2026-05-28 09:40:07.517,OB202606001,XVE3,22593,9.1,01
OBZ021,23770,2026-05-28 09:40:07.517,OBZ021,23770,2026-05-28 09:40:07.517,OB202606001,XVE3,22499,9.1,01
OBZ021,23770,2026-05-28 09:40:07.517,OBZ021,23770,2026-05-28 09:40:07.517,OB202606001,XVE3,21953,9.1,01
OBZ021,23770,2026-05-28 09:40:07.517,OBZ021,23770,2026-05-28 09:40:07.517,OB202606001,XVE3,21838,8.2,01
OBZ021,23770,2026-05-28 09:40:07.517,OBZ021,23770,2026-05-28 09:40:07.517,OB202606001,XVE3,21730,8.2,01
OBZ021,23770,2026-05-28 09:40:07.517,OBZ021,23770,2026-05-28 09:40:07.517,OB202606001,XVE3,20765,9.1,01
OBZ021,23770,2026-05-28 09:40:07.517,OBZ021,23770,2026-05-28 09:40:07.517,OB202606001,XVE3,20190,7.1,01
OBZ021,23770,2026-05-28 09:40:07.517,OBZ021,23770,2026-05-28 09:40:07.517,OB202606001,XVE2,23961,3.1,01
OBZ021,23770,2026-05-28 09:40:07.517,OBZ021,23770,2026-05-28 09:40:07.517,OB202606001,XVE2,23906,3.5,01
OBZ021,23770,2026-05-28 09:40:07.517,OBZ021,23770,2026-05-28 09:40:07.517,OB202606001,XVE2,23835,3.5,01
OBZ021,23770,2026-05-28 09:40:07.517,OBZ021,23770,2026-05-28 09:40:07.517,OB202606001,XVE2,23821,3.5,01
OBZ021,23770,2026-05-28 09:40:07.517,OBZ021,23770,2026-05-28 09:40:07.517,OB202606001,XVE2,23757,3.5,01
OBZ021,23770,2026-05-28 09:40:07.517,OBZ021,23770,2026-05-28 09:40:07.517,OB202606001,XVE2,23746,3.5,01
OBZ021,23770,2026-05-28 09:40:07.517,OBZ021,23770,2026-05-28 09:40:07.517,OB202606001,XVE2,23724,3.5,01
OBZ021,23770,2026-05-28 09:40:07.517,OBZ021,23770,2026-05-28 09:40:07.517,OB202606001,XVE2,23689,3.5,01
OBZ021,23770,2026-05-28 09:40:07.517,OBZ021,23770,2026-05-28 09:40:07.517,OB202606001,XVE2,23263,4.3,01
OBZ021,23770,2026-05-28 09:40:07.517,OBZ021,23770,2026-05-28 09:40:07.517,OB202606001,XVE2,22737,4.3,01
OBZ021,23770,2026-05-28 09:40:07.517,OBZ021,23770,2026-05-28 09:40:07.517,OB202606001,XVE2,22736,4.3,01
OBZ021,23770,2026-05-28 09:40:07.517,OBZ021,23770,2026-05-28 09:40:07.517,OB202606001,XVE2,22592,3.5,01
OBZ021,23770,2026-05-28 09:40:07.517,OBZ021,23770,2026-05-28 09:40:07.517,OB202606001,XVE2,22559,4.7,01
OBZ021,23770,2026-05-28 09:40:07.517,OBZ021,23770,2026-05-28 09:40:07.517,OB202606001,XVE2,22520,3.5,01
OBZ021,23770,2026-05-28 09:40:07.517,OBZ021,23770,2026-05-28 09:40:07.517,OB202606001,XVE2,22512,3.9,01
OBZ021,23770,2026-05-28 09:40:07.517,OBZ021,23770,2026-05-28 09:40:07.517,OB202606001,XVE2,22411,3.9,01
OBZ021,23770,2026-05-28 09:40:07.517,OBZ021,23770,2026-05-28 09:40:07.517,OB202606001,XVE2,22278,3.2,01
OBZ021,23770,2026-05-28 09:40:07.517,OBZ021,23770,2026-05-28 09:40:07.517,OB202606001,XVE2,22274,3.2,01
OBZ021,23770,2026-05-28 09:40:07.517,OBZ021,23770,2026-05-28 09:40:07.517,OB202606001,XVE2,22273,3.2,01
OBZ021,23770,2026-05-28 09:40:07.517,OBZ021,23770,2026-05-28 09:40:07.517,OB202606001,XVE2,22163,2.8,01
OBZ021,23770,2026-05-28 09:40:07.517,OBZ021,23770,2026-05-28 09:40:07.517,OB202606001,XVE2,21957,3.9,01
OBZ021,23770,2026-05-28 09:40:07.517,OBZ021,23770,2026-05-28 09:40:07.517,OB202606001,XVE2,21731,3.5,01
OBZ021,23770,2026-05-28 09:40:07.517,OBZ021,23770,2026-05-28 09:40:07.517,OB202606001,XVE2,21581,5.7,01
OBZ021,23770,2026-05-28 09:40:07.517,OBZ021,23770,2026-05-28 09:40:07.517,OB202606001,XVE2,21523,3.5,01
OBZ021,23770,2026-05-28 09:40:07.517,OBZ021,23770,2026-05-28 09:40:07.517,OB202606001,XVE2,21466,3.9,01
OBZ021,23770,2026-05-28 09:40:07.517,OBZ021,23770,2026-05-28 09:40:07.517,OB202606001,XVE2,20885,3.5,01
OBZ021,23770,2026-05-28 09:40:07.517,OBZ021,23770,2026-05-28 09:40:07.517,OB202606001,XVE2,20442,3.6,01
OBZ021,23770,2026-05-28 09:40:07.517,OBZ021,23770,2026-05-28 09:40:07.517,OB202606001,XVE1,23905,3.3,01
OBZ021,23770,2026-05-28 09:40:07.517,OBZ021,23770,2026-05-28 09:40:07.517,OB202606001,XVE1,23301,3.3,01
OBZ021,23770,2026-05-28 09:40:07.517,OBZ021,23770,2026-05-28 09:40:07.517,OB202606001,XVE1,23254,3.3,01
OBZ021,23770,2026-05-28 09:40:07.517,OBZ021,23770,2026-05-28 09:40:07.517,OB202606001,XVE1,23166,4.2,01
OBZ021,23770,2026-05-28 09:40:07.517,OBZ021,23770,2026-05-28 09:40:07.517,OB202606001,XVE1,23066,3.3,01
OBZ021,23770,2026-05-28 09:40:07.517,OBZ021,23770,2026-05-28 09:40:07.517,OB202606001,XVE1,22978,3.5,01
OBZ021,23770,2026-05-28 09:40:07.517,OBZ021,23770,2026-05-28 09:40:07.517,OB202606001,XVE1,22802,3.8,01
OBZ021,23770,2026-05-28 09:40:07.517,OBZ021,23770,2026-05-28 09:40:07.517,OB202606001,XVE1,22603,3.8,01
OBZ021,23770,2026-05-28 09:40:07.517,OBZ021,23770,2026-05-28 09:40:07.517,OB202606001,XVE1,22511,3.3,01
OBZ021,23770,2026-05-28 09:40:07.517,OBZ021,23770,2026-05-28 09:40:07.517,OB202606001,XVE1,22315,3.3,01
OBZ021,23770,2026-05-28 09:40:07.517,OBZ021,23770,2026-05-28 09:40:07.517,OB202606001,XVE1,22254,4.6,01
OBZ021,23770,2026-05-28 09:40:07.517,OBZ021,23770,2026-05-28 09:40:07.517,OB202606001,XVE1,22157,3.3,01
OBZ021,23770,2026-05-28 09:40:07.517,OBZ021,23770,2026-05-28 09:40:07.517,OB202606001,XVE1,22049,3.8,01
OBZ021,23770,2026-05-28 09:40:07.517,OBZ021,23770,2026-05-28 09:40:07.517,OB202606001,XVE1,22039,4.2,01
OBZ021,23770,2026-05-28 09:40:07.517,OBZ021,23770,2026-05-28 09:40:07.517,OB202606001,XVE1,21831,3.3,01
OBZ021,23770,2026-05-28 09:40:07.517,OBZ021,23770,2026-05-28 09:40:07.517,OB202606001,XVE1,21648,3.8,01
OBZ021,23770,2026-05-28 09:40:07.517,OBZ021,23770,2026-05-28 09:40:07.517,OB202606001,XVE1,21647,5.7,01
OBZ021,23770,2026-05-28 09:40:07.517,OBZ021,23770,2026-05-28 09:40:07.517,OB202606001,XVE1,21575,3.3,01
OBZ021,23770,2026-05-28 09:40:07.517,OBZ021,23770,2026-05-28 09:40:07.517,OB202606001,XVE1,21408,4.6,01
OBZ021,23770,2026-05-28 09:40:07.517,OBZ021,23770,2026-05-28 09:40:07.517,OB202606001,XVE1,21327,4.2,01
OBZ021,23770,2026-05-28 09:40:07.517,OBZ021,23770,2026-05-28 09:40:07.517,OB202606001,XVE1,21291,3.3,01
OBZ021,23770,2026-05-28 09:40:07.517,OBZ021,23770,2026-05-28 09:40:07.517,OB202606001,XVE1,21208,3.3,01
OBZ021,23770,2026-05-28 09:40:07.517,OBZ021,23770,2026-05-28 09:40:07.517,OB202606001,XVE1,20938,3.8,01
OBZ021,23770,2026-05-28 09:40:07.517,OBZ021,23770,2026-05-28 09:40:07.517,OB202606001,XVE1,20873,5.7,01
OBZ021,23770,2026-05-28 09:40:07.517,OBZ021,23770,2026-05-28 09:40:07.517,OB202606001,XVE1,20777,3.8,01
OBZ021,23770,2026-05-28 09:40:07.517,OBZ021,23770,2026-05-28 09:40:07.517,OB202606001,XVE1,20742,4.2,01
OBZ021,23874,2026-04-30 11:14:01.240,OBZ021,23874,2026-04-30 11:14:01.240,OB202605013,XVE4,22961,0.0,01
OBZ021,23874,2026-04-30 11:14:01.240,OBZ021,23874,2026-04-30 11:14:01.240,OB202605013,XVE4,22350,0.0,01
OBZ021,23874,2026-04-30 11:14:01.240,OBZ021,23874,2026-04-30 11:14:01.240,OB202605013,XVE4,22304,0.0,01
OBZ021,23874,2026-04-30 11:14:01.240,OBZ021,23874,2026-04-30 11:14:01.240,OB202605013,XVE4,22291,0.0,01
OBZ021,23874,2026-04-30 11:14:01.240,OBZ021,23874,2026-04-30 11:14:01.240,OB202605013,XVE4,22290,0.0,01
OBZ021,23874,2026-04-30 11:14:01.240,OBZ021,23874,2026-04-30 11:14:01.240,OB202605013,XVE4,22287,0.0,01
OBZ021,23874,2026-04-30 11:14:01.240,OBZ021,23874,2026-04-30 11:14:01.240,OB202605013,XVE4,22286,0.0,01
OBZ021,23874,2026-04-30 11:14:01.240,OBZ021,23874,2026-04-30 11:14:01.240,OB202605013,XVE4,22282,0.0,01
OBZ021,23874,2026-04-30 11:14:01.240,OBZ021,23874,2026-04-30 11:14:01.240,OB202605013,XVE4,22272,0.0,01
OBZ021,23874,2026-04-30 11:14:01.240,OBZ021,23874,2026-04-30 11:14:01.240,OB202605013,XVE4,22162,0.0,01
OBZ021,23874,2026-04-30 11:14:01.240,OBZ021,23874,2026-04-30 11:14:01.240,OB202605013,XVE4,22159,0.0,01
OBZ021,23874,2026-04-30 11:14:01.240,OBZ021,23874,2026-04-30 11:14:01.240,OB202605013,XVE4,21557,0.0,01
OBZ021,23874,2026-04-30 11:14:01.240,OBZ021,23874,2026-04-30 11:14:01.240,OB202605013,XVE4,20501,100.0,01
OBZ021,23874,2026-04-30 11:14:01.240,OBZ021,23874,2026-04-30 11:14:01.240,OB202605013,XVE3,23841,0.0,01
OBZ021,23874,2026-04-30 11:14:01.240,OBZ021,23874,2026-04-30 11:14:01.240,OB202605013,XVE3,23747,0.0,01
OBZ021,23874,2026-04-30 11:14:01.240,OBZ021,23874,2026-04-30 11:14:01.240,OB202605013,XVE3,23701,0.0,01
OBZ021,23874,2026-04-30 11:14:01.240,OBZ021,23874,2026-04-30 11:14:01.240,OB202605013,XVE3,23165,0.0,01
OBZ021,23874,2026-04-30 11:14:01.240,OBZ021,23874,2026-04-30 11:14:01.240,OB202605013,XVE3,22622,0.0,01
OBZ021,23874,2026-04-30 11:14:01.240,OBZ021,23874,2026-04-30 11:14:01.240,OB202605013,XVE3,22593,0.0,01
OBZ021,23874,2026-04-30 11:14:01.240,OBZ021,23874,2026-04-30 11:14:01.240,OB202605013,XVE3,22499,0.0,01
OBZ021,23874,2026-04-30 11:14:01.240,OBZ021,23874,2026-04-30 11:14:01.240,OB202605013,XVE3,21953,0.0,01
OBZ021,23874,2026-04-30 11:14:01.240,OBZ021,23874,2026-04-30 11:14:01.240,OB202605013,XVE3,21838,0.0,01
OBZ021,23874,2026-04-30 11:14:01.240,OBZ021,23874,2026-04-30 11:14:01.240,OB202605013,XVE3,21730,0.0,01
OBZ021,23874,2026-04-30 11:14:01.240,OBZ021,23874,2026-04-30 11:14:01.240,OB202605013,XVE3,20765,0.0,01
OBZ021,23874,2026-04-30 11:14:01.240,OBZ021,23874,2026-04-30 11:14:01.240,OB202605013,XVE3,20190,100.0,01
OBZ021,23874,2026-04-30 11:14:01.240,OBZ021,23874,2026-04-30 11:14:01.240,OB202605013,XVE2,23906,0.0,01
OBZ021,23874,2026-04-30 11:14:01.240,OBZ021,23874,2026-04-30 11:14:01.240,OB202605013,XVE2,23835,0.0,01
OBZ021,23874,2026-04-30 11:14:01.240,OBZ021,23874,2026-04-30 11:14:01.240,OB202605013,XVE2,23821,0.0,01
OBZ021,23874,2026-04-30 11:14:01.240,OBZ021,23874,2026-04-30 11:14:01.240,OB202605013,XVE2,23757,0.0,01
OBZ021,23874,2026-04-30 11:14:01.240,OBZ021,23874,2026-04-30 11:14:01.240,OB202605013,XVE2,23746,0.0,01
OBZ021,23874,2026-04-30 11:14:01.240,OBZ021,23874,2026-04-30 11:14:01.240,OB202605013,XVE2,23724,0.0,01
OBZ021,23874,2026-04-30 11:14:01.240,OBZ021,23874,2026-04-30 11:14:01.240,OB202605013,XVE2,23689,0.0,01
OBZ021,23874,2026-04-30 11:14:01.240,OBZ021,23874,2026-04-30 11:14:01.240,OB202605013,XVE2,23263,0.0,01
OBZ021,23874,2026-04-30 11:14:01.240,OBZ021,23874,2026-04-30 11:14:01.240,OB202605013,XVE2,22737,0.0,01
OBZ021,23874,2026-04-30 11:14:01.240,OBZ021,23874,2026-04-30 11:14:01.240,OB202605013,XVE2,22736,0.0,01
OBZ021,23874,2026-04-30 11:14:01.240,OBZ021,23874,2026-04-30 11:14:01.240,OB202605013,XVE2,22592,0.0,01
OBZ021,23874,2026-04-30 11:14:01.240,OBZ021,23874,2026-04-30 11:14:01.240,OB202605013,XVE2,22559,0.0,01
OBZ021,23874,2026-04-30 11:14:01.240,OBZ021,23874,2026-04-30 11:14:01.240,OB202605013,XVE2,22520,0.0,01
OBZ021,23874,2026-04-30 11:14:01.240,OBZ021,23874,2026-04-30 11:14:01.240,OB202605013,XVE2,22512,0.0,01
OBZ021,23874,2026-04-30 11:14:01.240,OBZ021,23874,2026-04-30 11:14:01.240,OB202605013,XVE2,22411,0.0,01
OBZ021,23874,2026-04-30 11:14:01.240,OBZ021,23874,2026-04-30 11:14:01.240,OB202605013,XVE2,22395,0.0,01
OBZ021,23874,2026-04-30 11:14:01.240,OBZ021,23874,2026-04-30 11:14:01.240,OB202605013,XVE2,22278,0.0,01
OBZ021,23874,2026-04-30 11:14:01.240,OBZ021,23874,2026-04-30 11:14:01.240,OB202605013,XVE2,22274,0.0,01
OBZ021,23874,2026-04-30 11:14:01.240,OBZ021,23874,2026-04-30 11:14:01.240,OB202605013,XVE2,22273,0.0,01
OBZ021,23874,2026-04-30 11:14:01.240,OBZ021,23874,2026-04-30 11:14:01.240,OB202605013,XVE2,22163,0.0,01
OBZ021,23874,2026-04-30 11:14:01.240,OBZ021,23874,2026-04-30 11:14:01.240,OB202605013,XVE2,21957,0.0,01
OBZ021,23874,2026-04-30 11:14:01.240,OBZ021,23874,2026-04-30 11:14:01.240,OB202605013,XVE2,21731,0.0,01
OBZ021,23874,2026-04-30 11:14:01.240,OBZ021,23874,2026-04-30 11:14:01.240,OB202605013,XVE2,21581,0.0,01
OBZ021,23874,2026-04-30 11:14:01.240,OBZ021,23874,2026-04-30 11:14:01.240,OB202605013,XVE2,21523,0.0,01
OBZ021,23874,2026-04-30 11:14:01.240,OBZ021,23874,2026-04-30 11:14:01.240,OB202605013,XVE2,21466,0.0,01
OBZ021,23874,2026-04-30 11:14:01.240,OBZ021,23874,2026-04-30 11:14:01.240,OB202605013,XVE2,20885,0.0,01
OBZ021,23874,2026-04-30 11:14:01.240,OBZ021,23874,2026-04-30 11:14:01.240,OB202605013,XVE2,20442,100.0,01
OBZ021,23874,2026-04-30 11:14:01.240,OBZ021,23874,2026-04-30 11:14:01.240,OB202605013,XVE1,23905,0.0,01
OBZ021,23874,2026-04-30 11:14:01.240,OBZ021,23874,2026-04-30 11:14:01.240,OB202605013,XVE1,23301,0.0,01
OBZ021,23874,2026-04-30 11:14:01.240,OBZ021,23874,2026-04-30 11:14:01.240,OB202605013,XVE1,23254,0.0,01
OBZ021,23874,2026-04-30 11:14:01.240,OBZ021,23874,2026-04-30 11:14:01.240,OB202605013,XVE1,23166,0.0,01
OBZ021,23874,2026-04-30 11:14:01.240,OBZ021,23874,2026-04-30 11:14:01.240,OB202605013,XVE1,23066,0.0,01
OBZ021,23874,2026-04-30 11:14:01.240,OBZ021,23874,2026-04-30 11:14:01.240,OB202605013,XVE1,22978,100.0,01
OBZ021,23874,2026-04-30 11:14:01.240,OBZ021,23874,2026-04-30 11:14:01.240,OB202605013,XVE1,22802,0.0,01
OBZ021,23874,2026-04-30 11:14:01.240,OBZ021,23874,2026-04-30 11:14:01.240,OB202605013,XVE1,22603,0.0,01
OBZ021,23874,2026-04-30 11:14:01.240,OBZ021,23874,2026-04-30 11:14:01.240,OB202605013,XVE1,22511,0.0,01
OBZ021,23874,2026-04-30 11:14:01.240,OBZ021,23874,2026-04-30 11:14:01.240,OB202605013,XVE1,22315,0.0,01
OBZ021,23874,2026-04-30 11:14:01.240,OBZ021,23874,2026-04-30 11:14:01.240,OB202605013,XVE1,22254,0.0,01
OBZ021,23874,2026-04-30 11:14:01.240,OBZ021,23874,2026-04-30 11:14:01.240,OB202605013,XVE1,22157,0.0,01
OBZ021,23874,2026-04-30 11:14:01.240,OBZ021,23874,2026-04-30 11:14:01.240,OB202605013,XVE1,22049,0.0,01
OBZ021,23874,2026-04-30 11:14:01.240,OBZ021,23874,2026-04-30 11:14:01.240,OB202605013,XVE1,22039,0.0,01
OBZ021,23874,2026-04-30 11:14:01.240,OBZ021,23874,2026-04-30 11:14:01.240,OB202605013,XVE1,21831,0.0,01
OBZ021,23874,2026-04-30 11:14:01.240,OBZ021,23874,2026-04-30 11:14:01.240,OB202605013,XVE1,21648,0.0,01
OBZ021,23874,2026-04-30 11:14:01.240,OBZ021,23874,2026-04-30 11:14:01.240,OB202605013,XVE1,21647,0.0,01
OBZ021,23874,2026-04-30 11:14:01.240,OBZ021,23874,2026-04-30 11:14:01.240,OB202605013,XVE1,21575,0.0,01
OBZ021,23874,2026-04-30 11:14:01.240,OBZ021,23874,2026-04-30 11:14:01.240,OB202605013,XVE1,21408,0.0,01
OBZ021,23874,2026-04-30 11:14:01.240,OBZ021,23874,2026-04-30 11:14:01.240,OB202605013,XVE1,21327,0.0,01
OBZ021,23874,2026-04-30 11:14:01.240,OBZ021,23874,2026-04-30 11:14:01.240,OB202605013,XVE1,21291,0.0,01
OBZ021,23874,2026-04-30 11:14:01.240,OBZ021,23874,2026-04-30 11:14:01.240,OB202605013,XVE1,21208,0.0,01
OBZ021,23874,2026-04-30 11:14:01.240,OBZ021,23874,2026-04-30 11:14:01.240,OB202605013,XVE1,20981,0.0,01
OBZ021,23874,2026-04-30 11:14:01.240,OBZ021,23874,2026-04-30 11:14:01.240,OB202605013,XVE1,20938,0.0,01
OBZ021,23874,2026-04-30 11:14:01.240,OBZ021,23874,2026-04-30 11:14:01.240,OB202605013,XVE1,20873,0.0,01
OBZ021,23874,2026-04-30 11:14:01.240,OBZ021,23874,2026-04-30 11:14:01.240,OB202605013,XVE1,20777,0.0,01
OBZ021,23874,2026-04-30 11:14:01.240,OBZ021,23874,2026-04-30 11:14:01.240,OB202605013,XVE1,20742,0.0,01
OBZ021,23874,2026-04-30 11:14:01.240,OBZ021,23874,2026-04-30 11:14:01.240,OB202605013,XVE1,20629,0.0,01
OBZ021,23874,2026-04-30 11:13:48.980,OBZ021,23874,2026-04-30 11:13:48.980,OB202605012,XVE4,22961,0.0,01
OBZ021,23874,2026-04-30 11:13:48.980,OBZ021,23874,2026-04-30 11:13:48.980,OB202605012,XVE4,22350,0.0,01
OBZ021,23874,2026-04-30 11:13:48.980,OBZ021,23874,2026-04-30 11:13:48.980,OB202605012,XVE4,22304,0.0,01
OBZ021,23874,2026-04-30 11:13:48.980,OBZ021,23874,2026-04-30 11:13:48.980,OB202605012,XVE4,22291,0.0,01
OBZ021,23874,2026-04-30 11:13:48.980,OBZ021,23874,2026-04-30 11:13:48.980,OB202605012,XVE4,22290,0.0,01
OBZ021,23874,2026-04-30 11:13:48.980,OBZ021,23874,2026-04-30 11:13:48.980,OB202605012,XVE4,22287,0.0,01
OBZ021,23874,2026-04-30 11:13:48.980,OBZ021,23874,2026-04-30 11:13:48.980,OB202605012,XVE4,22286,0.0,01
OBZ021,23874,2026-04-30 11:13:48.980,OBZ021,23874,2026-04-30 11:13:48.980,OB202605012,XVE4,22282,0.0,01
OBZ021,23874,2026-04-30 11:13:48.980,OBZ021,23874,2026-04-30 11:13:48.980,OB202605012,XVE4,22272,0.0,01
OBZ021,23874,2026-04-30 11:13:48.980,OBZ021,23874,2026-04-30 11:13:48.980,OB202605012,XVE4,22162,0.0,01
OBZ021,23874,2026-04-30 11:13:48.980,OBZ021,23874,2026-04-30 11:13:48.980,OB202605012,XVE4,22159,0.0,01
OBZ021,23874,2026-04-30 11:13:48.980,OBZ021,23874,2026-04-30 11:13:48.980,OB202605012,XVE4,21557,0.0,01
OBZ021,23874,2026-04-30 11:13:48.980,OBZ021,23874,2026-04-30 11:13:48.980,OB202605012,XVE4,20501,100.0,01
OBZ021,23874,2026-04-30 11:13:48.980,OBZ021,23874,2026-04-30 11:13:48.980,OB202605012,XVE3,23841,0.0,01
OBZ021,23874,2026-04-30 11:13:48.980,OBZ021,23874,2026-04-30 11:13:48.980,OB202605012,XVE3,23747,0.0,01
OBZ021,23874,2026-04-30 11:13:48.980,OBZ021,23874,2026-04-30 11:13:48.980,OB202605012,XVE3,23701,0.0,01
OBZ021,23874,2026-04-30 11:13:48.980,OBZ021,23874,2026-04-30 11:13:48.980,OB202605012,XVE3,23165,0.0,01
OBZ021,23874,2026-04-30 11:13:48.980,OBZ021,23874,2026-04-30 11:13:48.980,OB202605012,XVE3,22622,0.0,01
OBZ021,23874,2026-04-30 11:13:48.980,OBZ021,23874,2026-04-30 11:13:48.980,OB202605012,XVE3,22593,0.0,01
OBZ021,23874,2026-04-30 11:13:48.980,OBZ021,23874,2026-04-30 11:13:48.980,OB202605012,XVE3,22499,0.0,01
OBZ021,23874,2026-04-30 11:13:48.980,OBZ021,23874,2026-04-30 11:13:48.980,OB202605012,XVE3,21953,0.0,01
OBZ021,23874,2026-04-30 11:13:48.980,OBZ021,23874,2026-04-30 11:13:48.980,OB202605012,XVE3,21838,0.0,01
OBZ021,23874,2026-04-30 11:13:48.980,OBZ021,23874,2026-04-30 11:13:48.980,OB202605012,XVE3,21730,0.0,01
OBZ021,23874,2026-04-30 11:13:48.980,OBZ021,23874,2026-04-30 11:13:48.980,OB202605012,XVE3,20765,0.0,01
OBZ021,23874,2026-04-30 11:13:48.980,OBZ021,23874,2026-04-30 11:13:48.980,OB202605012,XVE3,20190,100.0,01
OBZ021,23874,2026-04-30 11:13:48.980,OBZ021,23874,2026-04-30 11:13:48.980,OB202605012,XVE2,23906,0.0,01
OBZ021,23874,2026-04-30 11:13:48.980,OBZ021,23874,2026-04-30 11:13:48.980,OB202605012,XVE2,23835,0.0,01
OBZ021,23874,2026-04-30 11:13:48.980,OBZ021,23874,2026-04-30 11:13:48.980,OB202605012,XVE2,23821,0.0,01
OBZ021,23874,2026-04-30 11:13:48.980,OBZ021,23874,2026-04-30 11:13:48.980,OB202605012,XVE2,23757,0.0,01
OBZ021,23874,2026-04-30 11:13:48.980,OBZ021,23874,2026-04-30 11:13:48.980,OB202605012,XVE2,23746,0.0,01
OBZ021,23874,2026-04-30 11:13:48.980,OBZ021,23874,2026-04-30 11:13:48.980,OB202605012,XVE2,23724,0.0,01
OBZ021,23874,2026-04-30 11:13:48.980,OBZ021,23874,2026-04-30 11:13:48.980,OB202605012,XVE2,23689,0.0,01
OBZ021,23874,2026-04-30 11:13:48.980,OBZ021,23874,2026-04-30 11:13:48.980,OB202605012,XVE2,23263,0.0,01
OBZ021,23874,2026-04-30 11:13:48.980,OBZ021,23874,2026-04-30 11:13:48.980,OB202605012,XVE2,22737,0.0,01
OBZ021,23874,2026-04-30 11:13:48.980,OBZ021,23874,2026-04-30 11:13:48.980,OB202605012,XVE2,22736,0.0,01
OBZ021,23874,2026-04-30 11:13:48.980,OBZ021,23874,2026-04-30 11:13:48.980,OB202605012,XVE2,22592,0.0,01
OBZ021,23874,2026-04-30 11:13:48.980,OBZ021,23874,2026-04-30 11:13:48.980,OB202605012,XVE2,22559,0.0,01
OBZ021,23874,2026-04-30 11:13:48.980,OBZ021,23874,2026-04-30 11:13:48.980,OB202605012,XVE2,22520,0.0,01
OBZ021,23874,2026-04-30 11:13:48.980,OBZ021,23874,2026-04-30 11:13:48.980,OB202605012,XVE2,22512,0.0,01
OBZ021,23874,2026-04-30 11:13:48.980,OBZ021,23874,2026-04-30 11:13:48.980,OB202605012,XVE2,22411,0.0,01
OBZ021,23874,2026-04-30 11:13:48.980,OBZ021,23874,2026-04-30 11:13:48.980,OB202605012,XVE2,22395,0.0,01
OBZ021,23874,2026-04-30 11:13:48.980,OBZ021,23874,2026-04-30 11:13:48.980,OB202605012,XVE2,22278,0.0,01
OBZ021,23874,2026-04-30 11:13:48.980,OBZ021,23874,2026-04-30 11:13:48.980,OB202605012,XVE2,22274,0.0,01
OBZ021,23874,2026-04-30 11:13:48.980,OBZ021,23874,2026-04-30 11:13:48.980,OB202605012,XVE2,22273,0.0,01
OBZ021,23874,2026-04-30 11:13:48.980,OBZ021,23874,2026-04-30 11:13:48.980,OB202605012,XVE2,22163,0.0,01
OBZ021,23874,2026-04-30 11:13:48.980,OBZ021,23874,2026-04-30 11:13:48.980,OB202605012,XVE2,21957,0.0,01
OBZ021,23874,2026-04-30 11:13:48.980,OBZ021,23874,2026-04-30 11:13:48.980,OB202605012,XVE2,21731,0.0,01
OBZ021,23874,2026-04-30 11:13:48.980,OBZ021,23874,2026-04-30 11:13:48.980,OB202605012,XVE2,21581,0.0,01
OBZ021,23874,2026-04-30 11:13:48.980,OBZ021,23874,2026-04-30 11:13:48.980,OB202605012,XVE2,21523,0.0,01
OBZ021,23874,2026-04-30 11:13:48.980,OBZ021,23874,2026-04-30 11:13:48.980,OB202605012,XVE2,21466,0.0,01
OBZ021,23874,2026-04-30 11:13:48.980,OBZ021,23874,2026-04-30 11:13:48.980,OB202605012,XVE2,20885,0.0,01
OBZ021,23874,2026-04-30 11:13:48.980,OBZ021,23874,2026-04-30 11:13:48.980,OB202605012,XVE2,20442,100.0,01
OBZ021,23874,2026-04-30 11:13:48.980,OBZ021,23874,2026-04-30 11:13:48.980,OB202605012,XVE1,23905,0.0,01
OBZ021,23874,2026-04-30 11:13:48.980,OBZ021,23874,2026-04-30 11:13:48.980,OB202605012,XVE1,23301,0.0,01
OBZ021,23874,2026-04-30 11:13:48.980,OBZ021,23874,2026-04-30 11:13:48.980,OB202605012,XVE1,23254,0.0,01
OBZ021,23874,2026-04-30 11:13:48.980,OBZ021,23874,2026-04-30 11:13:48.980,OB202605012,XVE1,23166,0.0,01
OBZ021,23874,2026-04-30 11:13:48.980,OBZ021,23874,2026-04-30 11:13:48.980,OB202605012,XVE1,23066,0.0,01
OBZ021,23874,2026-04-30 11:13:48.980,OBZ021,23874,2026-04-30 11:13:48.980,OB202605012,XVE1,22978,100.0,01
OBZ021,23874,2026-04-30 11:13:48.980,OBZ021,23874,2026-04-30 11:13:48.980,OB202605012,XVE1,22802,0.0,01
OBZ021,23874,2026-04-30 11:13:48.980,OBZ021,23874,2026-04-30 11:13:48.980,OB202605012,XVE1,22603,0.0,01
OBZ021,23874,2026-04-30 11:13:48.980,OBZ021,23874,2026-04-30 11:13:48.980,OB202605012,XVE1,22511,0.0,01
OBZ021,23874,2026-04-30 11:13:48.980,OBZ021,23874,2026-04-30 11:13:48.980,OB202605012,XVE1,22315,0.0,01
OBZ021,23874,2026-04-30 11:13:48.980,OBZ021,23874,2026-04-30 11:13:48.980,OB202605012,XVE1,22254,0.0,01
OBZ021,23874,2026-04-30 11:13:48.980,OBZ021,23874,2026-04-30 11:13:48.980,OB202605012,XVE1,22157,0.0,01
OBZ021,23874,2026-04-30 11:13:48.980,OBZ021,23874,2026-04-30 11:13:48.980,OB202605012,XVE1,22049,0.0,01
OBZ021,23874,2026-04-30 11:13:48.980,OBZ021,23874,2026-04-30 11:13:48.980,OB202605012,XVE1,22039,0.0,01
OBZ021,23874,2026-04-30 11:13:48.980,OBZ021,23874,2026-04-30 11:13:48.980,OB202605012,XVE1,21831,0.0,01
OBZ021,23874,2026-04-30 11:13:48.980,OBZ021,23874,2026-04-30 11:13:48.980,OB202605012,XVE1,21648,0.0,01
OBZ021,23874,2026-04-30 11:13:48.980,OBZ021,23874,2026-04-30 11:13:48.980,OB202605012,XVE1,21647,0.0,01
OBZ021,23874,2026-04-30 11:13:48.980,OBZ021,23874,2026-04-30 11:13:48.980,OB202605012,XVE1,21575,0.0,01
OBZ021,23874,2026-04-30 11:13:48.980,OBZ021,23874,2026-04-30 11:13:48.980,OB202605012,XVE1,21408,0.0,01
OBZ021,23874,2026-04-30 11:13:48.980,OBZ021,23874,2026-04-30 11:13:48.980,OB202605012,XVE1,21327,0.0,01
OBZ021,23874,2026-04-30 11:13:48.980,OBZ021,23874,2026-04-30 11:13:48.980,OB202605012,XVE1,21291,0.0,01
OBZ021,23874,2026-04-30 11:13:48.980,OBZ021,23874,2026-04-30 11:13:48.980,OB202605012,XVE1,21208,0.0,01
OBZ021,23874,2026-04-30 11:13:48.980,OBZ021,23874,2026-04-30 11:13:48.980,OB202605012,XVE1,20981,0.0,01
OBZ021,23874,2026-04-30 11:13:48.980,OBZ021,23874,2026-04-30 11:13:48.980,OB202605012,XVE1,20938,0.0,01
OBZ021,23874,2026-04-30 11:13:48.980,OBZ021,23874,2026-04-30 11:13:48.980,OB202605012,XVE1,20873,0.0,01
OBZ021,23874,2026-04-30 11:13:48.980,OBZ021,23874,2026-04-30 11:13:48.980,OB202605012,XVE1,20777,0.0,01
OBZ021,23874,2026-04-30 11:13:48.980,OBZ021,23874,2026-04-30 11:13:48.980,OB202605012,XVE1,20742,0.0,01
OBZ021,23874,2026-04-30 11:13:48.980,OBZ021,23874,2026-04-30 11:13:48.980,OB202605012,XVE1,20629,0.0,01
OBZ021,23770,2026-04-29 15:21:47.597,OBZ021,23770,2026-04-29 15:21:47.597,OB202605010,XVE4,22961,0.0,03
OBZ021,23770,2026-04-29 15:21:47.597,OBZ021,23770,2026-04-29 15:21:47.597,OB202605010,XVE4,22350,0.0,03
OBZ021,23770,2026-04-29 15:21:47.597,OBZ021,23770,2026-04-29 15:21:47.597,OB202605010,XVE4,22304,0.0,03
OBZ021,23770,2026-04-29 15:21:47.597,OBZ021,23770,2026-04-29 15:21:47.597,OB202605010,XVE4,22291,0.0,03
OBZ021,23770,2026-04-29 15:21:47.597,OBZ021,23770,2026-04-29 15:21:47.597,OB202605010,XVE4,22290,0.0,03
OBZ021,23770,2026-04-29 15:21:47.597,OBZ021,23770,2026-04-29 15:21:47.597,OB202605010,XVE4,22287,0.0,03
OBZ021,23770,2026-04-29 15:21:47.597,OBZ021,23770,2026-04-29 15:21:47.597,OB202605010,XVE4,22286,0.0,03
OBZ021,23770,2026-04-29 15:21:47.597,OBZ021,23770,2026-04-29 15:21:47.597,OB202605010,XVE4,22282,0.0,03
OBZ021,23770,2026-04-29 15:21:47.597,OBZ021,23770,2026-04-29 15:21:47.597,OB202605010,XVE4,22272,62.5,03
OBZ021,23770,2026-04-29 15:21:47.597,OBZ021,23770,2026-04-29 15:21:47.597,OB202605010,XVE4,22162,0.0,03
OBZ021,23770,2026-04-29 15:21:47.597,OBZ021,23770,2026-04-29 15:21:47.597,OB202605010,XVE4,22159,0.0,03
OBZ021,23770,2026-04-29 15:21:47.597,OBZ021,23770,2026-04-29 15:21:47.597,OB202605010,XVE4,21557,0.0,03
OBZ021,23770,2026-04-29 15:21:47.597,OBZ021,23770,2026-04-29 15:21:47.597,OB202605010,XVE4,20501,37.5,03
OBZ021,23770,2026-04-29 15:21:47.597,OBZ021,23770,2026-04-29 15:21:47.597,OB202605010,XVE3,23841,0.0,03
OBZ021,23770,2026-04-29 15:21:47.597,OBZ021,23770,2026-04-29 15:21:47.597,OB202605010,XVE3,23747,0.0,03
OBZ021,23770,2026-04-29 15:21:47.597,OBZ021,23770,2026-04-29 15:21:47.597,OB202605010,XVE3,23701,0.0,03
OBZ021,23770,2026-04-29 15:21:47.597,OBZ021,23770,2026-04-29 15:21:47.597,OB202605010,XVE3,23165,0.0,03
OBZ021,23770,2026-04-29 15:21:47.597,OBZ021,23770,2026-04-29 15:21:47.597,OB202605010,XVE3,22622,0.0,03
OBZ021,23770,2026-04-29 15:21:47.597,OBZ021,23770,2026-04-29 15:21:47.597,OB202605010,XVE3,22593,0.0,03
OBZ021,23770,2026-04-29 15:21:47.597,OBZ021,23770,2026-04-29 15:21:47.597,OB202605010,XVE3,22499,0.0,03
OBZ021,23770,2026-04-29 15:21:47.597,OBZ021,23770,2026-04-29 15:21:47.597,OB202605010,XVE3,21953,0.0,03
OBZ021,23770,2026-04-29 15:21:47.597,OBZ021,23770,2026-04-29 15:21:47.597,OB202605010,XVE3,21838,0.0,03
OBZ021,23770,2026-04-29 15:21:47.597,OBZ021,23770,2026-04-29 15:21:47.597,OB202605010,XVE3,21730,0.0,03
OBZ021,23770,2026-04-29 15:21:47.597,OBZ021,23770,2026-04-29 15:21:47.597,OB202605010,XVE3,20765,0.0,03
OBZ021,23770,2026-04-29 15:21:47.597,OBZ021,23770,2026-04-29 15:21:47.597,OB202605010,XVE3,20190,100.0,03
OBZ021,23770,2026-04-29 15:21:47.597,OBZ021,23770,2026-04-29 15:21:47.597,OB202605010,XVE2,23906,0.0,03
OBZ021,23770,2026-04-29 15:21:47.597,OBZ021,23770,2026-04-29 15:21:47.597,OB202605010,XVE2,23835,0.0,03
OBZ021,23770,2026-04-29 15:21:47.597,OBZ021,23770,2026-04-29 15:21:47.597,OB202605010,XVE2,23821,50.0,03
OBZ021,23770,2026-04-29 15:21:47.597,OBZ021,23770,2026-04-29 15:21:47.597,OB202605010,XVE2,23757,0.0,03
OBZ021,23770,2026-04-29 15:21:47.597,OBZ021,23770,2026-04-29 15:21:47.597,OB202605010,XVE2,23746,50.0,03
OBZ021,23770,2026-04-29 15:21:47.597,OBZ021,23770,2026-04-29 15:21:47.597,OB202605010,XVE2,23724,0.0,03
OBZ021,23770,2026-04-29 15:21:47.597,OBZ021,23770,2026-04-29 15:21:47.597,OB202605010,XVE2,23689,0.0,03
OBZ021,23770,2026-04-29 15:21:47.597,OBZ021,23770,2026-04-29 15:21:47.597,OB202605010,XVE2,23263,0.0,03
OBZ021,23770,2026-04-29 15:21:47.597,OBZ021,23770,2026-04-29 15:21:47.597,OB202605010,XVE2,22737,0.0,03
OBZ021,23770,2026-04-29 15:21:47.597,OBZ021,23770,2026-04-29 15:21:47.597,OB202605010,XVE2,22736,0.0,03
OBZ021,23770,2026-04-29 15:21:47.597,OBZ021,23770,2026-04-29 15:21:47.597,OB202605010,XVE2,22592,0.0,03
OBZ021,23770,2026-04-29 15:21:47.597,OBZ021,23770,2026-04-29 15:21:47.597,OB202605010,XVE2,22559,0.0,03
OBZ021,23770,2026-04-29 15:21:47.597,OBZ021,23770,2026-04-29 15:21:47.597,OB202605010,XVE2,22520,0.0,03
OBZ021,23770,2026-04-29 15:21:47.597,OBZ021,23770,2026-04-29 15:21:47.597,OB202605010,XVE2,22512,0.0,03
OBZ021,23770,2026-04-29 15:21:47.597,OBZ021,23770,2026-04-29 15:21:47.597,OB202605010,XVE2,22411,0.0,03
OBZ021,23770,2026-04-29 15:21:47.597,OBZ021,23770,2026-04-29 15:21:47.597,OB202605010,XVE2,22395,0.0,03
OBZ021,23770,2026-04-29 15:21:47.597,OBZ021,23770,2026-04-29 15:21:47.597,OB202605010,XVE2,22278,0.0,03
OBZ021,23770,2026-04-29 15:21:47.597,OBZ021,23770,2026-04-29 15:21:47.597,OB202605010,XVE2,22274,0.0,03
OBZ021,23770,2026-04-29 15:21:47.597,OBZ021,23770,2026-04-29 15:21:47.597,OB202605010,XVE2,22273,0.0,03
OBZ021,23770,2026-04-29 15:21:47.597,OBZ021,23770,2026-04-29 15:21:47.597,OB202605010,XVE2,22163,0.0,03
OBZ021,23770,2026-04-29 15:21:47.597,OBZ021,23770,2026-04-29 15:21:47.597,OB202605010,XVE2,21957,0.0,03
OBZ021,23770,2026-04-29 15:21:47.597,OBZ021,23770,2026-04-29 15:21:47.597,OB202605010,XVE2,21731,0.0,03
OBZ021,23770,2026-04-29 15:21:47.597,OBZ021,23770,2026-04-29 15:21:47.597,OB202605010,XVE2,21581,0.0,03
OBZ021,23770,2026-04-29 15:21:47.597,OBZ021,23770,2026-04-29 15:21:47.597,OB202605010,XVE2,21523,0.0,03
OBZ021,23770,2026-04-29 15:21:47.597,OBZ021,23770,2026-04-29 15:21:47.597,OB202605010,XVE2,21466,0.0,03
OBZ021,23770,2026-04-29 15:21:47.597,OBZ021,23770,2026-04-29 15:21:47.597,OB202605010,XVE2,20885,0.0,03
OBZ021,23770,2026-04-29 15:21:47.597,OBZ021,23770,2026-04-29 15:21:47.597,OB202605010,XVE2,20442,0.0,03
OBZ021,23770,2026-04-29 15:21:47.597,OBZ021,23770,2026-04-29 15:21:47.597,OB202605010,XVE1,23905,0.0,03
OBZ021,23770,2026-04-29 15:21:47.597,OBZ021,23770,2026-04-29 15:21:47.597,OB202605010,XVE1,23301,0.0,03
OBZ021,23770,2026-04-29 15:21:47.597,OBZ021,23770,2026-04-29 15:21:47.597,OB202605010,XVE1,23254,0.0,03
OBZ021,23770,2026-04-29 15:21:47.597,OBZ021,23770,2026-04-29 15:21:47.597,OB202605010,XVE1,23166,0.0,03
OBZ021,23770,2026-04-29 15:21:47.597,OBZ021,23770,2026-04-29 15:21:47.597,OB202605010,XVE1,23066,34.9,03
OBZ021,23770,2026-04-29 15:21:47.597,OBZ021,23770,2026-04-29 15:21:47.597,OB202605010,XVE1,22978,30.2,03
OBZ021,23770,2026-04-29 15:21:47.597,OBZ021,23770,2026-04-29 15:21:47.597,OB202605010,XVE1,22802,0.0,03
OBZ021,23770,2026-04-29 15:21:47.597,OBZ021,23770,2026-04-29 15:21:47.597,OB202605010,XVE1,22603,0.0,03
OBZ021,23770,2026-04-29 15:21:47.597,OBZ021,23770,2026-04-29 15:21:47.597,OB202605010,XVE1,22511,0.0,03
OBZ021,23770,2026-04-29 15:21:47.597,OBZ021,23770,2026-04-29 15:21:47.597,OB202605010,XVE1,22315,0.0,03
OBZ021,23770,2026-04-29 15:21:47.597,OBZ021,23770,2026-04-29 15:21:47.597,OB202605010,XVE1,22254,0.0,03
OBZ021,23770,2026-04-29 15:21:47.597,OBZ021,23770,2026-04-29 15:21:47.597,OB202605010,XVE1,22157,0.0,03
OBZ021,23770,2026-04-29 15:21:47.597,OBZ021,23770,2026-04-29 15:21:47.597,OB202605010,XVE1,22049,0.0,03
OBZ021,23770,2026-04-29 15:21:47.597,OBZ021,23770,2026-04-29 15:21:47.597,OB202605010,XVE1,22039,0.0,03
OBZ021,23770,2026-04-29 15:21:47.597,OBZ021,23770,2026-04-29 15:21:47.597,OB202605010,XVE1,21831,0.0,03
OBZ021,23770,2026-04-29 15:21:47.597,OBZ021,23770,2026-04-29 15:21:47.597,OB202605010,XVE1,21648,0.0,03
OBZ021,23770,2026-04-29 15:21:47.597,OBZ021,23770,2026-04-29 15:21:47.597,OB202605010,XVE1,21647,0.0,03
OBZ021,23770,2026-04-29 15:21:47.597,OBZ021,23770,2026-04-29 15:21:47.597,OB202605010,XVE1,21575,0.0,03
OBZ021,23770,2026-04-29 15:21:47.597,OBZ021,23770,2026-04-29 15:21:47.597,OB202605010,XVE1,21408,0.0,03
OBZ021,23770,2026-04-29 15:21:47.597,OBZ021,23770,2026-04-29 15:21:47.597,OB202605010,XVE1,21327,0.0,03
OBZ021,23770,2026-04-29 15:21:47.597,OBZ021,23770,2026-04-29 15:21:47.597,OB202605010,XVE1,21291,0.0,03
OBZ021,23770,2026-04-29 15:21:47.597,OBZ021,23770,2026-04-29 15:21:47.597,OB202605010,XVE1,21208,34.9,03
OBZ021,23770,2026-04-29 15:21:47.597,OBZ021,23770,2026-04-29 15:21:47.597,OB202605010,XVE1,20981,0.0,03
OBZ021,23770,2026-04-29 15:21:47.597,OBZ021,23770,2026-04-29 15:21:47.597,OB202605010,XVE1,20938,0.0,03
OBZ021,23770,2026-04-29 15:21:47.597,OBZ021,23770,2026-04-29 15:21:47.597,OB202605010,XVE1,20873,0.0,03
OBZ021,23770,2026-04-29 15:21:47.597,OBZ021,23770,2026-04-29 15:21:47.597,OB202605010,XVE1,20777,0.0,03
OBZ021,23770,2026-04-29 15:21:47.597,OBZ021,23770,2026-04-29 15:21:47.597,OB202605010,XVE1,20742,0.0,03
OBZ021,23770,2026-04-29 15:21:47.597,OBZ021,23770,2026-04-29 15:21:47.597,OB202605010,XVE1,20629,0.0,03
OBZ021,23770,2026-04-29 15:20:48.977,OBZ021,23770,2026-04-29 15:20:48.977,OB202605008,XVE4,22961,5.8,02
OBZ021,23770,2026-04-29 15:20:48.977,OBZ021,23770,2026-04-29 15:20:48.977,OB202605008,XVE4,22350,5.8,02
OBZ021,23770,2026-04-29 15:20:48.977,OBZ021,23770,2026-04-29 15:20:48.977,OB202605008,XVE4,22304,5.8,02
OBZ021,23770,2026-04-29 15:20:48.977,OBZ021,23770,2026-04-29 15:20:48.977,OB202605008,XVE4,22291,5.8,02
OBZ021,23770,2026-04-29 15:20:48.977,OBZ021,23770,2026-04-29 15:20:48.977,OB202605008,XVE4,22290,5.8,02
OBZ021,23770,2026-04-29 15:20:48.977,OBZ021,23770,2026-04-29 15:20:48.977,OB202605008,XVE4,22287,5.8,02
OBZ021,23770,2026-04-29 15:20:48.977,OBZ021,23770,2026-04-29 15:20:48.977,OB202605008,XVE4,22286,5.8,02
OBZ021,23770,2026-04-29 15:20:48.977,OBZ021,23770,2026-04-29 15:20:48.977,OB202605008,XVE4,22282,5.8,02
OBZ021,23770,2026-04-29 15:20:48.977,OBZ021,23770,2026-04-29 15:20:48.977,OB202605008,XVE4,22272,28.8,02
OBZ021,23770,2026-04-29 15:20:48.977,OBZ021,23770,2026-04-29 15:20:48.977,OB202605008,XVE4,22162,0.0,02
OBZ021,23770,2026-04-29 15:20:48.977,OBZ021,23770,2026-04-29 15:20:48.977,OB202605008,XVE4,22159,5.8,02
OBZ021,23770,2026-04-29 15:20:48.977,OBZ021,23770,2026-04-29 15:20:48.977,OB202605008,XVE4,21557,0.0,02
OBZ021,23770,2026-04-29 15:20:48.977,OBZ021,23770,2026-04-29 15:20:48.977,OB202605008,XVE4,20501,19.0,02
OBZ021,23770,2026-04-29 15:20:48.977,OBZ021,23770,2026-04-29 15:20:48.977,OB202605008,XVE3,23841,0.0,02
OBZ021,23770,2026-04-29 15:20:48.977,OBZ021,23770,2026-04-29 15:20:48.977,OB202605008,XVE3,23747,0.0,02
OBZ021,23770,2026-04-29 15:20:48.977,OBZ021,23770,2026-04-29 15:20:48.977,OB202605008,XVE3,23701,0.0,02
OBZ021,23770,2026-04-29 15:20:48.977,OBZ021,23770,2026-04-29 15:20:48.977,OB202605008,XVE3,23165,0.0,02
OBZ021,23770,2026-04-29 15:20:48.977,OBZ021,23770,2026-04-29 15:20:48.977,OB202605008,XVE3,22622,0.0,02
OBZ021,23770,2026-04-29 15:20:48.977,OBZ021,23770,2026-04-29 15:20:48.977,OB202605008,XVE3,22593,0.0,02
OBZ021,23770,2026-04-29 15:20:48.977,OBZ021,23770,2026-04-29 15:20:48.977,OB202605008,XVE3,22499,0.0,02
OBZ021,23770,2026-04-29 15:20:48.977,OBZ021,23770,2026-04-29 15:20:48.977,OB202605008,XVE3,21953,0.0,02
OBZ021,23770,2026-04-29 15:20:48.977,OBZ021,23770,2026-04-29 15:20:48.977,OB202605008,XVE3,21838,0.0,02
OBZ021,23770,2026-04-29 15:20:48.977,OBZ021,23770,2026-04-29 15:20:48.977,OB202605008,XVE3,21730,0.0,02
OBZ021,23770,2026-04-29 15:20:48.977,OBZ021,23770,2026-04-29 15:20:48.977,OB202605008,XVE3,20765,0.0,02
OBZ021,23770,2026-04-29 15:20:48.977,OBZ021,23770,2026-04-29 15:20:48.977,OB202605008,XVE3,20190,100.0,02
OBZ021,23770,2026-04-29 15:20:48.977,OBZ021,23770,2026-04-29 15:20:48.977,OB202605008,XVE2,23906,2.4,02
OBZ021,23770,2026-04-29 15:20:48.977,OBZ021,23770,2026-04-29 15:20:48.977,OB202605008,XVE2,23835,2.4,02
OBZ021,23770,2026-04-29 15:20:48.977,OBZ021,23770,2026-04-29 15:20:48.977,OB202605008,XVE2,23821,18.5,02
OBZ021,23770,2026-04-29 15:20:48.977,OBZ021,23770,2026-04-29 15:20:48.977,OB202605008,XVE2,23757,2.4,02
OBZ021,23770,2026-04-29 15:20:48.977,OBZ021,23770,2026-04-29 15:20:48.977,OB202605008,XVE2,23746,18.5,02
OBZ021,23770,2026-04-29 15:20:48.977,OBZ021,23770,2026-04-29 15:20:48.977,OB202605008,XVE2,23724,2.4,02
OBZ021,23770,2026-04-29 15:20:48.977,OBZ021,23770,2026-04-29 15:20:48.977,OB202605008,XVE2,23689,4.9,02
OBZ021,23770,2026-04-29 15:20:48.977,OBZ021,23770,2026-04-29 15:20:48.977,OB202605008,XVE2,23263,3.7,02
OBZ021,23770,2026-04-29 15:20:48.977,OBZ021,23770,2026-04-29 15:20:48.977,OB202605008,XVE2,22737,2.4,02
OBZ021,23770,2026-04-29 15:20:48.977,OBZ021,23770,2026-04-29 15:20:48.977,OB202605008,XVE2,22736,3.7,02
OBZ021,23770,2026-04-29 15:20:48.977,OBZ021,23770,2026-04-29 15:20:48.977,OB202605008,XVE2,22592,2.4,02
OBZ021,23770,2026-04-29 15:20:48.977,OBZ021,23770,2026-04-29 15:20:48.977,OB202605008,XVE2,22559,2.4,02
OBZ021,23770,2026-04-29 15:20:48.977,OBZ021,23770,2026-04-29 15:20:48.977,OB202605008,XVE2,22520,2.4,02
OBZ021,23770,2026-04-29 15:20:48.977,OBZ021,23770,2026-04-29 15:20:48.977,OB202605008,XVE2,22512,2.4,02
OBZ021,23770,2026-04-29 15:20:48.977,OBZ021,23770,2026-04-29 15:20:48.977,OB202605008,XVE2,22411,3.7,02
OBZ021,23770,2026-04-29 15:20:48.977,OBZ021,23770,2026-04-29 15:20:48.977,OB202605008,XVE2,22395,2.4,02
OBZ021,23770,2026-04-29 15:20:48.977,OBZ021,23770,2026-04-29 15:20:48.977,OB202605008,XVE2,22278,2.4,02
OBZ021,23770,2026-04-29 15:20:48.977,OBZ021,23770,2026-04-29 15:20:48.977,OB202605008,XVE2,22274,0.0,02
OBZ021,23770,2026-04-29 15:20:48.977,OBZ021,23770,2026-04-29 15:20:48.977,OB202605008,XVE2,22273,2.4,02
OBZ021,23770,2026-04-29 15:20:48.977,OBZ021,23770,2026-04-29 15:20:48.977,OB202605008,XVE2,22163,2.4,02
OBZ021,23770,2026-04-29 15:20:48.977,OBZ021,23770,2026-04-29 15:20:48.977,OB202605008,XVE2,21957,2.4,02
OBZ021,23770,2026-04-29 15:20:48.977,OBZ021,23770,2026-04-29 15:20:48.977,OB202605008,XVE2,21731,2.4,02
OBZ021,23770,2026-04-29 15:20:48.977,OBZ021,23770,2026-04-29 15:20:48.977,OB202605008,XVE2,21581,4.9,02
OBZ021,23770,2026-04-29 15:20:48.977,OBZ021,23770,2026-04-29 15:20:48.977,OB202605008,XVE2,21523,3.7,02
OBZ021,23770,2026-04-29 15:20:48.977,OBZ021,23770,2026-04-29 15:20:48.977,OB202605008,XVE2,21466,0.0,02
OBZ021,23770,2026-04-29 15:20:48.977,OBZ021,23770,2026-04-29 15:20:48.977,OB202605008,XVE2,20885,2.4,02
OBZ021,23770,2026-04-29 15:20:48.977,OBZ021,23770,2026-04-29 15:20:48.977,OB202605008,XVE2,20442,0.0,02
OBZ021,23770,2026-04-29 15:20:48.977,OBZ021,23770,2026-04-29 15:20:48.977,OB202605008,XVE1,23905,3.3,02
OBZ021,23770,2026-04-29 15:20:48.977,OBZ021,23770,2026-04-29 15:20:48.977,OB202605008,XVE1,23301,0.0,02
OBZ021,23770,2026-04-29 15:20:48.977,OBZ021,23770,2026-04-29 15:20:48.977,OB202605008,XVE1,23254,3.3,02
OBZ021,23770,2026-04-29 15:20:48.977,OBZ021,23770,2026-04-29 15:20:48.977,OB202605008,XVE1,23166,3.3,02
OBZ021,23770,2026-04-29 15:20:48.977,OBZ021,23770,2026-04-29 15:20:48.977,OB202605008,XVE1,23066,25.0,02
OBZ021,23770,2026-04-29 15:20:48.977,OBZ021,23770,2026-04-29 15:20:48.977,OB202605008,XVE1,22978,16.9,02
OBZ021,23770,2026-04-29 15:20:48.977,OBZ021,23770,2026-04-29 15:20:48.977,OB202605008,XVE1,22802,0.0,02
OBZ021,23770,2026-04-29 15:20:48.977,OBZ021,23770,2026-04-29 15:20:48.977,OB202605008,XVE1,22603,0.0,02
OBZ021,23770,2026-04-29 15:20:48.977,OBZ021,23770,2026-04-29 15:20:48.977,OB202605008,XVE1,22511,3.3,02
OBZ021,23770,2026-04-29 15:20:48.977,OBZ021,23770,2026-04-29 15:20:48.977,OB202605008,XVE1,22315,3.3,02
OBZ021,23770,2026-04-29 15:20:48.977,OBZ021,23770,2026-04-29 15:20:48.977,OB202605008,XVE1,22254,0.0,02
OBZ021,23770,2026-04-29 15:20:48.977,OBZ021,23770,2026-04-29 15:20:48.977,OB202605008,XVE1,22157,3.3,02
OBZ021,23770,2026-04-29 15:20:48.977,OBZ021,23770,2026-04-29 15:20:48.977,OB202605008,XVE1,22049,0.0,02
OBZ021,23770,2026-04-29 15:20:48.977,OBZ021,23770,2026-04-29 15:20:48.977,OB202605008,XVE1,22039,0.0,02
OBZ021,23770,2026-04-29 15:20:48.977,OBZ021,23770,2026-04-29 15:20:48.977,OB202605008,XVE1,21831,3.3,02
OBZ021,23770,2026-04-29 15:20:48.977,OBZ021,23770,2026-04-29 15:20:48.977,OB202605008,XVE1,21648,0.0,02
OBZ021,23770,2026-04-29 15:20:48.977,OBZ021,23770,2026-04-29 15:20:48.977,OB202605008,XVE1,21647,0.0,02
OBZ021,23770,2026-04-29 15:20:48.977,OBZ021,23770,2026-04-29 15:20:48.977,OB202605008,XVE1,21575,3.3,02
OBZ021,23770,2026-04-29 15:20:48.977,OBZ021,23770,2026-04-29 15:20:48.977,OB202605008,XVE1,21408,0.0,02
OBZ021,23770,2026-04-29 15:20:48.977,OBZ021,23770,2026-04-29 15:20:48.977,OB202605008,XVE1,21327,0.0,02
OBZ021,23770,2026-04-29 15:20:48.977,OBZ021,23770,2026-04-29 15:20:48.977,OB202605008,XVE1,21291,6.7,02
OBZ021,23770,2026-04-29 15:20:48.977,OBZ021,23770,2026-04-29 15:20:48.977,OB202605008,XVE1,21208,25.0,02
OBZ021,23770,2026-04-29 15:20:48.977,OBZ021,23770,2026-04-29 15:20:48.977,OB202605008,XVE1,20981,0.0,02
OBZ021,23770,2026-04-29 15:20:48.977,OBZ021,23770,2026-04-29 15:20:48.977,OB202605008,XVE1,20938,0.0,02
OBZ021,23770,2026-04-29 15:20:48.977,OBZ021,23770,2026-04-29 15:20:48.977,OB202605008,XVE1,20873,0.0,02
OBZ021,23770,2026-04-29 15:20:48.977,OBZ021,23770,2026-04-29 15:20:48.977,OB202605008,XVE1,20777,0.0,02
OBZ021,23770,2026-04-29 15:20:48.977,OBZ021,23770,2026-04-29 15:20:48.977,OB202605008,XVE1,20742,0.0,02
OBZ021,23770,2026-04-29 15:20:48.977,OBZ021,23770,2026-04-29 15:20:48.977,OB202605008,XVE1,20629,0.0,02
OBZ021,23770,2026-04-28 13:25:41.947,OBZ021,23770,2026-04-28 13:25:41.947,OB202605001,XVE4,22961,9.5,01
OBZ021,23770,2026-04-28 13:25:41.947,OBZ021,23770,2026-04-28 13:25:41.947,OB202605001,XVE4,22350,7.6,01
OBZ021,23770,2026-04-28 13:25:41.947,OBZ021,23770,2026-04-28 13:25:41.947,OB202605001,XVE4,22304,7.6,01
OBZ021,23770,2026-04-28 13:25:41.947,OBZ021,23770,2026-04-28 13:25:41.947,OB202605001,XVE4,22291,8.6,01
OBZ021,23770,2026-04-28 13:25:41.947,OBZ021,23770,2026-04-28 13:25:41.947,OB202605001,XVE4,22290,8.6,01
OBZ021,23770,2026-04-28 13:25:41.947,OBZ021,23770,2026-04-28 13:25:41.947,OB202605001,XVE4,22287,8.6,01
OBZ021,23770,2026-04-28 13:25:41.947,OBZ021,23770,2026-04-28 13:25:41.947,OB202605001,XVE4,22286,10.5,01
OBZ021,23770,2026-04-28 13:25:41.947,OBZ021,23770,2026-04-28 13:25:41.947,OB202605001,XVE4,22282,8.6,01
OBZ021,23770,2026-04-28 13:25:41.947,OBZ021,23770,2026-04-28 13:25:41.947,OB202605001,XVE4,22272,0.0,01
OBZ021,23770,2026-04-28 13:25:41.947,OBZ021,23770,2026-04-28 13:25:41.947,OB202605001,XVE4,22162,6.7,01
OBZ021,23770,2026-04-28 13:25:41.947,OBZ021,23770,2026-04-28 13:25:41.947,OB202605001,XVE4,22159,9.5,01
OBZ021,23770,2026-04-28 13:25:41.947,OBZ021,23770,2026-04-28 13:25:41.947,OB202605001,XVE4,21557,6.7,01
OBZ021,23770,2026-04-28 13:25:41.947,OBZ021,23770,2026-04-28 13:25:41.947,OB202605001,XVE4,20501,7.5,01
OBZ021,23770,2026-04-28 13:25:41.947,OBZ021,23770,2026-04-28 13:25:41.947,OB202605001,XVE3,23841,9.1,01
OBZ021,23770,2026-04-28 13:25:41.947,OBZ021,23770,2026-04-28 13:25:41.947,OB202605001,XVE3,23747,7.3,01
OBZ021,23770,2026-04-28 13:25:41.947,OBZ021,23770,2026-04-28 13:25:41.947,OB202605001,XVE3,23701,7.3,01
OBZ021,23770,2026-04-28 13:25:41.947,OBZ021,23770,2026-04-28 13:25:41.947,OB202605001,XVE3,23165,9.1,01
OBZ021,23770,2026-04-28 13:25:41.947,OBZ021,23770,2026-04-28 13:25:41.947,OB202605001,XVE3,22622,7.3,01
OBZ021,23770,2026-04-28 13:25:41.947,OBZ021,23770,2026-04-28 13:25:41.947,OB202605001,XVE3,22593,9.1,01
OBZ021,23770,2026-04-28 13:25:41.947,OBZ021,23770,2026-04-28 13:25:41.947,OB202605001,XVE3,22499,9.1,01
OBZ021,23770,2026-04-28 13:25:41.947,OBZ021,23770,2026-04-28 13:25:41.947,OB202605001,XVE3,21953,9.1,01
OBZ021,23770,2026-04-28 13:25:41.947,OBZ021,23770,2026-04-28 13:25:41.947,OB202605001,XVE3,21838,8.2,01
OBZ021,23770,2026-04-28 13:25:41.947,OBZ021,23770,2026-04-28 13:25:41.947,OB202605001,XVE3,21730,8.2,01
OBZ021,23770,2026-04-28 13:25:41.947,OBZ021,23770,2026-04-28 13:25:41.947,OB202605001,XVE3,20765,9.1,01
OBZ021,23770,2026-04-28 13:25:41.947,OBZ021,23770,2026-04-28 13:25:41.947,OB202605001,XVE3,20190,7.1,01
OBZ021,23770,2026-04-28 13:25:41.947,OBZ021,23770,2026-04-28 13:25:41.947,OB202605001,XVE2,23906,3.5,01
OBZ021,23770,2026-04-28 13:25:41.947,OBZ021,23770,2026-04-28 13:25:41.947,OB202605001,XVE2,23835,3.5,01
OBZ021,23770,2026-04-28 13:25:41.947,OBZ021,23770,2026-04-28 13:25:41.947,OB202605001,XVE2,23821,0.0,01
OBZ021,23770,2026-04-28 13:25:41.947,OBZ021,23770,2026-04-28 13:25:41.947,OB202605001,XVE2,23757,3.5,01
OBZ021,23770,2026-04-28 13:25:41.947,OBZ021,23770,2026-04-28 13:25:41.947,OB202605001,XVE2,23746,0.0,01
OBZ021,23770,2026-04-28 13:25:41.947,OBZ021,23770,2026-04-28 13:25:41.947,OB202605001,XVE2,23724,3.5,01
OBZ021,23770,2026-04-28 13:25:41.947,OBZ021,23770,2026-04-28 13:25:41.947,OB202605001,XVE2,23689,3.5,01
OBZ021,23770,2026-04-28 13:25:41.947,OBZ021,23770,2026-04-28 13:25:41.947,OB202605001,XVE2,23263,4.3,01
OBZ021,23770,2026-04-28 13:25:41.947,OBZ021,23770,2026-04-28 13:25:41.947,OB202605001,XVE2,22737,4.3,01
OBZ021,23770,2026-04-28 13:25:41.947,OBZ021,23770,2026-04-28 13:25:41.947,OB202605001,XVE2,22736,4.3,01
OBZ021,23770,2026-04-28 13:25:41.947,OBZ021,23770,2026-04-28 13:25:41.947,OB202605001,XVE2,22592,3.5,01
OBZ021,23770,2026-04-28 13:25:41.947,OBZ021,23770,2026-04-28 13:25:41.947,OB202605001,XVE2,22559,4.7,01
OBZ021,23770,2026-04-28 13:25:41.947,OBZ021,23770,2026-04-28 13:25:41.947,OB202605001,XVE2,22520,3.5,01
OBZ021,23770,2026-04-28 13:25:41.947,OBZ021,23770,2026-04-28 13:25:41.947,OB202605001,XVE2,22512,3.9,01
OBZ021,23770,2026-04-28 13:25:41.947,OBZ021,23770,2026-04-28 13:25:41.947,OB202605001,XVE2,22411,3.9,01
OBZ021,23770,2026-04-28 13:25:41.947,OBZ021,23770,2026-04-28 13:25:41.947,OB202605001,XVE2,22395,3.9,01
OBZ021,23770,2026-04-28 13:25:41.947,OBZ021,23770,2026-04-28 13:25:41.947,OB202605001,XVE2,22278,3.1,01
OBZ021,23770,2026-04-28 13:25:41.947,OBZ021,23770,2026-04-28 13:25:41.947,OB202605001,XVE2,22274,3.1,01
OBZ021,23770,2026-04-28 13:25:41.947,OBZ021,23770,2026-04-28 13:25:41.947,OB202605001,XVE2,22273,3.1,01
OBZ021,23770,2026-04-28 13:25:41.947,OBZ021,23770,2026-04-28 13:25:41.947,OB202605001,XVE2,22163,2.8,01
OBZ021,23770,2026-04-28 13:25:41.947,OBZ021,23770,2026-04-28 13:25:41.947,OB202605001,XVE2,21957,3.9,01
OBZ021,23770,2026-04-28 13:25:41.947,OBZ021,23770,2026-04-28 13:25:41.947,OB202605001,XVE2,21731,3.5,01
OBZ021,23770,2026-04-28 13:25:41.947,OBZ021,23770,2026-04-28 13:25:41.947,OB202605001,XVE2,21581,5.6,01
OBZ021,23770,2026-04-28 13:25:41.947,OBZ021,23770,2026-04-28 13:25:41.947,OB202605001,XVE2,21523,3.5,01
OBZ021,23770,2026-04-28 13:25:41.947,OBZ021,23770,2026-04-28 13:25:41.947,OB202605001,XVE2,21466,3.9,01
OBZ021,23770,2026-04-28 13:25:41.947,OBZ021,23770,2026-04-28 13:25:41.947,OB202605001,XVE2,20885,3.5,01
OBZ021,23770,2026-04-28 13:25:41.947,OBZ021,23770,2026-04-28 13:25:41.947,OB202605001,XVE2,20442,10.2,01
OBZ021,23770,2026-04-28 13:25:41.947,OBZ021,23770,2026-04-28 13:25:41.947,OB202605001,XVE1,23905,3.3,01
OBZ021,23770,2026-04-28 13:25:41.947,OBZ021,23770,2026-04-28 13:25:41.947,OB202605001,XVE1,23301,3.3,01
OBZ021,23770,2026-04-28 13:25:41.947,OBZ021,23770,2026-04-28 13:25:41.947,OB202605001,XVE1,23254,3.3,01
OBZ021,23770,2026-04-28 13:25:41.947,OBZ021,23770,2026-04-28 13:25:41.947,OB202605001,XVE1,23166,4.1,01
OBZ021,23770,2026-04-28 13:25:41.947,OBZ021,23770,2026-04-28 13:25:41.947,OB202605001,XVE1,23066,0.0,01
OBZ021,23770,2026-04-28 13:25:41.947,OBZ021,23770,2026-04-28 13:25:41.947,OB202605001,XVE1,22978,7.2,01
OBZ021,23770,2026-04-28 13:25:41.947,OBZ021,23770,2026-04-28 13:25:41.947,OB202605001,XVE1,22802,3.7,01
OBZ021,23770,2026-04-28 13:25:41.947,OBZ021,23770,2026-04-28 13:25:41.947,OB202605001,XVE1,22603,3.7,01
OBZ021,23770,2026-04-28 13:25:41.947,OBZ021,23770,2026-04-28 13:25:41.947,OB202605001,XVE1,22511,3.3,01
OBZ021,23770,2026-04-28 13:25:41.947,OBZ021,23770,2026-04-28 13:25:41.947,OB202605001,XVE1,22315,3.3,01
OBZ021,23770,2026-04-28 13:25:41.947,OBZ021,23770,2026-04-28 13:25:41.947,OB202605001,XVE1,22254,4.6,01
OBZ021,23770,2026-04-28 13:25:41.947,OBZ021,23770,2026-04-28 13:25:41.947,OB202605001,XVE1,22157,3.3,01
OBZ021,23770,2026-04-28 13:25:41.947,OBZ021,23770,2026-04-28 13:25:41.947,OB202605001,XVE1,22049,3.7,01
OBZ021,23770,2026-04-28 13:25:41.947,OBZ021,23770,2026-04-28 13:25:41.947,OB202605001,XVE1,22039,4.1,01
OBZ021,23770,2026-04-28 13:25:41.947,OBZ021,23770,2026-04-28 13:25:41.947,OB202605001,XVE1,21831,3.3,01
OBZ021,23770,2026-04-28 13:25:41.947,OBZ021,23770,2026-04-28 13:25:41.947,OB202605001,XVE1,21648,3.7,01
OBZ021,23770,2026-04-28 13:25:41.947,OBZ021,23770,2026-04-28 13:25:41.947,OB202605001,XVE1,21647,5.6,01
OBZ021,23770,2026-04-28 13:25:41.947,OBZ021,23770,2026-04-28 13:25:41.947,OB202605001,XVE1,21575,3.3,01
OBZ021,23770,2026-04-28 13:25:41.947,OBZ021,23770,2026-04-28 13:25:41.947,OB202605001,XVE1,21408,4.6,01
OBZ021,23770,2026-04-28 13:25:41.947,OBZ021,23770,2026-04-28 13:25:41.947,OB202605001,XVE1,21327,4.1,01
OBZ021,23770,2026-04-28 13:25:41.947,OBZ021,23770,2026-04-28 13:25:41.947,OB202605001,XVE1,21291,3.3,01
OBZ021,23770,2026-04-28 13:25:41.947,OBZ021,23770,2026-04-28 13:25:41.947,OB202605001,XVE1,21208,0.0,01
OBZ021,23770,2026-04-28 13:25:41.947,OBZ021,23770,2026-04-28 13:25:41.947,OB202605001,XVE1,20981,4.1,01
OBZ021,23770,2026-04-28 13:25:41.947,OBZ021,23770,2026-04-28 13:25:41.947,OB202605001,XVE1,20938,3.7,01
OBZ021,23770,2026-04-28 13:25:41.947,OBZ021,23770,2026-04-28 13:25:41.947,OB202605001,XVE1,20873,5.6,01
OBZ021,23770,2026-04-28 13:25:41.947,OBZ021,23770,2026-04-28 13:25:41.947,OB202605001,XVE1,20777,3.7,01
OBZ021,23770,2026-04-28 13:25:41.947,OBZ021,23770,2026-04-28 13:25:41.947,OB202605001,XVE1,20742,4.1,01
OBZ021,23770,2026-04-28 13:25:41.947,OBZ021,23770,2026-04-28 13:25:41.947,OB202605001,XVE1,20629,0.0,01
OBZ021,23770,2026-03-25 11:12:11.787,OBZ021,23770,2026-03-25 11:12:11.787,OB202604008,XVE4,23916,5.8,02
OBZ021,23770,2026-03-25 11:12:11.787,OBZ021,23770,2026-03-25 11:12:11.787,OB202604008,XVE4,22961,8.3,02
OBZ021,23770,2026-03-25 11:12:11.787,OBZ021,23770,2026-03-25 11:12:11.787,OB202604008,XVE4,22350,6.7,02
OBZ021,23770,2026-03-25 11:12:11.787,OBZ021,23770,2026-03-25 11:12:11.787,OB202604008,XVE4,22304,6.7,02
OBZ021,23770,2026-03-25 11:12:11.787,OBZ021,23770,2026-03-25 11:12:11.787,OB202604008,XVE4,22291,7.5,02
OBZ021,23770,2026-03-25 11:12:11.787,OBZ021,23770,2026-03-25 11:12:11.787,OB202604008,XVE4,22290,7.5,02
OBZ021,23770,2026-03-25 11:12:11.787,OBZ021,23770,2026-03-25 11:12:11.787,OB202604008,XVE4,22287,7.5,02
OBZ021,23770,2026-03-25 11:12:11.787,OBZ021,23770,2026-03-25 11:12:11.787,OB202604008,XVE4,22286,9.2,02
OBZ021,23770,2026-03-25 11:12:11.787,OBZ021,23770,2026-03-25 11:12:11.787,OB202604008,XVE4,22282,7.5,02
OBZ021,23770,2026-03-25 11:12:11.787,OBZ021,23770,2026-03-25 11:12:11.787,OB202604008,XVE4,22281,0.0,02
OBZ021,23770,2026-03-25 11:12:11.787,OBZ021,23770,2026-03-25 11:12:11.787,OB202604008,XVE4,22272,6.7,02
OBZ021,23770,2026-03-25 11:12:11.787,OBZ021,23770,2026-03-25 11:12:11.787,OB202604008,XVE4,22162,5.8,02
OBZ021,23770,2026-03-25 11:12:11.787,OBZ021,23770,2026-03-25 11:12:11.787,OB202604008,XVE4,22159,8.3,02
OBZ021,23770,2026-03-25 11:12:11.787,OBZ021,23770,2026-03-25 11:12:11.787,OB202604008,XVE4,21557,5.8,02
OBZ021,23770,2026-03-25 11:12:11.787,OBZ021,23770,2026-03-25 11:12:11.787,OB202604008,XVE4,20501,6.7,02
OBZ021,23770,2026-03-25 11:12:11.787,OBZ021,23770,2026-03-25 11:12:11.787,OB202604008,XVE3,23890,6.7,02
OBZ021,23770,2026-03-25 11:12:11.787,OBZ021,23770,2026-03-25 11:12:11.787,OB202604008,XVE3,23841,6.7,02
OBZ021,23770,2026-03-25 11:12:11.787,OBZ021,23770,2026-03-25 11:12:11.787,OB202604008,XVE3,23747,6.7,02
OBZ021,23770,2026-03-25 11:12:11.787,OBZ021,23770,2026-03-25 11:12:11.787,OB202604008,XVE3,23701,6.7,02
OBZ021,23770,2026-03-25 11:12:11.787,OBZ021,23770,2026-03-25 11:12:11.787,OB202604008,XVE3,23165,7.6,02
OBZ021,23770,2026-03-25 11:12:11.787,OBZ021,23770,2026-03-25 11:12:11.787,OB202604008,XVE3,22622,6.7,02
OBZ021,23770,2026-03-25 11:12:11.787,OBZ021,23770,2026-03-25 11:12:11.787,OB202604008,XVE3,22593,7.6,02
OBZ021,23770,2026-03-25 11:12:11.787,OBZ021,23770,2026-03-25 11:12:11.787,OB202604008,XVE3,22578,6.7,02
OBZ021,23770,2026-03-25 11:12:11.787,OBZ021,23770,2026-03-25 11:12:11.787,OB202604008,XVE3,22499,8.4,02
OBZ021,23770,2026-03-25 11:12:11.787,OBZ021,23770,2026-03-25 11:12:11.787,OB202604008,XVE3,21953,7.6,02
OBZ021,23770,2026-03-25 11:12:11.787,OBZ021,23770,2026-03-25 11:12:11.787,OB202604008,XVE3,21838,7.6,02
OBZ021,23770,2026-03-25 11:12:11.787,OBZ021,23770,2026-03-25 11:12:11.787,OB202604008,XVE3,21730,7.6,02
OBZ021,23770,2026-03-25 11:12:11.787,OBZ021,23770,2026-03-25 11:12:11.787,OB202604008,XVE3,20765,6.7,02
OBZ021,23770,2026-03-25 11:12:11.787,OBZ021,23770,2026-03-25 11:12:11.787,OB202604008,XVE3,20190,6.7,02
OBZ021,23770,2026-03-25 11:12:11.787,OBZ021,23770,2026-03-25 11:12:11.787,OB202604008,XVE2,23906,3.4,02
OBZ021,23770,2026-03-25 11:12:11.787,OBZ021,23770,2026-03-25 11:12:11.787,OB202604008,XVE2,23835,3.4,02
OBZ021,23770,2026-03-25 11:12:11.787,OBZ021,23770,2026-03-25 11:12:11.787,OB202604008,XVE2,23821,3.4,02
OBZ021,23770,2026-03-25 11:12:11.787,OBZ021,23770,2026-03-25 11:12:11.787,OB202604008,XVE2,23757,3.4,02
OBZ021,23770,2026-03-25 11:12:11.787,OBZ021,23770,2026-03-25 11:12:11.787,OB202604008,XVE2,23746,3.4,02
OBZ021,23770,2026-03-25 11:12:11.787,OBZ021,23770,2026-03-25 11:12:11.787,OB202604008,XVE2,23724,3.4,02
OBZ021,23770,2026-03-25 11:12:11.787,OBZ021,23770,2026-03-25 11:12:11.787,OB202604008,XVE2,23689,3.4,02
OBZ021,23770,2026-03-25 11:12:11.787,OBZ021,23770,2026-03-25 11:12:11.787,OB202604008,XVE2,23263,4.2,02
OBZ021,23770,2026-03-25 11:12:11.787,OBZ021,23770,2026-03-25 11:12:11.787,OB202604008,XVE2,22758,3.4,02
OBZ021,23770,2026-03-25 11:12:11.787,OBZ021,23770,2026-03-25 11:12:11.787,OB202604008,XVE2,22737,4.2,02
OBZ021,23770,2026-03-25 11:12:11.787,OBZ021,23770,2026-03-25 11:12:11.787,OB202604008,XVE2,22736,4.2,02
OBZ021,23770,2026-03-25 11:12:11.787,OBZ021,23770,2026-03-25 11:12:11.787,OB202604008,XVE2,22592,3.4,02
OBZ021,23770,2026-03-25 11:12:11.787,OBZ021,23770,2026-03-25 11:12:11.787,OB202604008,XVE2,22559,4.5,02
OBZ021,23770,2026-03-25 11:12:11.787,OBZ021,23770,2026-03-25 11:12:11.787,OB202604008,XVE2,22520,3.4,02
OBZ021,23770,2026-03-25 11:12:11.787,OBZ021,23770,2026-03-25 11:12:11.787,OB202604008,XVE2,22512,3.8,02
OBZ021,23770,2026-03-25 11:12:11.787,OBZ021,23770,2026-03-25 11:12:11.787,OB202604008,XVE2,22411,3.8,02
OBZ021,23770,2026-03-25 11:12:11.787,OBZ021,23770,2026-03-25 11:12:11.787,OB202604008,XVE2,22395,3.8,02
OBZ021,23770,2026-03-25 11:12:11.787,OBZ021,23770,2026-03-25 11:12:11.787,OB202604008,XVE2,22278,3.0,02
OBZ021,23770,2026-03-25 11:12:11.787,OBZ021,23770,2026-03-25 11:12:11.787,OB202604008,XVE2,22274,3.0,02
OBZ021,23770,2026-03-25 11:12:11.787,OBZ021,23770,2026-03-25 11:12:11.787,OB202604008,XVE2,22273,3.0,02
OBZ021,23770,2026-03-25 11:12:11.787,OBZ021,23770,2026-03-25 11:12:11.787,OB202604008,XVE2,22163,2.7,02
OBZ021,23770,2026-03-25 11:12:11.787,OBZ021,23770,2026-03-25 11:12:11.787,OB202604008,XVE2,21957,3.8,02
OBZ021,23770,2026-03-25 11:12:11.787,OBZ021,23770,2026-03-25 11:12:11.787,OB202604008,XVE2,21731,3.4,02
OBZ021,23770,2026-03-25 11:12:11.787,OBZ021,23770,2026-03-25 11:12:11.787,OB202604008,XVE2,21581,5.5,02
OBZ021,23770,2026-03-25 11:12:11.787,OBZ021,23770,2026-03-25 11:12:11.787,OB202604008,XVE2,21523,3.4,02
OBZ021,23770,2026-03-25 11:12:11.787,OBZ021,23770,2026-03-25 11:12:11.787,OB202604008,XVE2,21466,3.8,02
OBZ021,23770,2026-03-25 11:12:11.787,OBZ021,23770,2026-03-25 11:12:11.787,OB202604008,XVE2,20885,3.4,02
OBZ021,23770,2026-03-25 11:12:11.787,OBZ021,23770,2026-03-25 11:12:11.787,OB202604008,XVE2,20442,2.5,02
OBZ021,23770,2026-03-25 11:12:11.787,OBZ021,23770,2026-03-25 11:12:11.787,OB202604008,XVE1,23905,3.1,02
OBZ021,23770,2026-03-25 11:12:11.787,OBZ021,23770,2026-03-25 11:12:11.787,OB202604008,XVE1,23301,3.1,02
OBZ021,23770,2026-03-25 11:12:11.787,OBZ021,23770,2026-03-25 11:12:11.787,OB202604008,XVE1,23254,3.1,02
OBZ021,23770,2026-03-25 11:12:11.787,OBZ021,23770,2026-03-25 11:12:11.787,OB202604008,XVE1,23166,3.9,02
OBZ021,23770,2026-03-25 11:12:11.787,OBZ021,23770,2026-03-25 11:12:11.787,OB202604008,XVE1,23066,2.7,02
OBZ021,23770,2026-03-25 11:12:11.787,OBZ021,23770,2026-03-25 11:12:11.787,OB202604008,XVE1,22978,3.9,02
OBZ021,23770,2026-03-25 11:12:11.787,OBZ021,23770,2026-03-25 11:12:11.787,OB202604008,XVE1,22802,3.5,02
OBZ021,23770,2026-03-25 11:12:11.787,OBZ021,23770,2026-03-25 11:12:11.787,OB202604008,XVE1,22603,3.5,02
OBZ021,23770,2026-03-25 11:12:11.787,OBZ021,23770,2026-03-25 11:12:11.787,OB202604008,XVE1,22511,3.1,02
OBZ021,23770,2026-03-25 11:12:11.787,OBZ021,23770,2026-03-25 11:12:11.787,OB202604008,XVE1,22315,3.1,02
OBZ021,23770,2026-03-25 11:12:11.787,OBZ021,23770,2026-03-25 11:12:11.787,OB202604008,XVE1,22254,4.3,02
OBZ021,23770,2026-03-25 11:12:11.787,OBZ021,23770,2026-03-25 11:12:11.787,OB202604008,XVE1,22157,3.1,02
OBZ021,23770,2026-03-25 11:12:11.787,OBZ021,23770,2026-03-25 11:12:11.787,OB202604008,XVE1,22049,3.5,02
OBZ021,23770,2026-03-25 11:12:11.787,OBZ021,23770,2026-03-25 11:12:11.787,OB202604008,XVE1,22039,3.9,02
OBZ021,23770,2026-03-25 11:12:11.787,OBZ021,23770,2026-03-25 11:12:11.787,OB202604008,XVE1,21831,3.1,02
OBZ021,23770,2026-03-25 11:12:11.787,OBZ021,23770,2026-03-25 11:12:11.787,OB202604008,XVE1,21648,3.5,02
OBZ021,23770,2026-03-25 11:12:11.787,OBZ021,23770,2026-03-25 11:12:11.787,OB202604008,XVE1,21647,5.3,02
OBZ021,23770,2026-03-25 11:12:11.787,OBZ021,23770,2026-03-25 11:12:11.787,OB202604008,XVE1,21575,3.1,02
OBZ021,23770,2026-03-25 11:12:11.787,OBZ021,23770,2026-03-25 11:12:11.787,OB202604008,XVE1,21408,4.3,02
OBZ021,23770,2026-03-25 11:12:11.787,OBZ021,23770,2026-03-25 11:12:11.787,OB202604008,XVE1,21328,2.7,02
OBZ021,23770,2026-03-25 11:12:11.787,OBZ021,23770,2026-03-25 11:12:11.787,OB202604008,XVE1,21327,3.9,02
OBZ021,23770,2026-03-25 11:12:11.787,OBZ021,23770,2026-03-25 11:12:11.787,OB202604008,XVE1,21291,3.1,02
OBZ021,23770,2026-03-25 11:12:11.787,OBZ021,23770,2026-03-25 11:12:11.787,OB202604008,XVE1,21208,3.1,02
OBZ021,23770,2026-03-25 11:12:11.787,OBZ021,23770,2026-03-25 11:12:11.787,OB202604008,XVE1,20981,3.9,02
OBZ021,23770,2026-03-25 11:12:11.787,OBZ021,23770,2026-03-25 11:12:11.787,OB202604008,XVE1,20938,3.5,02
OBZ021,23770,2026-03-25 11:12:11.787,OBZ021,23770,2026-03-25 11:12:11.787,OB202604008,XVE1,20873,5.3,02
OBZ021,23770,2026-03-25 11:12:11.787,OBZ021,23770,2026-03-25 11:12:11.787,OB202604008,XVE1,20777,3.5,02
OBZ021,23770,2026-03-25 11:12:11.787,OBZ021,23770,2026-03-25 11:12:11.787,OB202604008,XVE1,20742,3.9,02
OBZ021,23770,2026-03-25 11:05:39.673,OBZ021,23770,2026-03-25 11:05:39.673,OB202604001,XVE4,23916,5.8,01
OBZ021,23770,2026-03-25 11:05:39.673,OBZ021,23770,2026-03-25 11:05:39.673,OB202604001,XVE4,22961,8.3,01
OBZ021,23770,2026-03-25 11:05:39.673,OBZ021,23770,2026-03-25 11:05:39.673,OB202604001,XVE4,22350,6.7,01
OBZ021,23770,2026-03-25 11:05:39.673,OBZ021,23770,2026-03-25 11:05:39.673,OB202604001,XVE4,22304,6.7,01
OBZ021,23770,2026-03-25 11:05:39.673,OBZ021,23770,2026-03-25 11:05:39.673,OB202604001,XVE4,22291,7.5,01
OBZ021,23770,2026-03-25 11:05:39.673,OBZ021,23770,2026-03-25 11:05:39.673,OB202604001,XVE4,22290,7.5,01
OBZ021,23770,2026-03-25 11:05:39.673,OBZ021,23770,2026-03-25 11:05:39.673,OB202604001,XVE4,22287,7.5,01
OBZ021,23770,2026-03-25 11:05:39.673,OBZ021,23770,2026-03-25 11:05:39.673,OB202604001,XVE4,22286,9.2,01
OBZ021,23770,2026-03-25 11:05:39.673,OBZ021,23770,2026-03-25 11:05:39.673,OB202604001,XVE4,22282,7.5,01
OBZ021,23770,2026-03-25 11:05:39.673,OBZ021,23770,2026-03-25 11:05:39.673,OB202604001,XVE4,22281,0.0,01
OBZ021,23770,2026-03-25 11:05:39.673,OBZ021,23770,2026-03-25 11:05:39.673,OB202604001,XVE4,22272,6.7,01
OBZ021,23770,2026-03-25 11:05:39.673,OBZ021,23770,2026-03-25 11:05:39.673,OB202604001,XVE4,22162,5.8,01
OBZ021,23770,2026-03-25 11:05:39.673,OBZ021,23770,2026-03-25 11:05:39.673,OB202604001,XVE4,22159,8.3,01
OBZ021,23770,2026-03-25 11:05:39.673,OBZ021,23770,2026-03-25 11:05:39.673,OB202604001,XVE4,21557,5.8,01
OBZ021,23770,2026-03-25 11:05:39.673,OBZ021,23770,2026-03-25 11:05:39.673,OB202604001,XVE4,20501,6.7,01
OBZ021,23770,2026-03-25 11:05:39.673,OBZ021,23770,2026-03-25 11:05:39.673,OB202604001,XVE3,23890,6.7,01
