A_PRGID,A_USERID,A_SYSDT,U_PRGID,U_USERID,U_SYSDT,LIST_NO,LIST_NM,PROD_KIND,PROD_BEST,SPEC_TP,LIST_TYPE,LIST_PERIOD_START,LIST_PERIOD_END,LIST_INTERVAL,ASSIGNED_DATE,TOTAL_AMOUNT,RESERVED_AMOUNT,IS_ASSIGNED,PROJECT_WORKYM,CASENUMBER,NAME,CASEYEAR,CASEYEARNM,SETTLE_SRC,CARD_TYPE
OBA0010,21797,2021-03-11 11:19:05.660,EST,SYSTEM,2021-03-31 16:05:23.463,OB202104001,202104期中客戶名單_他新中古-H,01,Y,02$$04$$05$$06$$11$$12$$13$$14$$15$$16$$20$$21$$22$$23,01,8,72,4,2021-03-31 16:05:23.463,23273,23273,Y,202104,222,202104專案,0$$1$$2$$3$$4$$5$$6$$7$$8$$9$$10$$99,18,Y$$N,H
OBA0010,21797,2021-03-11 11:21:38.590,EST,SYSTEM,2021-03-31 16:06:11.823,OB202104004,202104機車客戶名單-M,02,Y,00$$01$$02$$03$$04$$05$$06$$07$$08$$09$$10$$11$$12$$13$$14$$15$$16$$17$$18$$19$$20$$21$$22$$23$$24$$25$$26$$27$$28$$29$$30$$31$$32$$33$$34$$35$$36$$37$$38$$39$$40$$41$$99,02$$03$$04,0,36,6,2021-03-31 16:06:11.823,4957,4957,Y,202104,222,202104專案,0$$1$$2$$3$$4$$5$$6$$7$$8$$9$$10$$99,23,Y$$N,M
OBA0010,21797,2021-03-11 11:22:06.390,EST,SYSTEM,2021-03-31 16:21:35.270,OB202104005,202104被他行代償反守為攻-S,01,Y,01$$02$$03$$04$$05$$06$$07$$08$$09$$10$$11$$12$$13$$14$$15$$16$$17$$18$$19$$20$$21$$22$$23$$24$$25$$26$$27$$28$$29$$30$$31$$32$$33$$34$$35$$36$$37$$38$$39$$40$$41$$99,02,7,60,4,2021-03-31 16:21:35.270,82,82,Y,202104,222,202104專案,0$$1$$2$$3$$4$$5,25,Y,S
OBA0010,21797,2021-03-11 11:22:39.097,EST,SYSTEM,2021-03-31 16:23:31.930,OB202104006,202104中結客戶名單-S,01,Y,01$$02$$03$$04$$05$$06$$07$$08$$09$$10$$11$$12$$13$$14$$15$$16$$17$$18$$19$$20$$21$$22$$23$$24$$25$$26$$27$$28$$29$$30$$31$$32$$33$$34$$35$$36$$37$$38$$39$$40$$41$$99,02,8,60,4,2021-03-31 16:23:31.930,18613,18613,Y,202104,222,202104專案,0$$1$$2$$3$$4$$5,20,N,S
OBA0010,21797,2021-03-11 11:22:56.493,EST,SYSTEM,2021-03-31 16:25:38.293,OB202104007,202104滿期客戶名單-E,01,Y,01$$02$$03$$04$$05$$06$$07$$08$$09$$10$$11$$12$$13$$14$$15$$16$$17$$18$$19$$20$$21$$22$$23$$24$$25$$26$$27$$28$$29$$30$$31$$32$$33$$34$$35$$36$$37$$38$$39$$40$$41$$99,03$$04,0,36,4,2021-03-31 16:25:38.293,25844,25844,Y,202104,222,202104專案,0$$1$$2$$3,19,Y$$N,E
OBA0010,21797,2021-03-11 11:23:25.987,EST,SYSTEM,2021-03-31 16:26:49.640,OB202104008,202104期中客戶名單_非他新中古-H,01,Y,01$$03,01,12,72,4,2021-03-31 16:26:49.640,18689,18689,Y,202104,222,202104專案,0$$1$$2$$3$$4$$5$$6$$7$$8$$9$$10$$99,18,Y$$N,H
OBA0010,21797,2021-03-11 11:23:53.770,EST,SYSTEM,2021-03-31 16:28:55.267,OB202104009,202104期中客戶名單_機車-HM,02,Y,39$$40,01,6,72,4,2021-03-31 16:28:55.267,7673,7673,Y,202104,222,202104專案,0$$1$$2$$3$$4$$5$$6$$7$$8$$9$$10$$99,18,Y$$N,HM
OBA0010,21797,2021-04-14 16:23:29.520,EST,SYSTEM,2021-04-29 07:00:05.607,OB202104010,202104-1期中客戶名單_機車-HM,02,Y,39$$40,01,8,72,4,2021-04-29 07:00:05.607,0,0,Y,202105,223,202104-1專案,0$$1$$2$$3$$4$$5$$6$$7$$8$$9$$10$$99,18,Y$$N,HM
OBA0010,21797,2021-04-23 16:43:30.657,OBA0010,22063,2021-04-29 14:38:54.220,OB202105001,202105期中客戶名單_他新中古-H,01,Y,02$$04$$05$$06$$11$$12$$13$$14$$15$$16$$20$$21$$22$$23,01,8,72,4,2021-04-29 07:01:50.650,22467,22134,Y,202105,224,202105專案,0$$1$$2$$3$$4$$5$$6$$7$$8$$9$$10$$99,18,Y$$N,H
OBA0010,21797,2021-04-23 16:44:34.817,OBA0010,22063,2021-04-29 14:39:07.457,OB202105004,202105機車客戶名單-M,02,Y,00$$01$$02$$03$$04$$05$$06$$07$$08$$09$$10$$11$$12$$13$$14$$15$$16$$17$$18$$19$$20$$21$$22$$23$$24$$25$$26$$27$$28$$29$$30$$31$$32$$33$$34$$35$$36$$37$$38$$39$$40$$41$$43$$99,02$$03$$04,0,36,6,2021-04-29 07:02:30.057,5126,5131,Y,202105,224,202105專案,0$$1$$2$$3$$4$$5$$6$$7$$8$$9$$10$$99,23,Y$$N,M
OBA0010,21797,2021-04-23 16:44:52.007,OBA0010,22063,2021-04-29 14:39:16.597,OB202105005,202105被他行代償反守為攻-S,01,Y,01$$02$$03$$04$$05$$06$$07$$08$$09$$10$$11$$12$$13$$14$$15$$16$$17$$18$$19$$20$$21$$22$$23$$24$$25$$26$$27$$28$$29$$30$$31$$32$$33$$34$$35$$36$$37$$38$$39$$40$$41$$99,02,7,60,4,2021-04-29 07:02:57.960,75,76,Y,202105,224,202105專案,0$$1$$2$$3$$4$$5,25,Y,S
OBA0010,21797,2021-04-23 16:45:06.260,OBA0010,22063,2021-04-29 14:39:21.433,OB202105006,202105中結客戶名單-S,01,Y,01$$02$$03$$04$$05$$06$$07$$08$$09$$10$$11$$12$$13$$14$$15$$16$$17$$18$$19$$20$$21$$22$$23$$24$$25$$26$$27$$28$$29$$30$$31$$32$$33$$34$$35$$36$$37$$38$$39$$40$$41$$99,02,8,60,4,2021-04-29 07:03:59.777,18720,18719,Y,202105,224,202105專案,0$$1$$2$$3$$4$$5,20,N,S
OBA0010,21797,2021-04-23 16:47:07.500,OBA0010,22063,2021-04-29 14:39:31.437,OB202105007,202105滿期客戶名單-E,01,Y,01$$02$$03$$04$$05$$06$$07$$08$$09$$10$$11$$12$$13$$14$$15$$16$$17$$18$$19$$20$$21$$22$$23$$24$$25$$26$$27$$28$$29$$30$$31$$32$$33$$34$$35$$36$$37$$38$$39$$40$$41$$99,03$$04,0,36,4,2021-04-29 07:05:04.657,24469,24495,Y,202105,224,202105專案,0$$1$$2$$3,19,Y$$N,E
OBA0010,21797,2021-04-23 16:47:29.720,OBA0010,22063,2021-04-29 14:39:40.657,OB202105008,202105期中客戶名單_非他新中古-H,01,Y,01$$03,01,12,72,4,2021-04-29 07:05:56.723,18748,18454,Y,202105,224,202105專案,0$$1$$2$$3$$4$$5$$6$$7$$8$$9$$10$$99,18,Y$$N,H
OBA0010,21797,2021-04-23 16:47:59.740,OBA0010,22063,2021-04-29 16:20:56.860,OB202105009,202105期中客戶名單_機車-HM,02,Y,39$$40$$43,01,8,72,4,2021-04-29 07:06:06.630,4168,3981,Y,202105,224,202105專案,0$$1$$2$$3$$4$$5$$6$$7$$8$$9$$10$$99,18,Y$$N,HM
OBA0010,21797,2021-05-25 17:14:42.977,OBA0010,21797,2021-05-28 11:38:09.570,OB202106001,202106期中客戶名單_他新中古-H,01,Y,02$$04$$05$$06$$11$$12$$13$$14$$15$$16$$20$$21$$22$$23,01,8,72,4,NULL,21128,NULL,Y,202106,225,202106專案,0$$1$$2$$3$$4$$5$$6$$7$$8$$9$$10$$99,18,Y$$N,H
OBA0010,21797,2021-05-25 17:15:46.753,OBA0010,21797,2021-05-28 11:37:18.460,OB202106002,202106機車客戶名單-M,02,Y,00$$01$$02$$03$$04$$05$$06$$07$$08$$09$$10$$11$$12$$13$$14$$15$$16$$17$$18$$19$$20$$21$$22$$23$$24$$25$$26$$27$$28$$29$$30$$31$$32$$33$$34$$35$$36$$37$$38$$39$$40$$41$$43$$99,02$$03$$04,0,36,6,NULL,5593,NULL,Y,202106,225,202106專案,0$$1$$2$$3$$4$$5$$6$$7$$8$$9$$10$$99,23,Y$$N,M
OBA0010,21797,2021-05-25 17:16:35.453,OBA0010,21797,2021-05-28 11:37:07.630,OB202106003,202106被他行代償反守為攻-S,01,Y,01$$02$$03$$04$$05$$06$$07$$08$$09$$10$$11$$12$$13$$14$$15$$16$$17$$18$$19$$20$$21$$22$$23$$24$$25$$26$$27$$28$$29$$30$$31$$32$$33$$34$$35$$36$$37$$38$$39$$40$$41$$99,02,7,60,4,NULL,81,NULL,Y,202106,225,202106專案,0$$1$$2$$3$$4$$5,25,Y,S
OBA0010,21797,2021-05-25 17:16:52.750,OBA0010,21797,2021-05-28 11:36:54.317,OB202106004,202106滿期客戶名單-E,01,Y,01$$02$$03$$04$$05$$06$$07$$08$$09$$10$$11$$12$$13$$14$$15$$16$$17$$18$$19$$20$$21$$22$$23$$24$$25$$26$$27$$28$$29$$30$$31$$32$$33$$34$$35$$36$$37$$38$$39$$40$$41$$99,03$$04,0,36,4,NULL,24711,NULL,Y,202106,225,202106專案,0$$1$$2$$3,19,Y$$N,E
OBA0010,21797,2021-05-25 17:17:35.600,OBA0010,21797,2021-05-28 11:36:40.347,OB202106005,202106中結客戶名單-S,01,Y,01$$02$$03$$04$$05$$06$$07$$08$$09$$10$$11$$12$$13$$14$$15$$16$$17$$18$$19$$20$$21$$22$$23$$24$$25$$26$$27$$28$$29$$30$$31$$32$$33$$34$$35$$36$$37$$38$$39$$40$$41$$99,02,8,60,4,NULL,18120,NULL,Y,202106,225,202106專案,0$$1$$2$$3$$4$$5,20,N,S
OBA0010,21797,2021-05-25 17:18:19.637,OBA0010,21797,2021-05-28 11:36:23.223,OB202106006,202106期中客戶名單_非他新中古-H,01,Y,01$$03,01,12,72,4,NULL,18552,NULL,Y,202106,225,202106專案,0$$1$$2$$3$$4$$5$$6$$7$$8$$9$$10$$99,18,Y$$N,H
OBA0010,21797,2021-05-25 17:18:41.453,OBA0010,21797,2021-05-28 11:35:58.590,OB202106007,202106期中客戶名單_機車-HM,02,Y,39$$40$$43,01,8,72,4,NULL,5645,NULL,Y,202106,225,202106專案,0$$1$$2$$3$$4$$5$$6$$7$$8$$9$$10$$99,18,Y$$N,HM
OBA0010,21797,2021-06-21 13:44:40.583,OBA0010,21797,2021-06-24 15:34:19.390,OB202107001,202107期中客戶名單_他新中古-H,01,Y,02$$04$$05$$06$$11$$12$$13$$14$$15$$16$$20$$21$$22$$23,01,8,72,4,NULL,18351,NULL,Y,202107,226,202107專案,0$$1$$2$$3$$4$$5$$6$$7$$8$$9$$10$$99,18,Y$$N,H
OBA0010,21797,2021-06-21 13:45:29.637,OBA0010,21797,2021-06-24 15:34:03.983,OB202107002,202107機車客戶名單-M,02,Y,00$$01$$02$$03$$04$$05$$06$$07$$08$$09$$10$$11$$12$$13$$14$$15$$16$$17$$18$$19$$20$$21$$22$$23$$24$$25$$26$$27$$28$$29$$30$$31$$32$$33$$34$$35$$36$$37$$38$$39$$40$$41$$43$$99,02$$03$$04,0,36,6,NULL,5432,NULL,Y,202107,226,202107專案,0$$1$$2$$3$$4$$5$$6$$7$$8$$9$$10$$99,23,Y$$N,M
OBA0010,21797,2021-06-21 13:46:11.580,OBA0010,21797,2021-06-24 15:33:47.953,OB202107003,202107被他行代償反守為攻-S,01,Y,01$$02$$03$$04$$05$$06$$07$$08$$09$$10$$11$$12$$13$$14$$15$$16$$17$$18$$19$$20$$21$$22$$23$$24$$25$$26$$27$$28$$29$$30$$31$$32$$33$$34$$35$$36$$37$$38$$39$$40$$41$$99,02,7,60,4,NULL,2684,NULL,Y,202107,226,202107專案,0$$1$$2$$3$$4$$5,25,Y,S
OBA0010,21797,2021-06-21 18:11:51.643,OBA0010,21797,2021-06-24 15:33:28.343,OB202107004,202107滿期客戶名單-E,01,Y,01$$02$$03$$04$$05$$06$$07$$08$$09$$10$$11$$12$$13$$14$$15$$16$$17$$18$$19$$20$$21$$22$$23$$24$$25$$26$$27$$28$$29$$30$$31$$32$$33$$34$$35$$36$$37$$38$$39$$40$$41$$99,03$$04,0,36,4,NULL,26158,NULL,Y,202107,226,202107專案,0$$1$$2$$3,19,Y$$N,E
OBA0010,21797,2021-06-21 18:12:16.753,OBA0010,21797,2021-06-24 15:33:13.760,OB202107005,202107中結客戶名單-S,01,Y,01$$02$$03$$04$$05$$06$$07$$08$$09$$10$$11$$12$$13$$14$$15$$16$$17$$18$$19$$20$$21$$22$$23$$24$$25$$26$$27$$28$$29$$30$$31$$32$$33$$34$$35$$36$$37$$38$$39$$40$$41$$99,02,8,60,4,NULL,20502,NULL,Y,202107,226,202107專案,0$$1$$2$$3$$4$$5,20,N,S
OBA0010,21797,2021-06-21 18:12:44.630,OBA0010,21797,2021-06-24 15:33:01.727,OB202107006,202107期中客戶名單_非他新中古-H,01,Y,01$$03,01,12,72,4,NULL,15788,NULL,Y,202107,226,202107專案,0$$1$$2$$3$$4$$5$$6$$7$$8$$9$$10$$99,18,Y$$N,H
OBA0010,21797,2021-06-21 18:13:03.977,OBA0010,21797,2021-06-24 15:32:42.410,OB202107007,202107期中客戶名單_機車-HM,02,Y,39$$40$$43,01,8,72,4,NULL,8831,NULL,Y,202107,226,202107專案,0$$1$$2$$3$$4$$5$$6$$7$$8$$9$$10$$99,18,Y$$N,HM
OBA0010,21797,2021-07-23 17:51:27.633,OBA0010,21797,2021-07-27 08:54:23.627,OB202108001,202108期中客戶名單_他新中古-H,01,Y,02$$04$$05$$06$$11$$12$$13$$14$$15$$16$$20$$21$$22$$23,01,8,84,4,NULL,22616,NULL,Y,202108,227,202108專案,0$$1$$2$$3$$4$$5$$6$$7$$8$$9$$10$$99,18,Y$$N,H
OBA0010,21797,2021-07-23 17:52:23.793,OBA0010,21797,2021-07-27 08:56:51.307,OB202108002,202108機車客戶名單-M,02,Y,00$$01$$02$$03$$04$$05$$06$$07$$08$$09$$10$$11$$12$$13$$14$$15$$16$$17$$18$$19$$20$$21$$22$$23$$24$$25$$26$$27$$28$$29$$30$$31$$32$$33$$34$$35$$36$$37$$38$$39$$40$$41$$43$$99,02$$03$$04,0,36,6,NULL,4954,NULL,Y,202108,227,202108專案,0$$1$$2$$3$$4$$5$$6$$7$$8$$9$$10$$99,23,Y$$N,M
OBA0010,21797,2021-07-23 17:53:09.513,OBA0010,21797,2021-07-27 08:56:45.180,OB202108003,202108被他行代償反守為攻-S,01,Y,01$$02$$03$$04$$05$$06$$07$$08$$09$$10$$11$$12$$13$$14$$15$$16$$17$$18$$19$$20$$21$$22$$23$$24$$25$$26$$27$$28$$29$$30$$31$$32$$33$$34$$35$$36$$37$$38$$39$$40$$41$$99,02,7,60,4,NULL,2546,NULL,Y,202108,227,202108專案,0$$1$$2$$3$$4$$5,25,Y,S
OBA0010,21797,2021-07-23 17:53:38.587,OBA0010,21797,2021-07-27 08:56:09.893,OB202108004,202108滿期客戶名單-E,01,Y,01$$02$$03$$04$$05$$06$$07$$08$$09$$10$$11$$12$$13$$14$$15$$16$$17$$18$$19$$20$$21$$22$$23$$24$$25$$26$$27$$28$$29$$30$$31$$32$$33$$34$$35$$36$$37$$38$$39$$40$$41$$99,03$$04,0,36,4,NULL,26801,NULL,Y,202108,227,202108專案,0$$1$$2$$3,19,Y$$N,E
OBA0010,21797,2021-07-23 17:54:10.953,OBA0010,21797,2021-07-27 08:55:57.743,OB202108005,202108中結客戶名單-S,01,Y,01$$02$$03$$04$$05$$06$$07$$08$$09$$10$$11$$12$$13$$14$$15$$16$$17$$18$$19$$20$$21$$22$$23$$24$$25$$26$$27$$28$$29$$30$$31$$32$$33$$34$$35$$36$$37$$38$$39$$40$$41$$99,02,8,60,4,NULL,19637,NULL,Y,202108,227,202108專案,0$$1$$2$$3$$4$$5,20,N,S
OBA0010,21797,2021-07-23 17:54:41.647,OBA0010,21797,2021-07-27 08:55:33.743,OB202108006,202108期中客戶名單_非他新中古-H,01,Y,01$$03,01,12,84,4,NULL,19738,NULL,Y,202108,227,202108專案,0$$1$$2$$3$$4$$5$$6$$7$$8$$9$$10$$99,18,Y$$N,H
OBA0010,21797,2021-07-23 17:55:20.163,OBA0010,21797,2021-07-27 08:55:13.157,OB202108007,202108期中客戶名單_機車-HM,02,Y,39$$40$$43,01,8,72,4,NULL,11504,NULL,Y,202108,227,202108專案,0$$1$$2$$3$$4$$5$$6$$7$$8$$9$$10$$99,18,Y$$N,HM
OBA0010,21797,2021-08-27 17:58:45.543,EST,SYSTEM,2021-08-31 12:02:38.160,OB202109001,202109期中客戶名單_他新中古-H,01,Y,02$$04$$05$$06$$11$$12$$13$$14$$15$$16$$20$$21$$22$$23,01,8,84,4,2021-08-31 12:02:38.160,22868,22868,Y,202109,228,202109專案,0$$1$$2$$3$$4$$5$$6$$7$$8$$9$$10$$99,18,Y$$N,H
OBA0010,21797,2021-08-27 17:59:21.237,EST,SYSTEM,2021-08-31 12:02:43.627,OB202109002,202109機車客戶名單-M,02,Y,00$$01$$02$$03$$04$$05$$06$$07$$08$$09$$10$$11$$12$$13$$14$$15$$16$$17$$18$$19$$20$$21$$22$$23$$24$$25$$26$$27$$28$$29$$30$$31$$32$$33$$34$$35$$36$$37$$38$$39$$40$$41$$43$$99,02$$03$$04,0,36,6,2021-08-31 12:02:43.627,5275,5275,Y,202109,228,202109專案,0$$1$$2$$3$$4$$5$$6$$7$$8$$9$$10$$99,23,Y$$N,M
OBA0010,21797,2021-08-27 18:00:47.873,EST,SYSTEM,2021-08-31 12:02:49.190,OB202109003,202109被他行代償反守為攻-S,01,Y,01$$02$$03$$04$$05$$06$$07$$08$$09$$10$$11$$12$$13$$14$$15$$16$$17$$18$$19$$20$$21$$22$$23$$24$$25$$26$$27$$28$$29$$30$$31$$32$$33$$34$$35$$36$$37$$38$$39$$40$$41$$99,02,7,60,4,2021-08-31 12:02:49.190,1841,1841,Y,202109,228,202109專案,0$$1$$2$$3$$4$$5,25,Y,S
OBA0010,21797,2021-08-27 18:03:36.707,EST,SYSTEM,2021-08-31 12:03:29.253,OB202109004,202109滿期客戶名單-E,01,Y,01$$02$$03$$04$$05$$06$$07$$08$$09$$10$$11$$12$$13$$14$$15$$16$$17$$18$$19$$20$$21$$22$$23$$24$$25$$26$$27$$28$$29$$30$$31$$32$$33$$34$$35$$36$$37$$38$$39$$40$$41$$99,03$$04,0,36,4,2021-08-31 12:03:29.253,24708,24708,Y,202109,228,202109專案,0$$1$$2$$3,19,Y$$N,E
OBA0010,21797,2021-08-27 18:06:15.943,EST,SYSTEM,2021-08-31 12:03:47.863,OB202109005,202109中結客戶名單-S,01,Y,01$$02$$03$$04$$05$$06$$07$$08$$09$$10$$11$$12$$13$$14$$15$$16$$17$$18$$19$$20$$21$$22$$23$$24$$25$$26$$27$$28$$29$$30$$31$$32$$33$$34$$35$$36$$37$$38$$39$$40$$41$$99,02,8,60,4,2021-08-31 12:03:47.863,19295,19295,Y,202109,228,202109專案,0$$1$$2$$3$$4$$5,20,N,S
OBA0010,21797,2021-08-27 18:07:19.830,EST,SYSTEM,2021-08-31 12:04:05.737,OB202109006,202109期中客戶名單_非他新中古-H,01,Y,01$$03,01,12,84,4,2021-08-31 12:04:05.737,19716,19716,Y,202109,228,202109專案,0$$1$$2$$3$$4$$5$$6$$7$$8$$9$$10$$99,18,Y$$N,H
OBA0010,21797,2021-08-27 18:10:03.753,EST,SYSTEM,2021-08-31 12:04:22.927,OB202109007,202109期中客戶名單_機車-HM,02,Y,39$$40$$43,01,8,72,4,2021-08-31 12:04:22.927,12199,12199,Y,202109,228,202109專案,0$$1$$2$$3$$4$$5$$6$$7$$8$$9$$10$$99,18,Y$$N,HM
OBA0010,21797,2021-09-24 08:44:14.730,EST,SYSTEM,2021-09-29 11:42:34.940,OB202110001,202110期中客戶名單_他新中古-H,01,Y,02$$04$$05$$06$$11$$12$$13$$14$$15$$16$$20$$21$$22$$23,01,8,84,4,2021-09-29 11:42:34.940,21937,21937,Y,202110,229,202110專案,0$$1$$2$$3$$4$$5$$6$$7$$8$$9$$10$$99,18,Y$$N,H
OBA0010,21797,2021-09-24 08:45:06.750,EST,SYSTEM,2021-09-29 11:43:01.923,OB202110002,202110機車客戶名單-M,02,Y,00$$01$$02$$03$$04$$05$$06$$07$$08$$09$$10$$11$$12$$13$$14$$15$$16$$17$$18$$19$$20$$21$$22$$23$$24$$25$$26$$27$$28$$29$$30$$31$$32$$33$$34$$35$$36$$37$$38$$39$$40$$41$$43$$99,02$$03$$04,0,36,6,2021-09-29 11:43:01.923,5084,5084,Y,202110,229,202110專案,0$$1$$2$$3$$4$$5$$6$$7$$8$$9$$10$$99,23,Y$$N,M
OBA0010,21797,2021-09-24 08:46:24.570,EST,SYSTEM,2021-09-29 11:43:14.813,OB202110003,202110被他行代償反守為攻-S,01,Y,01$$02$$03$$04$$05$$06$$07$$08$$09$$10$$11$$12$$13$$14$$15$$16$$17$$18$$19$$20$$21$$22$$23$$24$$25$$26$$27$$28$$29$$30$$31$$32$$33$$34$$35$$36$$37$$38$$39$$40$$41$$99,02,7,60,4,2021-09-29 11:43:14.813,2559,2559,Y,202110,229,202110專案,0$$1$$2$$3$$4$$5,25,Y,S
OBA0010,21797,2021-09-24 08:47:21.250,EST,SYSTEM,2021-09-29 11:50:06.417,OB202110004,202110滿期客戶名單-E,01,Y,01$$02$$03$$04$$05$$06$$07$$08$$09$$10$$11$$12$$13$$14$$15$$16$$17$$18$$19$$20$$21$$22$$23$$24$$25$$26$$27$$28$$29$$30$$31$$32$$33$$34$$35$$36$$37$$38$$39$$40$$41$$99,03$$04,0,36,4,2021-09-29 11:50:06.417,24467,24467,Y,202110,229,202110專案,0$$1$$2$$3,19,Y$$N,E
OBA0010,21797,2021-09-24 08:48:39.957,EST,SYSTEM,2021-09-29 11:54:04.360,OB202110005,202110中結客戶名單-S,01,Y,01$$02$$03$$04$$05$$06$$07$$08$$09$$10$$11$$12$$13$$14$$15$$16$$17$$18$$19$$20$$21$$22$$23$$24$$25$$26$$27$$28$$29$$30$$31$$32$$33$$34$$35$$36$$37$$38$$39$$40$$41$$99,02,8,60,4,2021-09-29 11:54:04.360,18333,18333,Y,202110,229,202110專案,0$$1$$2$$3$$4$$5,20,N,S
OBA0010,21797,2021-09-24 08:49:16.380,EST,SYSTEM,2021-09-29 11:57:57.283,OB202110006,202110期中客戶名單_非他新中古-H,01,Y,01$$03,01,12,84,4,2021-09-29 11:57:57.283,17487,17487,Y,202110,229,202110專案,0$$1$$2$$3$$4$$5$$6$$7$$8$$9$$10$$99,18,Y$$N,H
OBA0010,21797,2021-09-24 08:49:58.187,EST,SYSTEM,2021-09-29 11:59:04.677,OB202110007,202110期中客戶名單_機車-HM,02,Y,39$$40$$43,01,8,72,4,2021-09-29 11:59:04.677,10884,10884,Y,202110,229,202110專案,0$$1$$2$$3$$4$$5$$6$$7$$8$$9$$10$$99,18,Y$$N,HM
OBA0010,21797,2021-09-24 08:52:33.717,EST,SYSTEM,2021-09-29 11:59:24.647,OB202110008,202110機車滿期三年以上客戶名單-M3,02,Y,00$$01$$02$$03$$04$$05$$06$$07$$08$$09$$10$$11$$12$$13$$14$$15$$16$$17$$18$$19$$20$$21$$22$$23$$24$$25$$26$$27$$28$$29$$30$$31$$32$$33$$34$$35$$36$$37$$38$$39$$40$$41$$43$$99,02$$03$$04,36,72,6,2021-09-29 11:59:24.647,11410,11410,Y,202110,229,202110專案,0$$1$$2$$3$$4$$5$$6$$7$$8$$9$$10$$99,23,Y$$N,M3
OBA0010,21797,2021-09-28 10:56:55.560,EST,SYSTEM,2021-09-29 12:01:02.630,OB202110009,202110中結五年以上客戶名單-S5,01,Y,01$$02$$03$$04$$05$$06$$07$$08$$09$$10$$11$$12$$13$$14$$15$$16$$17$$18$$19$$20$$21$$22$$23$$24$$25$$26$$27$$28$$29$$30$$31$$32$$33$$34$$35$$36$$37$$38$$39$$40$$41$$99,02,60,120,4,2021-09-29 12:01:02.630,9412,9412,Y,202110,229,202110專案,0$$1$$2$$3$$4$$5$$6$$7$$8$$9$$10,20,N,S5
OBA0010,21797,2021-09-28 10:58:54.517,EST,SYSTEM,2021-09-29 12:01:14.943,OB202110010,202110滿期三年以上客戶名單-E5,01,Y,01$$02$$03$$04$$05$$06$$07$$08$$09$$10$$11$$12$$13$$14$$15$$16$$17$$18$$19$$20$$21$$22$$23$$24$$25$$26$$27$$28$$29$$30$$31$$32$$33$$34$$35$$36$$37$$38$$39$$40$$41$$99,03$$04,36,96,4,2021-09-29 12:01:14.943,29501,29501,Y,202110,229,202110專案,0$$1$$2$$3$$4$$5$$6$$7$$8,19,Y$$N,E5
OBA0010,21797,2021-10-25 17:17:51.283,EST,SYSTEM,2021-10-27 10:48:13.373,OB202111001,202111期中客戶名單_他新中古-H,01,Y,02$$04$$05$$06$$11$$12$$13$$14$$15$$16$$20$$21$$22$$23,01,8,84,4,2021-10-27 10:48:13.373,20257,20257,Y,202111,230,202111專案,0$$1$$2$$3$$4$$5$$6$$7$$8$$9$$10$$99,18,Y$$N,H
OBA0010,21797,2021-10-25 17:18:27.350,EST,SYSTEM,2021-10-27 10:48:34.327,OB202111002,202111機車客戶名單-M,02,Y,00$$01$$02$$03$$04$$05$$06$$07$$08$$09$$10$$11$$12$$13$$14$$15$$16$$17$$18$$19$$20$$21$$22$$23$$24$$25$$26$$27$$28$$29$$30$$31$$32$$33$$34$$35$$36$$37$$38$$39$$40$$41$$43$$99,02$$03$$04,0,36,6,2021-10-27 10:48:34.327,5392,5392,Y,202111,230,202111專案,0$$1$$2$$3$$4$$5$$6$$7$$8$$9$$10$$99,23,Y$$N,M
OBA0010,21797,2021-10-25 17:19:19.767,EST,SYSTEM,2021-10-27 10:48:43.140,OB202111003,202111被他行代償反守為攻-S,01,Y,01$$02$$03$$04$$05$$06$$07$$08$$09$$10$$11$$12$$13$$14$$15$$16$$17$$18$$19$$20$$21$$22$$23$$24$$25$$26$$27$$28$$29$$30$$31$$32$$33$$34$$35$$36$$37$$38$$39$$40$$41$$99,02,7,60,4,2021-10-27 10:48:43.140,2383,2383,Y,202111,230,202111專案,0$$1$$2$$3$$4$$5,25,Y,S
OBA0010,21797,2021-10-25 17:19:34.923,EST,SYSTEM,2021-10-27 10:52:44.347,OB202111004,202111滿期客戶名單-E,01,Y,01$$02$$03$$04$$05$$06$$07$$08$$09$$10$$11$$12$$13$$14$$15$$16$$17$$18$$19$$20$$21$$22$$23$$24$$25$$26$$27$$28$$29$$30$$31$$32$$33$$34$$35$$36$$37$$38$$39$$40$$41$$99,03$$04,0,36,4,2021-10-27 10:52:44.347,24998,24998,Y,202111,230,202111專案,0$$1$$2$$3,19,Y$$N,E
OBA0010,21797,2021-10-25 17:19:55.643,EST,SYSTEM,2021-10-27 10:55:41.117,OB202111005,202111中結客戶名單-S,01,Y,01$$02$$03$$04$$05$$06$$07$$08$$09$$10$$11$$12$$13$$14$$15$$16$$17$$18$$19$$20$$21$$22$$23$$24$$25$$26$$27$$28$$29$$30$$31$$32$$33$$34$$35$$36$$37$$38$$39$$40$$41$$99,02,8,60,4,2021-10-27 10:55:41.117,21386,21386,Y,202111,230,202111專案,0$$1$$2$$3$$4$$5,20,N,S
OBA0010,21797,2021-10-25 17:20:20.740,EST,SYSTEM,2021-10-27 10:57:41.060,OB202111006,202111期中客戶名單_非他新中古-H,01,Y,01$$03,01,12,84,4,2021-10-27 10:57:41.060,17267,17267,Y,202111,230,202111專案,0$$1$$2$$3$$4$$5$$6$$7$$8$$9$$10$$99,18,Y$$N,H
OBA0010,21797,2021-10-25 17:20:43.857,EST,SYSTEM,2021-10-27 10:58:23.963,OB202111007,202111期中客戶名單_機車-HM,02,Y,39$$40$$43,01,8,72,4,2021-10-27 10:58:23.963,10534,10534,Y,202111,230,202111專案,0$$1$$2$$3$$4$$5$$6$$7$$8$$9$$10$$99,18,Y$$N,HM
OBA0010,21797,2021-10-25 17:21:08.833,EST,SYSTEM,2021-10-27 10:58:33.810,OB202111008,202111機車滿期三年以上客戶名單-M3,02,Y,00$$01$$02$$03$$04$$05$$06$$07$$08$$09$$10$$11$$12$$13$$14$$15$$16$$17$$18$$19$$20$$21$$22$$23$$24$$25$$26$$27$$28$$29$$30$$31$$32$$33$$34$$35$$36$$37$$38$$39$$40$$41$$43$$99,02$$03$$04,42,72,6,2021-10-27 10:58:33.810,8981,8981,Y,202111,230,202111專案,0$$1$$2$$3$$4$$5$$6$$7$$8$$9$$10$$99,23,Y$$N,M3
OBA0010,21797,2021-10-25 17:22:04.933,EST,SYSTEM,2021-10-27 10:59:31.560,OB202111009,202111中結五年以上客戶名單-S5,01,Y,01$$02$$03$$04$$05$$06$$07$$08$$09$$10$$11$$12$$13$$14$$15$$16$$17$$18$$19$$20$$21$$22$$23$$24$$25$$26$$27$$28$$29$$30$$31$$32$$33$$34$$35$$36$$37$$38$$39$$40$$41$$99,02,64,120,4,2021-10-27 10:59:31.560,9732,9732,Y,202111,230,202111專案,0$$1$$2$$3$$4$$5$$6$$7$$8$$9$$10,20,N,S5
OBA0010,21797,2021-10-25 17:22:43.627,EST,SYSTEM,2021-10-27 10:59:37.810,OB202111010,202111滿期三年以上客戶名單-E5,01,Y,01$$02$$03$$04$$05$$06$$07$$08$$09$$10$$11$$12$$13$$14$$15$$16$$17$$18$$19$$20$$21$$22$$23$$24$$25$$26$$27$$28$$29$$30$$31$$32$$33$$34$$35$$36$$37$$38$$39$$40$$41$$99,03$$04,40,96,4,2021-10-27 10:59:37.810,31749,31749,Y,202111,230,202111專案,0$$1$$2$$3$$4$$5$$6$$7$$8,19,Y$$N,E5
OBA0010,21797,2021-11-25 11:42:32.840,EST,SYSTEM,2021-11-29 16:33:12.203,OB202112001,202112期中客戶名單_他新中古-H,01,Y,02$$04$$05$$06$$11$$12$$13$$14$$15$$16$$20$$21$$22$$23,01,8,84,4,2021-11-29 16:33:12.203,22860,22860,Y,202112,231,202112專案,0$$1$$2$$3$$4$$5$$6$$7$$8$$9$$10$$99,18,Y$$N,H
OBA0010,21797,2021-11-25 13:43:18.930,EST,SYSTEM,2021-11-29 16:33:30.877,OB202112002,202112機車客戶名單-M,02,Y,00$$01$$02$$03$$04$$05$$06$$07$$08$$09$$10$$11$$12$$13$$14$$15$$16$$17$$18$$19$$20$$21$$22$$23$$24$$25$$26$$27$$28$$29$$30$$31$$32$$33$$34$$35$$36$$37$$38$$39$$40$$41$$43$$99,02$$03$$04,0,36,6,2021-11-29 16:33:30.877,5746,5746,Y,202112,231,202112專案,0$$1$$2$$3$$4$$5$$6$$7$$8$$9$$10$$99,23,Y$$N,M
OBA0010,21797,2021-11-25 13:43:35.917,EST,SYSTEM,2021-11-29 16:33:38.830,OB202112003,202112被他行代償反守為攻-S,01,Y,01$$02$$03$$04$$05$$06$$07$$08$$09$$10$$11$$12$$13$$14$$15$$16$$17$$18$$19$$20$$21$$22$$23$$24$$25$$26$$27$$28$$29$$30$$31$$32$$33$$34$$35$$36$$37$$38$$39$$40$$41$$99,02,7,60,4,2021-11-29 16:33:38.830,2305,2305,Y,202112,231,202112專案,0$$1$$2$$3$$4$$5,25,Y,S
OBA0010,21797,2021-11-25 13:44:46.773,EST,SYSTEM,2021-11-29 16:37:43.803,OB202112004,202112滿期客戶名單-E,01,Y,01$$02$$03$$04$$05$$06$$07$$08$$09$$10$$11$$12$$13$$14$$15$$16$$17$$18$$19$$20$$21$$22$$23$$24$$25$$26$$27$$28$$29$$30$$31$$32$$33$$34$$35$$36$$37$$38$$39$$40$$41$$99,03$$04,0,36,4,2021-11-29 16:37:43.803,25999,25999,Y,202112,231,202112專案,0$$1$$2$$3,19,Y$$N,E
OBA0010,21797,2021-11-25 13:46:03.207,EST,SYSTEM,2021-11-29 16:40:04.510,OB202112005,202112中結客戶名單-S,01,Y,01$$02$$03$$04$$05$$06$$07$$08$$09$$10$$11$$12$$13$$14$$15$$16$$17$$18$$19$$20$$21$$22$$23$$24$$25$$26$$27$$28$$29$$30$$31$$32$$33$$34$$35$$36$$37$$38$$39$$40$$41$$99,02,8,60,4,2021-11-29 16:40:04.510,20231,20231,Y,202112,231,202112專案,0$$1$$2$$3$$4$$5,20,N,S
OBA0010,21797,2021-11-25 13:48:02.160,EST,SYSTEM,2021-11-29 16:42:41.500,OB202112006,202112期中客戶名單_非他新中古-H,01,Y,01$$03,01,12,84,4,2021-11-29 16:42:41.500,21318,21318,Y,202112,231,202112專案,0$$1$$2$$3$$4$$5$$6$$7$$8$$9$$10$$99,18,Y$$N,H
OBA0010,21797,2021-11-25 13:50:02.400,EST,SYSTEM,2021-11-29 16:43:43.360,OB202112007,202112期中客戶名單_機車-HM,02,Y,39$$40$$43,01,8,72,4,2021-11-29 16:43:43.360,12894,12894,Y,202112,231,202112專案,0$$1$$2$$3$$4$$5$$6$$7$$8$$9$$10$$99,18,Y$$N,HM
OBA0010,21797,2021-11-25 15:22:19.337,EST,SYSTEM,2021-11-29 16:43:47.297,OB202112008,202112機車滿期三年以上客戶名單-M3,02,Y,00$$01$$02$$03$$04$$05$$06$$07$$08$$09$$10$$11$$12$$13$$14$$15$$16$$17$$18$$19$$20$$21$$22$$23$$24$$25$$26$$27$$28$$29$$30$$31$$32$$33$$34$$35$$36$$37$$38$$39$$40$$41$$43$$99,02$$03$$04,42,72,6,2021-11-29 16:43:47.297,10294,10294,Y,202112,231,202112專案,0$$1$$2$$3$$4$$5$$6$$7$$8$$9$$10$$99,23,Y$$N,M3
OBA0010,21797,2021-11-25 18:22:27.533,EST,SYSTEM,2021-11-29 16:47:40.003,OB202112009,202112滿期三年以上客戶名單-E5,01,Y,01$$02$$03$$04$$05$$06$$07$$08$$09$$10$$11$$12$$13$$14$$15$$16$$17$$18$$19$$20$$21$$22$$23$$24$$25$$26$$27$$28$$29$$30$$31$$32$$33$$34$$35$$36$$37$$38$$39$$40$$41$$99,03$$04,40,84,4,2021-11-29 16:47:40.003,26992,26992,Y,202112,231,202112專案,0$$1$$2$$3$$4$$5$$6$$7$$8,19,Y$$N,E5
OBA0010,21797,2021-11-25 18:23:47.260,EST,SYSTEM,2021-11-29 16:48:22.113,OB202112010,202112中結五年以上客戶名單-S5,01,Y,01$$02$$03$$04$$05$$06$$07$$08$$09$$10$$11$$12$$13$$14$$15$$16$$17$$18$$19$$20$$21$$22$$23$$24$$25$$26$$27$$28$$29$$30$$31$$32$$33$$34$$35$$36$$37$$38$$39$$40$$41$$99,02,64,120,4,2021-11-29 16:48:22.113,9683,9683,Y,202112,231,202112專案,0$$1$$2$$3$$4$$5$$6$$7$$8$$9$$10,20,N,S5
OBA0010,21797,2021-12-23 18:20:04.753,EST,SYSTEM,2021-12-29 15:15:32.790,OB202201001,202201期中客戶名單_他新中古-H,01,Y,02$$04$$05$$06$$11$$12$$13$$14$$15$$16$$20$$21$$22$$23,01,8,84,4,2021-12-29 15:15:32.790,23698,23698,Y,202201,232,202201專案,0$$1$$2$$3$$4$$5$$6$$7$$8$$9$$10$$99,18,Y$$N,H
OBA0010,21797,2021-12-24 09:38:56.467,EST,SYSTEM,2021-12-29 15:16:02.180,OB202201002,202201期中客戶名單_機車-HM,02,Y,10$$39$$40,01,8,72,4,2021-12-29 15:16:02.180,12400,12400,Y,202201,232,202201專案,0$$1$$2$$3$$4$$5$$6$$7$$8$$9$$10$$99,18,Y$$N,HM
OBA0010,21797,2021-12-24 09:39:13.467,EST,SYSTEM,2021-12-29 15:16:26.917,OB202201008,202201機車滿期三年以上客戶名單-M3,02,Y,00$$01$$02$$03$$04$$05$$06$$07$$08$$09$$10$$11$$12$$13$$14$$15$$16$$17$$18$$19$$20$$21$$22$$23$$24$$25$$26$$27$$28$$29$$30$$31$$32$$33$$34$$35$$36$$37$$38$$39$$40$$41$$43$$99,02$$03$$04,42,96,6,2021-12-29 15:16:26.917,7545,7545,Y,202201,232,202201專案,0$$1$$2$$3$$4$$5$$6$$7$$8$$9$$10$$99,23,Y$$N,M3
OBA0010,21797,2021-12-27 18:06:50.407,EST,SYSTEM,2021-12-29 15:16:33.820,OB202201011,202201機車客戶名單-M,02,Y,00$$01$$02$$03$$04$$05$$06$$07$$08$$09$$10$$11$$12$$13$$14$$15$$16$$17$$18$$19$$20$$21$$22$$23$$24$$25$$26$$27$$28$$29$$30$$31$$32$$33$$34$$35$$36$$37$$38$$39$$40$$41$$43$$99,02$$03$$04,0,36,6,2021-12-29 15:16:33.820,5522,5522,Y,202201,232,202201專案,0$$1$$2$$3$$4$$5$$6$$7$$8$$9$$10$$99,23,Y$$N,M
OBA0010,21797,2021-12-27 18:10:01.727,EST,SYSTEM,2021-12-29 15:16:41.197,OB202201012,202201被他行代償反守為攻-S,01,Y,01$$02$$03$$04$$05$$06$$07$$08$$09$$10$$11$$12$$13$$14$$15$$16$$17$$18$$19$$20$$21$$22$$23$$24$$25$$26$$27$$28$$29$$30$$31$$32$$33$$34$$35$$36$$37$$38$$39$$40$$41$$99,02,7,60,4,2021-12-29 15:16:41.197,1586,1586,Y,202201,232,202201專案,0$$1$$2$$3$$4$$5,25,Y,S
OBA0010,21797,2021-12-27 18:10:27.843,EST,SYSTEM,2021-12-29 15:18:48.560,OB202201013,202201滿期客戶名單-E,01,Y,01$$02$$03$$04$$05$$06$$07$$08$$09$$10$$11$$12$$13$$14$$15$$16$$17$$18$$19$$20$$21$$22$$23$$24$$25$$26$$27$$28$$29$$30$$31$$32$$33$$34$$35$$36$$37$$38$$39$$40$$41$$99,03$$04,0,36,4,2021-12-29 15:18:48.560,24807,24807,Y,202201,232,202201專案,0$$1$$2$$3,19,Y$$N,E
OBA0010,21797,2021-12-27 18:10:54.360,EST,SYSTEM,2021-12-29 15:19:15.793,OB202201014,202201中結客戶名單-S,01,Y,01$$02$$03$$04$$05$$06$$07$$08$$09$$10$$11$$12$$13$$14$$15$$16$$17$$18$$19$$20$$21$$22$$23$$24$$25$$26$$27$$28$$29$$30$$31$$32$$33$$34$$35$$36$$37$$38$$39$$40$$41$$99,02,8,60,4,2021-12-29 15:19:15.793,19601,19601,Y,202201,232,202201專案,0$$1$$2$$3$$4$$5,20,N,S
OBA0010,21797,2021-12-27 18:12:44.537,EST,SYSTEM,2021-12-29 15:19:45.013,OB202201015,202201期中客戶名單_非他新中古-H,01,Y,01$$03,01,12,84,4,2021-12-29 15:19:45.013,21281,21281,Y,202201,232,202201專案,0$$1$$2$$3$$4$$5$$6$$7$$8$$9$$10$$99,18,Y$$N,H
OBA0010,21797,2021-12-29 08:29:16.230,EST,SYSTEM,2021-12-29 15:20:02.607,OB202201016,202201滿期三年以上客戶名單-E5,01,Y,01$$02$$03$$04$$05$$06$$07$$08$$09$$10$$11$$12$$13$$14$$15$$16$$17$$18$$19$$20$$21$$22$$23$$24$$25$$26$$27$$28$$29$$30$$31$$32$$33$$34$$35$$36$$37$$38$$39$$40$$41$$99,03$$04,40,84,4,2021-12-29 15:20:02.607,23115,23115,Y,202201,232,202201專案,0$$1$$2$$3$$4$$5$$6$$7$$8,19,Y$$N,E5
OBA0010,21797,2021-12-29 08:30:20.403,EST,SYSTEM,2021-12-29 15:20:45.780,OB202201017,202201中結五年以上客戶名單-S5,01,Y,01$$02$$03$$04$$05$$06$$07$$08$$09$$10$$11$$12$$13$$14$$15$$16$$17$$18$$19$$20$$21$$22$$23$$24$$25$$26$$27$$28$$29$$30$$31$$32$$33$$34$$35$$36$$37$$38$$39$$40$$41$$99,02,64,120,4,2021-12-29 15:20:45.780,8246,8246,Y,202201,232,202201專案,0$$1$$2$$3$$4$$5$$6$$7$$8$$9$$10,20,N,S5
OBA0010,21797,2022-01-25 12:40:04.433,EST,SYSTEM,2022-01-27 13:15:28.573,OB202202001,202202期中客戶名單_他新中古-H,01,Y,02$$04$$05$$06$$11$$12$$13$$14$$15$$16$$20$$21$$22$$23,01,8,84,4,2022-01-27 13:15:28.573,22279,0,Y,202202,233,202202專案,0$$1$$2$$3$$4$$5$$6$$7$$8$$9$$10$$99,18,Y$$N,H
OBA0010,21797,2022-01-25 12:41:55.967,EST,SYSTEM,2022-01-27 13:20:43.037,OB202202002,202202期中客戶名單_機車-HM,02,Y,10$$19$$39$$40$$43,01,6,72,4,2022-01-27 13:20:43.037,12913,12913,Y,202202,233,202202專案,0$$1$$2$$3$$4$$5$$6$$7$$8$$9$$10$$99,18,Y$$N,HM
OBA0010,21797,2022-01-25 12:44:07.337,EST,SYSTEM,2022-01-27 13:16:37.623,OB202202003,202202機車客戶名單-M,02,Y,10$$19$$39$$43,02$$03$$04,0,36,6,2022-01-27 13:16:37.623,2243,2243,Y,202202,233,202202專案,0$$1$$2$$3$$4$$5$$6$$7$$8$$9$$10$$99,23,Y$$N,M
OBA0010,21797,2022-01-25 12:50:37.450,EST,SYSTEM,2022-01-27 13:16:40.733,OB202202004,202202被他行代償反守為攻-S,01,Y,01$$02$$03$$04$$05$$06$$07$$08$$09$$10$$11$$12$$13$$14$$15$$16$$17$$18$$19$$20$$21$$22$$23$$24$$25$$26$$27$$28$$29$$30$$31$$32$$33$$34$$35$$36$$37$$38$$39$$40$$41$$99,02,7,60,4,2022-01-27 13:16:40.733,2193,0,Y,202202,233,202202專案,0$$1$$2$$3$$4$$5,25,Y,S
OBA0010,21797,2022-01-25 13:23:20.417,EST,SYSTEM,2022-01-27 13:16:43.860,OB202202005,202202滿期客戶名單-E,01,Y,01$$02$$03$$04$$05$$06$$07$$08$$09$$10$$11$$12$$13$$14$$15$$16$$17$$18$$19$$20$$21$$22$$23$$24$$25$$26$$27$$28$$29$$30$$31$$32$$33$$34$$35$$36$$37$$38$$39$$40$$41$$99,03$$04,0,36,4,2022-01-27 13:16:43.860,24210,0,Y,202202,233,202202專案,0$$1$$2$$3,19,Y$$N,E
OBA0010,21797,2022-01-25 13:24:01.943,EST,SYSTEM,2022-01-27 13:16:50.327,OB202202007,202202中結客戶名單-S,01,Y,01$$02$$03$$04$$05$$06$$07$$08$$09$$10$$11$$12$$13$$14$$15$$16$$17$$18$$19$$20$$21$$22$$23$$24$$25$$26$$27$$28$$29$$30$$31$$32$$33$$34$$35$$36$$37$$38$$39$$40$$41$$99,02,8,60,4,2022-01-27 13:16:50.327,18265,0,Y,202202,233,202202專案,0$$1$$2$$3$$4$$5,20,N,S
OBA0010,21797,2022-01-25 13:25:42.173,EST,SYSTEM,2022-01-27 13:17:01.390,OB202202008,202202期中客戶名單_非他新中古-H,01,Y,01$$03,01,12,84,4,2022-01-27 13:17:01.390,19224,0,Y,202202,233,202202專案,0$$1$$2$$3$$4$$5$$6$$7$$8$$9$$10$$99,18,Y$$N,H
OBA0010,21797,2022-02-23 18:49:41.420,EST,SYSTEM,2022-02-24 15:58:10.073,OB202203001,202203期中客戶名單_他新中古-H,01,Y,02$$04$$05$$06$$11$$12$$13$$14$$15$$16$$20$$21$$22$$23,01,8,84,4,2022-02-24 15:58:10.073,19750,19750,Y,202203,234,202203專案,0$$1$$2$$3$$4$$5$$6$$7$$8$$9$$10$$99,18,Y$$N,H
OBA0010,21797,2022-02-23 19:12:35.793,EST,SYSTEM,2022-02-25 19:06:06.730,OB202203002,202203期中客戶名單_機車-HM,02,Y,10$$18$$19$$28$$29$$34$$39$$40$$43,01,6,72,4,2022-02-25 19:06:06.730,13119,13119,Y,202203,234,202203專案,0$$1$$2$$3$$4$$5$$6$$7$$8$$9$$10$$99,18,Y$$N,HM
OBA0010,21797,2022-02-23 19:13:15.240,EST,SYSTEM,2022-02-25 19:06:12.897,OB202203003,202203機車客戶名單-M,02,Y,10$$18$$19$$34$$39$$43,02$$03$$04,0,72,6,2022-02-25 19:06:12.897,10614,10614,Y,202203,234,202203專案,0$$1$$2$$3$$4$$5$$6$$7$$8$$9$$10$$99,23,Y$$N,M
OBA0010,21797,2022-02-23 19:14:08.793,EST,SYSTEM,2022-02-24 15:59:04.370,OB202203004,202203被他行代償反守為攻-S,01,Y,01$$02$$03$$04$$05$$06$$07$$08$$09$$10$$11$$12$$13$$14$$15$$16$$17$$18$$19$$20$$21$$22$$23$$24$$25$$26$$27$$28$$29$$30$$31$$32$$33$$34$$35$$36$$37$$38$$39$$40$$41$$99,02,7,60,4,2022-02-24 15:59:04.370,2033,2033,Y,202203,234,202203專案,0$$1$$2$$3$$4$$5,25,Y,S
OBA0010,21797,2022-02-23 19:14:31.420,EST,SYSTEM,2022-02-24 16:02:34.453,OB202203005,202203滿期客戶名單-E,01,Y,01$$02$$03$$04$$05$$06$$07$$08$$09$$10$$11$$12$$13$$14$$15$$16$$17$$18$$19$$20$$21$$22$$23$$24$$25$$26$$27$$28$$29$$30$$31$$32$$33$$34$$35$$36$$37$$38$$39$$40$$41$$99,03$$04,0,36,4,2022-02-24 16:02:34.453,24181,24181,Y,202203,234,202203專案,0$$1$$2$$3,19,Y$$N,E
OBA0010,21797,2022-02-23 19:14:58.740,EST,SYSTEM,2022-02-24 16:05:12.067,OB202203006,202203中結客戶名單-S,01,Y,01$$02$$03$$04$$05$$06$$07$$08$$09$$10$$11$$12$$13$$14$$15$$16$$17$$18$$19$$20$$21$$22$$23$$24$$25$$26$$27$$28$$29$$30$$31$$32$$33$$34$$35$$36$$37$$38$$39$$40$$41$$99,02,8,60,4,2022-02-24 16:05:12.067,21471,21471,Y,202203,234,202203專案,0$$1$$2$$3$$4$$5,20,N,S
OBA0010,21797,2022-02-23 19:15:20.853,EST,SYSTEM,2022-02-24 16:05:21.207,OB202203007,202203期中客戶名單_非他新中古-H,01,Y,01$$03,01,12,84,4,2022-02-24 16:05:21.207,16513,16513,Y,202203,234,202203專案,0$$1$$2$$3$$4$$5$$6$$7$$8$$9$$10$$99,18,Y$$N,H
OBA0010,21797,2022-03-28 14:57:54.950,EST,SYSTEM,2022-03-29 18:36:42.517,OB202204001,202204期中客戶名單_他新中古-H,01,Y,02$$04$$05$$06$$11$$12$$13$$14$$15$$16$$20$$21$$22$$23,01,8,84,4,2022-03-29 18:36:42.517,23521,23521,Y,202204,235,202204專案,0$$1$$2$$3$$4$$5$$6$$7$$8$$9$$10$$99,18,Y$$N,H
OBA0010,21797,2022-03-28 17:28:47.610,EST,SYSTEM,2022-03-30 14:10:59.540,OB202204002,202204期中客戶名單_機車-HM,02,Y,10$$18$$19$$28$$29$$34$$39$$40$$43,01,6,72,4,2022-03-30 14:10:59.540,15943,15943,Y,202204,235,202204專案,0$$1$$2$$3$$4$$5$$6$$7$$8$$9$$10$$99,18,Y$$N,HM
OBA0010,21797,2022-03-29 08:29:49.410,EST,SYSTEM,2022-03-29 18:38:05.533,OB202204003,202204機車客戶名單-M,02,Y,10$$18$$19$$34$$39$$40$$43,02$$03$$04,0,60,6,2022-03-29 18:38:05.533,9434,9434,Y,202204,235,202204專案,0$$1$$2$$3$$4$$5$$6$$7$$8$$9$$10$$99,23,Y$$N,M
OBA0010,21797,2022-03-29 10:18:38.803,EST,SYSTEM,2022-03-29 18:38:11.487,OB202204004,202204被他行代償反守為攻-S,01,Y,01$$02$$03$$04$$05$$06$$07$$08$$09$$10$$11$$12$$13$$14$$15$$16$$17$$18$$19$$20$$21$$22$$23$$24$$25$$26$$27$$28$$29$$30$$31$$32$$33$$34$$35$$36$$37$$38$$39$$40$$41$$99,02,7,60,4,2022-03-29 18:38:11.487,2039,2039,Y,202204,235,202204專案,0$$1$$2$$3$$4$$5,25,Y,S
OBA0010,21797,2022-03-29 10:19:05.433,EST,SYSTEM,2022-03-29 18:41:19.973,OB202204005,202204滿期客戶名單-E,01,Y,01$$02$$03$$04$$05$$06$$07$$08$$09$$10$$11$$12$$13$$14$$15$$16$$17$$18$$19$$20$$21$$22$$23$$24$$25$$26$$27$$28$$29$$30$$31$$32$$33$$34$$35$$36$$37$$38$$39$$40$$41$$99,03$$04,0,36,4,2022-03-29 18:41:19.973,24465,24465,Y,202204,235,202204專案,0$$1$$2$$3,19,Y$$N,E
OBA0010,21797,2022-03-29 10:20:00.220,EST,SYSTEM,2022-03-29 18:43:35.133,OB202204006,202204中結客戶名單-S,01,Y,01$$02$$03$$04$$05$$06$$07$$08$$09$$10$$11$$12$$13$$14$$15$$16$$17$$18$$19$$20$$21$$22$$23$$24$$25$$26$$27$$28$$29$$30$$31$$32$$33$$34$$35$$36$$37$$38$$39$$40$$41$$99,02,8,60,4,2022-03-29 18:43:35.133,20265,20265,Y,202204,235,202204專案,0$$1$$2$$3$$4$$5,20,N,S
OBA0010,21797,2022-03-29 10:20:28.270,EST,SYSTEM,2022-03-29 19:12:08.137,OB202204007,202204期中客戶名單_非他新中古-H,01,Y,01$$03,01,12,84,4,2022-03-29 19:12:08.137,21443,21443,Y,202204,235,202204專案,0$$1$$2$$3$$4$$5$$6$$7$$8$$9$$10$$99,18,Y$$N,H
OBA0010,21797,2022-03-29 10:21:31.317,EST,SYSTEM,2022-03-29 18:43:52.150,OB202204008,202204中結五年以上客戶名單-S5,01,Y,01$$02$$03$$04$$05$$06$$07$$08$$09$$10$$11$$12$$13$$14$$15$$16$$17$$18$$19$$20$$21$$22$$23$$24$$25$$26$$27$$28$$29$$30$$31$$32$$33$$34$$35$$36$$37$$38$$39$$40$$41$$99,02,64,120,4,2022-03-29 18:43:52.150,9134,9134,Y,202204,235,202204專案,0$$1$$2$$3$$4$$5$$6$$7$$8$$9$$10,20,N,S5
OBA0010,21797,2022-03-29 10:22:40.740,EST,SYSTEM,2022-03-29 18:44:50.277,OB202204009,202204滿期三年以上客戶名單-E5,01,Y,01$$02$$03$$04$$05$$06$$07$$08$$09$$10$$11$$12$$13$$14$$15$$16$$17$$18$$19$$20$$21$$22$$23$$24$$25$$26$$27$$28$$29$$30$$31$$32$$33$$34$$35$$36$$37$$38$$39$$40$$41$$99,03$$04,40,60,4,2022-03-29 18:44:50.277,12975,12975,Y,202204,235,202204專案,0$$1$$2$$3$$4$$5$$6$$7$$8,19,Y$$N,E5
OBA0010,21797,2022-03-29 10:23:17.280,EST,SYSTEM,2022-03-29 18:44:52.353,OB202204010,202204機車滿期三年以上客戶名單-M3,02,Y,00$$01$$02$$03$$04$$05$$06$$07$$08$$09$$10$$11$$12$$13$$14$$15$$16$$17$$18$$19$$20$$21$$22$$23$$24$$25$$26$$27$$28$$29$$30$$31$$32$$33$$34$$35$$36$$37$$38$$39$$40$$41$$43$$99,02$$03$$04,64,120,6,2022-03-29 18:44:52.353,4265,4265,Y,202204,235,202204專案,0$$1$$2$$3$$4$$5$$6$$7$$8$$9$$10$$99,23,Y$$N,M3
OBA0010,21797,2022-04-25 13:18:21.747,EST,SYSTEM,2022-04-28 18:05:10.143,OB202205001,202205期中客戶名單_他新中古-H,01,Y,02$$04$$05$$06$$11$$12$$13$$14$$15$$16$$20$$21$$22$$23,01,8,84,4,2022-04-28 18:05:10.143,23838,23838,Y,202205,236,202205專案,0$$1$$2$$3$$4$$5$$6$$7$$8$$9$$10$$99,18,Y$$N,H
OBA0010,21797,2022-04-25 13:26:52.473,EST,SYSTEM,2022-04-28 18:05:17.737,OB202205002,202205期中客戶名單_機車-HM,02,Y,10$$18$$19$$28$$29$$34$$39$$40$$43,01,6,72,4,2022-04-28 18:05:17.737,14755,14755,Y,202205,236,202205專案,0$$1$$2$$3$$4$$5$$6$$7$$8$$9$$10$$99,18,Y$$N,HM
OBA0010,21797,2022-04-25 16:14:04.393,EST,SYSTEM,2022-04-28 18:05:55.113,OB202205003,202205機車客戶名單-M,02,Y,10$$18$$19$$34$$39$$40$$43,02$$03$$04,0,60,6,2022-04-28 18:05:55.113,10112,10112,Y,202205,236,202205專案,0$$1$$2$$3$$4$$5$$6$$7$$8$$9$$10$$99,23,Y$$N,M
OBA0010,21797,2022-04-25 16:14:25.180,EST,SYSTEM,2022-04-28 18:05:59.987,OB202205004,202205被他行代償反守為攻-S,01,Y,01$$02$$03$$04$$05$$06$$07$$08$$09$$10$$11$$12$$13$$14$$15$$16$$17$$18$$19$$20$$21$$22$$23$$24$$25$$26$$27$$28$$29$$30$$31$$32$$33$$34$$35$$36$$37$$38$$39$$40$$41$$99,02,7,60,4,2022-04-28 18:05:59.987,1452,1452,Y,202205,236,202205專案,0$$1$$2$$3$$4$$5,25,Y,S
OBA0010,21797,2022-04-25 16:14:44.447,EST,SYSTEM,2022-04-28 18:09:17.867,OB202205005,202205滿期客戶名單-E,01,Y,01$$02$$03$$04$$05$$06$$07$$08$$09$$10$$11$$12$$13$$14$$15$$16$$17$$18$$19$$20$$21$$22$$23$$24$$25$$26$$27$$28$$29$$30$$31$$32$$33$$34$$35$$36$$37$$38$$39$$40$$41$$99,03$$04,0,36,4,2022-04-28 18:09:17.867,24475,24475,Y,202205,236,202205專案,0$$1$$2$$3,19,Y$$N,E
OBA0010,21797,2022-04-25 16:15:12.573,EST,SYSTEM,2022-04-28 18:11:32.480,OB202205006,202205中結客戶名單-S,01,Y,01$$02$$03$$04$$05$$06$$07$$08$$09$$10$$11$$12$$13$$14$$15$$16$$17$$18$$19$$20$$21$$22$$23$$24$$25$$26$$27$$28$$29$$30$$31$$32$$33$$34$$35$$36$$37$$38$$39$$40$$41$$99,02,8,60,4,2022-04-28 18:11:32.480,20253,20253,Y,202205,236,202205專案,0$$1$$2$$3$$4$$5,20,N,S
OBA0010,21797,2022-04-25 16:16:19.640,EST,SYSTEM,2022-04-28 18:14:07.733,OB202205007,202205期中客戶名單_非他新中古-H,01,Y,01$$03,01,12,84,4,2022-04-28 18:14:07.733,21853,21853,Y,202205,236,202205專案,0$$1$$2$$3$$4$$5$$6$$7$$8$$9$$10$$99,18,Y$$N,H
OBA0010,21797,2022-04-25 16:17:03.860,EST,SYSTEM,2022-04-28 18:14:37.093,OB202205008,202205中結五年以上客戶名單-S5,01,Y,01$$02$$03$$04$$05$$06$$07$$08$$09$$10$$11$$12$$13$$14$$15$$16$$17$$18$$19$$20$$21$$22$$23$$24$$25$$26$$27$$28$$29$$30$$31$$32$$33$$34$$35$$36$$37$$38$$39$$40$$41$$99,02,64,120,4,2022-04-28 18:14:37.093,8843,8843,Y,202205,236,202205專案,0$$1$$2$$3$$4$$5$$6$$7$$8$$9$$10,20,N,S5
OBA0010,21797,2022-04-25 16:17:24.757,EST,SYSTEM,2022-04-28 18:15:20.703,OB202205009,202205滿期三年以上客戶名單-E5,01,Y,01$$02$$03$$04$$05$$06$$07$$08$$09$$10$$11$$12$$13$$14$$15$$16$$17$$18$$19$$20$$21$$22$$23$$24$$25$$26$$27$$28$$29$$30$$31$$32$$33$$34$$35$$36$$37$$38$$39$$40$$41$$99,03$$04,40,60,4,2022-04-28 18:15:20.703,11222,11222,Y,202205,236,202205專案,0$$1$$2$$3$$4$$5$$6$$7$$8,19,Y$$N,E5
OBA0010,21797,2022-04-25 16:17:52.960,EST,SYSTEM,2022-04-28 18:15:27.033,OB202205010,202205機車滿期三年以上客戶名單-M3,02,Y,00$$01$$02$$03$$04$$05$$06$$07$$08$$09$$10$$11$$12$$13$$14$$15$$16$$17$$18$$19$$20$$21$$22$$23$$24$$25$$26$$27$$28$$29$$30$$31$$32$$33$$34$$35$$36$$37$$38$$39$$40$$41$$43$$99,02$$03$$04,64,120,6,2022-04-28 18:15:27.033,4850,4850,Y,202205,236,202205專案,0$$1$$2$$3$$4$$5$$6$$7$$8$$9$$10$$99,23,Y$$N,M3
OBA0010,21797,2022-05-24 17:40:52.953,EST,SYSTEM,2022-05-30 09:06:32.447,OB202206001,202206期中客戶名單_他新中古-H,01,Y,02$$04$$05$$06$$11$$12$$13$$14$$15$$16$$20$$21$$22$$23,01,8,84,4,2022-05-30 09:06:32.447,22676,22676,Y,202206,237,202206專案,0$$1$$2$$3$$4$$5$$6$$7$$8$$9$$10$$99,18,Y$$N,H
OBA0010,21797,2022-05-26 08:42:21.290,EST,SYSTEM,2022-05-30 09:07:02.790,OB202206002,202206期中客戶名單_機車-HM,02,Y,10$$18$$19$$28$$29$$34$$39$$40$$43,01,6,72,4,2022-05-30 09:07:02.790,19253,19253,Y,202206,237,202206專案,0$$1$$2$$3$$4$$5$$6$$7$$8$$9$$10$$99,18,Y$$N,HM
OBA0010,21797,2022-05-26 08:42:44.450,EST,SYSTEM,2022-05-30 09:07:16.917,OB202206003,202206機車客戶名單-M,02,Y,10$$18$$19$$34$$39$$40$$43,02$$03$$04,0,60,6,2022-05-30 09:07:16.917,11896,11896,Y,202206,237,202206專案,0$$1$$2$$3$$4$$5$$6$$7$$8$$9$$10$$99,23,Y$$N,M
OBA0010,21797,2022-05-26 08:43:06.647,EST,SYSTEM,2022-05-30 09:07:19.057,OB202206004,202206被他行代償反守為攻-S,01,Y,01$$02$$03$$04$$05$$06$$07$$08$$09$$10$$11$$12$$13$$14$$15$$16$$17$$18$$19$$20$$21$$22$$23$$24$$25$$26$$27$$28$$29$$30$$31$$32$$33$$34$$35$$36$$37$$38$$39$$40$$41$$99,02,7,60,4,2022-05-30 09:07:19.057,1967,1967,Y,202206,237,202206專案,0$$1$$2$$3$$4$$5,25,Y,S
OBA0010,21797,2022-05-26 08:43:27.387,EST,SYSTEM,2022-05-30 09:07:20.963,OB202206005,202206滿期客戶名單-E,01,Y,01$$02$$03$$04$$05$$06$$07$$08$$09$$10$$11$$12$$13$$14$$15$$16$$17$$18$$19$$20$$21$$22$$23$$24$$25$$26$$27$$28$$29$$30$$31$$32$$33$$34$$35$$36$$37$$38$$39$$40$$41$$99,03$$04,0,36,4,2022-05-30 09:07:20.963,23003,23003,Y,202206,237,202206專案,0$$1$$2$$3,19,Y$$N,E
OBA0010,21797,2022-05-26 08:43:49.317,EST,SYSTEM,2022-05-30 09:07:22.603,OB202206006,202206中結客戶名單-S,01,Y,01$$02$$03$$04$$05$$06$$07$$08$$09$$10$$11$$12$$13$$14$$15$$16$$17$$18$$19$$20$$21$$22$$23$$24$$25$$26$$27$$28$$29$$30$$31$$32$$33$$34$$35$$36$$37$$38$$39$$40$$41$$99,02,8,60,4,2022-05-30 09:07:22.603,18696,18696,Y,202206,237,202206專案,0$$1$$2$$3$$4$$5,20,N,S
OBA0010,21797,2022-05-26 08:44:13.450,EST,SYSTEM,2022-05-30 09:07:25.320,OB202206007,202206期中客戶名單_非他新中古-H,01,Y,01$$03,01,12,84,4,2022-05-30 09:07:25.320,19653,19653,Y,202206,237,202206專案,0$$1$$2$$3$$4$$5$$6$$7$$8$$9$$10$$99,18,Y$$N,H
OBA0010,21797,2022-05-26 08:44:40.440,EST,SYSTEM,2022-05-30 09:07:26.917,OB202206008,202206中結五年以上客戶名單-S5,01,Y,01$$02$$03$$04$$05$$06$$07$$08$$09$$10$$11$$12$$13$$14$$15$$16$$17$$18$$19$$20$$21$$22$$23$$24$$25$$26$$27$$28$$29$$30$$31$$32$$33$$34$$35$$36$$37$$38$$39$$40$$41$$99,02,64,120,4,2022-05-30 09:07:26.917,9408,9408,Y,202206,237,202206專案,0$$1$$2$$3$$4$$5$$6$$7$$8$$9,20,Y$$N,S5
OBA0010,21797,2022-05-26 08:45:26.890,EST,SYSTEM,2022-05-30 09:07:28.603,OB202206009,202206滿期三年以上客戶名單-E5,01,Y,01$$02$$03$$04$$05$$06$$07$$08$$09$$10$$11$$12$$13$$14$$15$$16$$17$$18$$19$$20$$21$$22$$23$$24$$25$$26$$27$$28$$29$$30$$31$$32$$33$$34$$35$$36$$37$$38$$39$$40$$41$$99,03$$04,40,60,4,2022-05-30 09:07:28.603,11618,11618,Y,202206,237,202206專案,0$$1$$2$$3$$4$$5$$6$$7$$8,19,Y$$N,E5
OBA0010,21797,2022-05-26 09:04:34.433,EST,SYSTEM,2022-05-30 09:07:31.463,OB202206010,202206機車滿期三年以上客戶名單-M3,02,Y,10$$16$$18$$19$$26$$27$$28$$29$$30$$31$$32$$33$$34$$35$$36$$37$$38$$39$$40,02$$03$$04,64,96,6,2022-05-30 09:07:31.463,13439,13439,Y,202206,237,202206專案,0$$1$$2$$3$$4$$5$$6$$7$$99,23,Y$$N,M3
OBA0010,21797,2022-06-27 08:18:43.757,EST,SYSTEM,2022-06-28 16:58:04.860,OB202207001,202207期中客戶名單_他新中古-H,01,Y,02$$04$$05$$06$$11$$12$$13$$14$$15$$16$$20$$21$$22$$23,01,8,84,4,2022-06-28 16:58:04.860,21456,21456,Y,202207,238,202207專案,0$$1$$2$$3$$4$$5$$6$$7$$8$$9$$10$$99,18,Y$$N,H
OBA0010,21797,2022-06-27 08:19:07.290,EST,SYSTEM,2022-06-28 17:01:01.533,OB202207002,202207期中客戶名單_機車-HM,02,Y,10$$18$$19$$28$$29$$34$$39$$40$$43,01,6,72,4,2022-06-28 17:01:01.533,21137,21137,Y,202207,238,202207專案,0$$1$$2$$3$$4$$5$$6$$7$$8$$9$$10$$99,18,Y$$N,HM
OBA0010,21797,2022-06-27 08:19:39.280,EST,SYSTEM,2022-06-28 17:01:50.033,OB202207003,202207機車客戶名單-M,02,Y,10$$18$$19$$34$$39$$40$$43,02$$03$$04,0,60,6,2022-06-28 17:01:50.033,11244,11244,Y,202207,238,202207專案,0$$1$$2$$3$$4$$5$$6$$7$$8$$9$$10$$99,23,Y$$N,M
OBA0010,21797,2022-06-27 08:19:53.660,EST,SYSTEM,2022-06-28 17:01:57.690,OB202207004,202207被他行代償反守為攻-S,01,Y,01$$02$$03$$04$$05$$06$$07$$08$$09$$10$$11$$12$$13$$14$$15$$16$$17$$18$$19$$20$$21$$22$$23$$24$$25$$26$$27$$28$$29$$30$$31$$32$$33$$34$$35$$36$$37$$38$$39$$40$$41$$99,02,7,60,4,2022-06-28 17:01:57.690,1799,1799,Y,202207,238,202207專案,0$$1$$2$$3$$4$$5,25,Y,S
OBA0010,21797,2022-06-27 08:20:13.410,EST,SYSTEM,2022-06-28 17:05:25.490,OB202207005,202207滿期客戶名單-E,01,Y,01$$02$$03$$04$$05$$06$$07$$08$$09$$10$$11$$12$$13$$14$$15$$16$$17$$18$$19$$20$$21$$22$$23$$24$$25$$26$$27$$28$$29$$30$$31$$32$$33$$34$$35$$36$$37$$38$$39$$40$$41$$99,03$$04,0,36,4,2022-06-28 17:05:25.490,23774,23774,Y,202207,238,202207專案,0$$1$$2$$3,19,Y$$N,E
OBA0010,21797,2022-06-27 08:20:48.230,EST,SYSTEM,2022-06-28 17:08:24.480,OB202207006,202207中結客戶名單-S,01,Y,01$$02$$03$$04$$05$$06$$07$$08$$09$$10$$11$$12$$13$$14$$15$$16$$17$$18$$19$$20$$21$$22$$23$$24$$25$$26$$27$$28$$29$$30$$31$$32$$33$$34$$35$$36$$37$$38$$39$$40$$41$$99,02,8,60,4,2022-06-28 17:08:24.480,21522,21522,Y,202207,238,202207專案,0$$1$$2$$3$$4$$5,20,N,S
OBA0010,21797,2022-06-27 08:21:13.860,EST,SYSTEM,2022-06-28 17:10:29.997,OB202207007,202207期中客戶名單_非他新中古-H,01,Y,01$$03,01,12,84,4,2022-06-28 17:10:29.997,17678,17678,Y,202207,238,202207專案,0$$1$$2$$3$$4$$5$$6$$7$$8$$9$$10$$99,18,Y$$N,H
OBA0010,21797,2022-06-27 08:21:37.427,EST,SYSTEM,2022-06-28 17:11:23.780,OB202207008,202207中結五年以上客戶名單-S5,01,Y,01$$02$$03$$04$$05$$06$$07$$08$$09$$10$$11$$12$$13$$14$$15$$16$$17$$18$$19$$20$$21$$22$$23$$24$$25$$26$$27$$28$$29$$30$$31$$32$$33$$34$$35$$36$$37$$38$$39$$40$$41$$99,02,64,120,4,2022-06-28 17:11:23.780,11087,11087,Y,202207,238,202207專案,0$$1$$2$$3$$4$$5$$6$$7$$8$$9,20,Y$$N,S5
OBA0010,21797,2022-06-27 08:22:04.593,EST,SYSTEM,2022-06-28 17:12:26.910,OB202207009,202207滿期三年以上客戶名單-E5,01,Y,01$$02$$03$$04$$05$$06$$07$$08$$09$$10$$11$$12$$13$$14$$15$$16$$17$$18$$19$$20$$21$$22$$23$$24$$25$$26$$27$$28$$29$$30$$31$$32$$33$$34$$35$$36$$37$$38$$39$$40$$41$$99,03$$04,40,60,4,2022-06-28 17:12:26.910,13162,13162,Y,202207,238,202207專案,0$$1$$2$$3$$4$$5$$6$$7$$8,19,Y$$N,E5
OBA0010,21797,2022-06-27 08:22:25.240,EST,SYSTEM,2022-06-28 17:12:30.707,OB202207010,202207機車滿期三年以上客戶名單-M3,02,Y,10$$16$$18$$19$$26$$27$$28$$29$$30$$31$$32$$33$$34$$35$$36$$37$$38$$39$$40,02$$03$$04,64,96,6,2022-06-28 17:12:30.707,16278,16278,Y,202207,238,202207專案,0$$1$$2$$3$$4$$5$$6$$7$$99,23,Y$$N,M3
OBA0010,21797,2022-07-26 08:18:39.263,EST,SYSTEM,2022-07-29 12:03:40.133,OB202208001,202208期中客戶名單_他新中古-H,01,Y,02$$04$$05$$06$$11$$12$$13$$14$$15$$16$$20$$21$$22$$23,01,8,84,4,2022-07-29 12:03:40.133,20845,20845,Y,202208,240,202208專案,0$$1$$2$$3$$4$$5$$6$$7$$8$$9$$10$$99,18,Y$$N,H
OBA0010,21797,2022-07-26 08:19:09.430,EST,SYSTEM,2022-07-29 12:03:52.307,OB202208002,202208期中客戶名單_機車-HM,02,Y,10$$18$$19$$28$$29$$34$$39$$40$$43,01,6,72,4,2022-07-29 12:03:52.307,21132,21132,Y,202208,240,202208專案,0$$1$$2$$3$$4$$5$$6$$7$$8$$9$$10$$99,18,Y$$N,HM
OBA0010,21797,2022-07-26 08:19:28.933,EST,SYSTEM,2022-07-29 12:03:59.620,OB202208003,202208機車客戶名單-M,02,Y,10$$18$$19$$34$$39$$40$$43,02$$03$$04,0,60,6,2022-07-29 12:03:59.620,9641,9641,Y,202208,240,202208專案,0$$1$$2$$3$$4$$5$$6$$7$$8$$9$$10$$99,23,Y$$N,M
OBA0010,21797,2022-07-26 08:20:11.933,EST,SYSTEM,2022-07-29 12:04:06.727,OB202208004,202208被他行代償反守為攻-S,01,Y,01$$02$$03$$04$$05$$06$$07$$08$$09$$10$$11$$12$$13$$14$$15$$16$$17$$18$$19$$20$$21$$22$$23$$24$$25$$26$$27$$28$$29$$30$$31$$32$$33$$34$$35$$36$$37$$38$$39$$40$$41$$99,02,7,60,4,2022-07-29 12:04:06.727,1811,1811,Y,202208,240,202208專案,0$$1$$2$$3$$4$$5,25,Y,S
OBA0010,21797,2022-07-26 08:20:26.130,EST,SYSTEM,2022-07-29 12:04:20.213,OB202208005,202208滿期客戶名單-E,01,Y,01$$02$$03$$04$$05$$06$$07$$08$$09$$10$$11$$12$$13$$14$$15$$16$$17$$18$$19$$20$$21$$22$$23$$24$$25$$26$$27$$28$$29$$30$$31$$32$$33$$34$$35$$36$$37$$38$$39$$40$$41$$99,03$$04,0,36,4,2022-07-29 12:04:20.213,24350,24350,Y,202208,240,202208專案,0$$1$$2$$3,19,Y$$N,E
OBA0010,21797,2022-07-26 08:20:53.973,EST,SYSTEM,2022-07-29 12:04:31.883,OB202208006,202208中結客戶名單-S,01,Y,01$$02$$03$$04$$05$$06$$07$$08$$09$$10$$11$$12$$13$$14$$15$$16$$17$$18$$19$$20$$21$$22$$23$$24$$25$$26$$27$$28$$29$$30$$31$$32$$33$$34$$35$$36$$37$$38$$39$$40$$41$$99,02,8,60,4,2022-07-29 12:04:31.883,20775,20775,Y,202208,240,202208專案,0$$1$$2$$3$$4$$5,20,N,S
OBA0010,21797,2022-07-26 08:21:14.873,EST,SYSTEM,2022-07-29 12:04:43.353,OB202208007,202208期中客戶名單_非他新中古-H,01,Y,01$$03,01,12,84,4,2022-07-29 12:04:43.353,21916,21916,Y,202208,240,202208專案,0$$1$$2$$3$$4$$5$$6$$7$$8$$9$$10$$99,18,Y$$N,H
OBA0010,21797,2022-07-26 08:21:45.083,EST,SYSTEM,2022-07-29 12:04:52.980,OB202208008,202208中結五年以上客戶名單-S5,01,Y,01$$02$$03$$04$$05$$06$$07$$08$$09$$10$$11$$12$$13$$14$$15$$16$$17$$18$$19$$20$$21$$22$$23$$24$$25$$26$$27$$28$$29$$30$$31$$32$$33$$34$$35$$36$$37$$38$$39$$40$$41$$99,02,64,120,4,2022-07-29 12:04:52.980,10190,10190,Y,202208,240,202208專案,0$$1$$2$$3$$4$$5$$6$$7$$8$$9,20,Y$$N,S5
OBA0010,21797,2022-07-26 08:22:44.260,EST,SYSTEM,2022-07-29 12:04:59.743,OB202208009,202208滿期三年以上客戶名單-E5,01,Y,01$$02$$03$$04$$05$$06$$07$$08$$09$$10$$11$$12$$13$$14$$15$$16$$17$$18$$19$$20$$21$$22$$23$$24$$25$$26$$27$$28$$29$$30$$31$$32$$33$$34$$35$$36$$37$$38$$39$$40$$41$$99,03$$04,40,60,4,2022-07-29 12:04:59.743,12392,12392,Y,202208,240,202208專案,0$$1$$2$$3$$4$$5$$6$$7$$8,19,Y$$N,E5
OBA0010,21797,2022-07-26 08:23:05.433,EST,SYSTEM,2022-07-29 12:05:04.760,OB202208010,202208機車滿期三年以上客戶名單-M3,02,Y,10$$16$$18$$19$$26$$27$$28$$29$$30$$31$$32$$33$$34$$35$$36$$37$$38$$39$$40,02$$03$$04,64,108,6,2022-07-29 12:05:04.760,20232,20232,Y,202208,240,202208專案,0$$1$$2$$3$$4$$5$$6$$7$$8$$9$$10$$99,23,Y$$N,M3
OBA0010,21797,2022-08-01 08:30:33.653,EST,SYSTEM,2022-08-04 15:42:10.970,OB202208011,202208期中商品-HC,03,Y,10$$16$$18$$19$$26$$27$$28$$29$$30$$31$$32$$33$$34$$35$$36$$37$$38$$39$$40,01$$04,6,60,4,2022-08-04 15:42:10.970,9126,9126,Y,202208,240,202208專案,0$$1$$2$$3$$4$$5$$6$$7$$8$$9$$10$$99,23,Y$$N,HC
OBA0010,22063,2022-07-29 11:50:25.207,EST,SYSTEM,2022-08-04 15:42:16.093,OB202208012,202208商品,03,Y,10$$16$$18$$19$$26$$27$$28$$29$$30$$31$$32$$33$$34$$35$$36$$37$$38$$39$$40,02$$03,0,60,4,2022-08-04 15:42:16.093,696,696,Y,202208,240,202208專案,0$$1$$2$$3$$4$$5$$6$$7$$8$$9$$10$$99,23,Y$$N,C3
OBA0010,21797,2022-08-10 14:22:00.777,EST,SYSTEM,2022-08-31 15:46:13.777,OB202209001,202209期中客戶名單_他新中古-H,01,Y,02$$04$$05$$06$$11$$12$$13$$14$$15$$16$$20$$21$$22$$23,01,8,84,4,2022-08-31 15:46:13.777,21484,21484,Y,202209,241,202209專案,0$$1$$2$$3$$4$$5$$6$$7$$8$$9$$10$$99,18,Y$$N,H
OBA0010,21797,2022-08-19 09:41:19.627,EST,SYSTEM,2022-08-31 15:46:36.433,OB202209002,202209期中客戶名單_機車-HM,02,Y,10$$18$$19$$28$$29$$34$$39$$40$$43,01,6,72,4,2022-08-31 15:46:36.433,17454,17454,Y,202209,241,202209專案,0$$1$$2$$3$$4$$5$$6$$7$$8$$9$$10$$99,18,Y$$N,HM
OBA0010,21797,2022-08-19 09:42:44.780,EST,SYSTEM,2022-08-31 15:46:47.417,OB202209004,202209機車客戶名單-M,02,Y,10$$18$$19$$34$$39$$40$$43,02$$03$$04,0,60,6,2022-08-31 15:46:47.417,11521,11521,Y,202209,241,202209專案,0$$1$$2$$3$$4$$5$$6$$7$$8$$9$$10$$99,23,Y$$N,M
OBA0010,21797,2022-08-19 09:43:24.517,EST,SYSTEM,2022-08-31 15:46:53.433,OB202209005,202209被他行代償反守為攻-S,01,Y,01$$02$$03$$04$$05$$06$$07$$08$$09$$10$$11$$12$$13$$14$$15$$16$$17$$18$$19$$20$$21$$22$$23$$24$$25$$26$$27$$28$$29$$30$$31$$32$$33$$34$$35$$36$$37$$38$$39$$40$$41$$99,02,7,60,4,2022-08-31 15:46:53.433,1240,1240,Y,202209,241,202209專案,0$$1$$2$$3$$4$$5,25,Y,S
OBA0010,21797,2022-08-19 09:44:27.560,EST,SYSTEM,2022-08-31 15:47:27.090,OB202209006,202209滿期客戶名單-E,01,Y,01$$02$$03$$04$$05$$06$$07$$08$$09$$10$$11$$12$$13$$14$$15$$16$$17$$18$$19$$20$$21$$22$$23$$24$$25$$26$$27$$28$$29$$30$$31$$32$$33$$34$$35$$36$$37$$38$$39$$40$$41$$99,03$$04,0,36,4,2022-08-31 15:47:27.090,24169,24169,Y,202209,241,202209專案,0$$1$$2$$3,19,Y$$N,E
OBA0010,21797,2022-08-19 09:44:52.153,EST,SYSTEM,2022-08-31 15:47:44.997,OB202209007,202209中結客戶名單-S,01,Y,01$$02$$03$$04$$05$$06$$07$$08$$09$$10$$11$$12$$13$$14$$15$$16$$17$$18$$19$$20$$21$$22$$23$$24$$25$$26$$27$$28$$29$$30$$31$$32$$33$$34$$35$$36$$37$$38$$39$$40$$41$$99,02,8,60,4,2022-08-31 15:47:44.997,20451,20451,Y,202209,241,202209專案,0$$1$$2$$3$$4$$5,20,N,S
OBA0010,21797,2022-08-19 09:45:29.793,EST,SYSTEM,2022-08-31 15:48:16.827,OB202209008,202209期中客戶名單_非他新中古-H,01,Y,01$$03,01,12,84,4,2022-08-31 15:48:16.827,21389,21389,Y,202209,241,202209專案,0$$1$$2$$3$$4$$5$$6$$7$$8$$9$$10$$99,18,Y$$N,H
OBA0010,21797,2022-08-19 09:46:04.530,EST,SYSTEM,2022-08-31 15:48:26.513,OB202209009,202209中結五年以上客戶名單-S5,01,Y,01$$02$$03$$04$$05$$06$$07$$08$$09$$10$$11$$12$$13$$14$$15$$16$$17$$18$$19$$20$$21$$22$$23$$24$$25$$26$$27$$28$$29$$30$$31$$32$$33$$34$$35$$36$$37$$38$$39$$40$$41$$99,02,64,120,4,2022-08-31 15:48:26.513,9976,9976,Y,202209,241,202209專案,0$$1$$2$$3$$4$$5$$6$$7$$8$$9,20,Y$$N,S5
OBA0010,21797,2022-08-19 09:46:30.520,EST,SYSTEM,2022-08-31 15:48:43.077,OB202209010,202209滿期三年以上客戶名單-E5,01,Y,01$$02$$03$$04$$05$$06$$07$$08$$09$$10$$11$$12$$13$$14$$15$$16$$17$$18$$19$$20$$21$$22$$23$$24$$25$$26$$27$$28$$29$$30$$31$$32$$33$$34$$35$$36$$37$$38$$39$$40$$41$$99,03$$04,40,60,4,2022-08-31 15:48:43.077,10489,10489,Y,202209,241,202209專案,0$$1$$2$$3$$4$$5$$6$$7$$8,19,Y$$N,E5
OBA0010,21797,2022-08-19 09:46:56.643,EST,SYSTEM,2022-08-31 15:48:49.810,OB202209011,202209機車中結滿期五年以上客戶名單-M3,02,Y,10$$16$$18$$19$$26$$27$$28$$29$$30$$31$$32$$33$$34$$35$$36$$37$$38$$39$$40,02$$03$$04,64,108,6,2022-08-31 15:48:49.810,17367,17367,Y,202209,241,202209專案,0$$1$$2$$3$$4$$5$$6$$7$$8$$9$$10$$99,23,Y$$N,M3
OBA0010,21797,2022-08-19 09:47:24.770,EST,SYSTEM,2022-09-02 11:03:26.040,OB202209012,202209商品-C3,03,Y,10$$16$$18$$19$$24$$25$$26$$27$$28$$29$$30$$31$$32$$33$$34$$35$$36$$37$$38$$41,02$$03$$04,0,60,4,2022-09-02 11:03:26.040,9471,9471,Y,202209,241,202209專案,0$$1$$2$$3$$4$$5$$6$$7$$8$$9$$10$$99,23,Y$$N,C3
OBA0010,21797,2022-08-19 09:47:44.777,EST,SYSTEM,2022-09-02 11:03:12.133,OB202209013,202209期中商品-HC,03,Y,10$$16$$18$$19$$26$$27$$28$$29$$30$$31$$32$$33$$34$$35$$36$$37$$38$$39$$40,01,6,60,4,2022-09-02 11:03:12.133,179,179,Y,202209,241,202209專案,0$$1$$2$$3$$4$$5$$6$$7$$8$$9$$10$$99,23,Y$$N,HC
OBA0010,21797,2022-09-22 14:17:02.450,EST,SYSTEM,2022-09-28 14:25:30.170,OB202210001,202210期中客戶名單_他新中古-H,01,Y,02$$04$$05$$06$$11$$12$$13$$14$$15$$16$$20$$21$$22$$23,01,8,84,4,2022-09-28 14:25:30.170,24241,24241,Y,202210,242,202210專案,0$$1$$2$$3$$4$$5$$6$$7$$8$$9$$10$$99,18,Y$$N,H
OBA0010,21797,2022-09-22 15:20:30.160,EST,SYSTEM,2022-09-28 14:25:50.267,OB202210002,202210期中客戶名單_機車-HM,02,Y,10$$18$$19$$28$$29$$34$$39$$40$$43,01,6,72,4,2022-09-28 14:25:50.267,20827,20827,Y,202210,242,202210專案,0$$1$$2$$3$$4$$5$$6$$7$$8$$9$$10$$99,18,Y$$N,HM
OBA0010,21797,2022-09-22 15:21:10.700,EST,SYSTEM,2022-09-28 14:26:01.203,OB202210003,202210機車客戶名單-M,02,Y,10$$18$$19$$34$$39$$40$$43,02$$03$$04,0,60,6,2022-09-28 14:26:01.203,11146,11146,Y,202210,242,202210專案,0$$1$$2$$3$$4$$5$$6$$7$$8$$9$$10$$99,23,Y$$N,M
OBA0010,21797,2022-09-22 15:25:59.830,EST,SYSTEM,2022-09-28 14:26:07.377,OB202210004,202210被他行代償反守為攻-S,01,Y,01$$02$$03$$04$$05$$06$$07$$08$$09$$10$$11$$12$$13$$14$$15$$16$$17$$18$$19$$20$$21$$22$$23$$24$$25$$26$$27$$28$$29$$30$$31$$32$$33$$34$$35$$36$$37$$38$$39$$40$$41$$99,02,7,60,4,2022-09-28 14:26:07.377,1731,1731,Y,202210,242,202210專案,0$$1$$2$$3$$4$$5,25,Y,S
OBA0010,21797,2022-09-22 15:28:08.720,EST,SYSTEM,2022-09-28 14:26:42.267,OB202210005,202210滿期客戶名單-E,01,Y,01$$02$$03$$04$$05$$06$$07$$08$$09$$10$$11$$12$$13$$14$$15$$16$$17$$18$$19$$20$$21$$22$$23$$24$$25$$26$$27$$28$$29$$30$$31$$32$$33$$34$$35$$36$$37$$38$$39$$40$$41$$99,03$$04,0,36,4,2022-09-28 14:26:42.267,22847,22847,Y,202210,242,202210專案,0$$1$$2$$3,19,Y$$N,E
OBA0010,21797,2022-09-22 15:29:14.487,EST,SYSTEM,2022-09-28 14:26:58.300,OB202210006,202210中結客戶名單-S,01,Y,01$$02$$03$$04$$05$$06$$07$$08$$09$$10$$11$$12$$13$$14$$15$$16$$17$$18$$19$$20$$21$$22$$23$$24$$25$$26$$27$$28$$29$$30$$31$$32$$33$$34$$35$$36$$37$$38$$39$$40$$41$$99,02,8,60,4,2022-09-28 14:26:58.300,18137,18137,Y,202210,242,202210專案,0$$1$$2$$3$$4$$5,20,N,S
OBA0010,21797,2022-09-22 15:29:54.487,EST,SYSTEM,2022-09-28 14:27:30.847,OB202210007,202210期中客戶名單_非他新中古-H,01,Y,01$$03,01,12,84,4,2022-09-28 14:27:30.847,20237,20237,Y,202210,242,202210專案,0$$1$$2$$3$$4$$5$$6$$7$$8$$9$$10$$99,18,Y$$N,H
OBA0010,21797,2022-09-22 15:34:01.283,EST,SYSTEM,2022-09-28 14:27:49.893,OB202210008,202210中結五年以上客戶名單-S5,01,Y,01$$02$$03$$04$$05$$06$$07$$08$$09$$10$$11$$12$$13$$14$$15$$16$$17$$18$$19$$20$$21$$22$$23$$24$$25$$26$$27$$28$$29$$30$$31$$32$$33$$34$$35$$36$$37$$38$$39$$40$$41$$99,02,64,120,4,2022-09-28 14:27:49.893,9475,9475,Y,202210,242,202210專案,0$$1$$2$$3$$4$$5$$6$$7$$8$$9,20,Y$$N,S5
OBA0010,21797,2022-09-22 15:37:09.453,EST,SYSTEM,2022-09-28 14:28:17.550,OB202210009,202210滿期三年以上客戶名單-E5,01,Y,01$$02$$03$$04$$05$$06$$07$$08$$09$$10$$11$$12$$13$$14$$15$$16$$17$$18$$19$$20$$21$$22$$23$$24$$25$$26$$27$$28$$29$$30$$31$$32$$33$$34$$35$$36$$37$$38$$39$$40$$41$$99,03$$04,40,60,4,2022-09-28 14:28:17.550,11093,11093,Y,202210,242,202210專案,0$$1$$2$$3$$4$$5$$6$$7$$8,19,Y$$N,E5
OBA0010,21797,2022-09-22 16:00:20.790,EST,SYSTEM,2022-09-28 14:28:28.177,OB202210010,202210機車中結滿期五年以上客戶名單-M3,02,Y,10$$16$$18$$19$$26$$27$$28$$29$$30$$31$$32$$33$$34$$35$$36$$37$$38$$39$$40,02$$03$$04,64,108,6,2022-09-28 14:28:28.177,18522,18522,Y,202210,242,202210專案,0$$1$$2$$3$$4$$5$$6$$7$$8$$9$$10$$99,23,Y$$N,M3
OBA0010,21797,2022-09-22 16:16:47.970,EST,SYSTEM,2022-09-28 14:28:35.050,OB202210011,202210商品-C3,03,Y,10$$16$$18$$19$$24$$25$$26$$27$$28$$29$$30$$31$$32$$33$$34$$35$$36$$37$$38$$41,02$$03$$04,0,60,4,2022-09-28 14:28:35.050,8949,8949,Y,202210,242,202210專案,0$$1$$2$$3$$4$$5$$6$$7$$8$$9$$10$$99,23,Y$$N,C3
OBA0010,21797,2022-09-22 16:29:58.567,EST,SYSTEM,2022-09-28 14:28:39.287,OB202210012,202210期中商品-HC,03,Y,10$$16$$18$$19$$26$$27$$28$$29$$30$$31$$32$$33$$34$$35$$36$$37$$38$$39$$40$$41,01,6,60,4,2022-09-28 14:28:39.287,478,478,Y,202210,242,202210專案,0$$1$$2$$3$$4$$5$$6$$7$$8$$9$$10$$99,23,Y$$N,HC
OBZ020,22323,2022-10-26 16:14:17.933,OBZ020,22323,2022-11-23 08:39:13.567,OB202211001,202211被他行代償反守為攻-S,01,Y,01$$02$$03$$04$$05$$06$$07$$08$$09$$10$$11$$12$$13$$14$$15$$16$$17$$18$$19$$20$$21$$22$$23$$24$$25$$26$$27$$28$$29$$30$$31$$32$$33$$34$$35$$36$$37$$38$$39$$40$$41$$99,02,7,60,4,2022-10-31 14:42:16.850,1572,1572,Y,202211,,,0$$1$$2$$3$$4$$5,,Y,S
OBZ020,22323,2022-10-26 16:14:17.933,EST,SYSTEM,2022-10-31 14:42:56.193,OB202211002,202211滿期客戶名單-E,01,Y,01$$02$$03$$04$$05$$06$$07$$08$$09$$10$$11$$12$$13$$14$$15$$16$$17$$18$$19$$20$$21$$22$$23$$24$$25$$26$$27$$28$$29$$30$$31$$32$$33$$34$$35$$36$$37$$38$$39$$40$$41$$99,03$$04,0,36,4,2022-10-31 14:42:56.193,23187,23187,Y,202211,,,0$$1$$2$$3,,Y$$N,E
OBZ020,22323,2022-10-26 16:14:17.933,EST,SYSTEM,2022-10-31 14:43:18.943,OB202211003,202211中結客戶名單-S,01,Y,01$$02$$03$$04$$05$$06$$07$$08$$09$$10$$11$$12$$13$$14$$15$$16$$17$$18$$19$$20$$21$$22$$23$$24$$25$$26$$27$$28$$29$$30$$31$$32$$33$$34$$35$$36$$37$$38$$39$$40$$41$$99,02,8,60,4,2022-10-31 14:43:18.943,21860,21860,Y,202211,,,0$$1$$2$$3$$4$$5,,N,S
OBZ020,22323,2022-10-26 16:14:17.933,EST,SYSTEM,2022-10-31 14:43:45.150,OB202211004,202211期中客戶名單_非他新中古-H,01,Y,01$$03,01,12,84,4,2022-10-31 14:43:45.150,18757,18757,Y,202211,,,0$$1$$2$$3$$4$$5$$6$$7$$8$$9$$10$$99,,Y$$N,H
OBZ020,22323,2022-10-26 16:14:17.933,EST,SYSTEM,2022-10-31 14:43:59.087,OB202211005,202211中結五年以上客戶名單-S5,01,Y,01$$02$$03$$04$$05$$06$$07$$08$$09$$10$$11$$12$$13$$14$$15$$16$$17$$18$$19$$20$$21$$22$$23$$24$$25$$26$$27$$28$$29$$30$$31$$32$$33$$34$$35$$36$$37$$38$$39$$40$$41$$99,02,64,120,4,2022-10-31 14:43:59.087,10908,10908,Y,202211,,,0$$1$$2$$3$$4$$5$$6$$7$$8$$9,,Y$$N,S5
OBZ020,22323,2022-10-26 16:14:17.933,EST,SYSTEM,2022-10-31 14:44:23.900,OB202211006,202211滿期三年以上客戶名單-E5,01,Y,01$$02$$03$$04$$05$$06$$07$$08$$09$$10$$11$$12$$13$$14$$15$$16$$17$$18$$19$$20$$21$$22$$23$$24$$25$$26$$27$$28$$29$$30$$31$$32$$33$$34$$35$$36$$37$$38$$39$$40$$41$$99,03$$04,40,60,4,2022-10-31 14:44:23.900,12873,12873,Y,202211,,,0$$1$$2$$3$$4$$5$$6$$7$$8,,Y$$N,E5
OBZ020,22323,2022-10-26 16:14:17.933,EST,SYSTEM,2022-10-31 14:44:31.510,OB202211007,202211機車中結滿期五年以上客戶名單-M3,02,Y,10$$16$$18$$19$$26$$27$$28$$29$$30$$31$$32$$33$$34$$35$$36$$37$$38$$39$$40,02$$03$$04,64,108,6,2022-10-31 14:44:31.510,17947,17947,Y,202211,,,0$$1$$2$$3$$4$$5$$6$$7$$8$$9$$10$$99,,Y$$N,M3
OBZ020,22323,2022-10-26 16:14:17.933,EST,SYSTEM,2022-10-31 14:44:36.993,OB202211008,202211商品-C3,03,Y,10$$16$$18$$19$$24$$25$$26$$27$$28$$29$$30$$31$$32$$33$$34$$35$$36$$37$$38$$41,02$$03$$04,0,60,4,2022-10-31 14:44:36.993,8392,8392,Y,202211,,,0$$1$$2$$3$$4$$5$$6$$7$$8$$9$$10$$99,,Y$$N,C3
OBZ020,22323,2022-10-26 16:14:17.933,EST,SYSTEM,2022-10-31 14:45:16.197,OB202211009,202211期中客戶名單_他新中古-H,01,Y,02$$04$$05$$06$$11$$12$$13$$14$$15$$16$$20$$21$$22$$23,01,8,84,4,2022-10-31 14:45:16.197,21233,21233,Y,202211,,,0$$1$$2$$3$$4$$5$$6$$7$$8$$9$$10$$99,,Y$$N,H
OBZ020,22323,2022-10-26 16:14:17.933,EST,SYSTEM,2022-10-31 14:45:33.010,OB202211010,202211期中客戶名單_機車-HM,02,Y,10$$18$$19$$28$$29$$34$$39$$40$$43,01,6,72,4,2022-10-31 14:45:33.010,22740,22740,Y,202211,,,0$$1$$2$$3$$4$$5$$6$$7$$8$$9$$10$$99,,Y$$N,HM
OBZ020,22323,2022-10-26 16:14:17.933,EST,SYSTEM,2022-10-31 14:45:43.493,OB202211011,202211機車客戶名單-M,02,Y,10$$18$$19$$34$$39$$40$$43,02$$03$$04,0,60,6,2022-10-31 14:45:43.493,11356,11356,Y,202211,,,0$$1$$2$$3$$4$$5$$6$$7$$8$$9$$10$$99,,Y$$N,M
OBZ020,22323,2022-10-26 16:14:17.933,EST,SYSTEM,2022-10-31 14:45:48.887,OB202211012,202211期中商品-HC,03,Y,10$$16$$18$$19$$26$$27$$28$$29$$30$$31$$32$$33$$34$$35$$36$$37$$38$$39$$40$$41,01,6,60,4,2022-10-31 14:45:48.887,624,624,Y,202211,,,0$$1$$2$$3$$4$$5$$6$$7$$8$$9$$10$$99,,Y$$N,HC
OBZ020,22323,2022-11-21 15:23:28.660,EST,SYSTEM,2022-11-28 14:29:18.043,OB202212001,202212汽車期中_他新中古-H,01,Y,02$$04$$05$$06$$11$$12$$13$$14$$15$$16$$20$$21$$22$$23,01,8,84,4,2022-11-28 14:29:18.043,22759,22759,Y,202212,,,0$$1$$2$$3$$4$$5$$6$$7$$8$$9$$10$$99,,Y$$N,H
OBZ020,22323,2022-11-21 16:11:28.970,EST,SYSTEM,2022-11-28 14:30:09.123,OB202212002,202212汽車期中_非他新中古-H,01,Y,01$$03,01,12,84,4,2022-11-28 14:30:09.123,20922,20922,Y,202212,,,0$$1$$2$$3$$4$$5$$6$$7$$8$$9$$10$$99,,Y$$N,H
OBZ020,22323,2022-11-21 16:16:17.350,EST,SYSTEM,2022-11-28 14:31:07.607,OB202212003,202212汽車中結-S,01,Y,01$$02$$03$$04$$05$$06$$07$$08$$09$$10$$11$$12$$13$$14$$15$$16$$17$$18$$19$$20$$21$$22$$23$$24$$25$$26$$27$$28$$29$$30$$31$$32$$33$$34$$35$$36$$37$$38$$39$$40$$41$$99,02,8,60,4,2022-11-28 14:31:07.607,20646,20646,Y,202212,,,0$$1$$2$$3$$4$$5,,N,S
OBZ020,22323,2022-11-21 16:17:10.710,EST,SYSTEM,2022-11-28 14:31:54.670,OB202212004,202212汽車滿期-E,01,Y,01$$02$$03$$04$$05$$06$$07$$08$$09$$10$$11$$12$$13$$14$$15$$16$$17$$18$$19$$20$$21$$22$$23$$24$$25$$26$$27$$28$$29$$30$$31$$32$$33$$34$$35$$36$$37$$38$$39$$40$$41$$99,03$$04,0,36,4,2022-11-28 14:31:54.670,23968,23968,Y,202212,,,0$$1$$2$$3,,Y$$N,E
OBZ020,22323,2022-11-21 16:18:44.180,EST,SYSTEM,2022-11-28 14:32:01.610,OB202212005,202212汽車中結_被他行代償反守為攻-S,01,Y,01$$02$$03$$04$$05$$06$$07$$08$$09$$10$$11$$12$$13$$14$$15$$16$$17$$18$$19$$20$$21$$22$$23$$24$$25$$26$$27$$28$$29$$30$$31$$32$$33$$34$$35$$36$$37$$38$$39$$40$$41$$99,02,7,60,4,2022-11-28 14:32:01.610,1535,1535,Y,202212,,,0$$1$$2$$3$$4$$5,,Y,S
OBZ020,22323,2022-11-21 16:31:43.150,EST,SYSTEM,2022-11-28 14:32:15.953,OB202212006,202212汽車中結五年以上-S5,01,Y,01$$02$$03$$04$$05$$06$$07$$08$$09$$10$$11$$12$$13$$14$$15$$16$$17$$18$$19$$20$$21$$22$$23$$24$$25$$26$$27$$28$$29$$30$$31$$32$$33$$34$$35$$36$$37$$38$$39$$40$$41$$99,02,64,120,4,2022-11-28 14:32:15.953,10511,10511,Y,202212,,,0$$1$$2$$3$$4$$5$$6$$7$$8$$9,,Y$$N,S5
OBZ020,22323,2022-11-21 16:32:49.087,EST,SYSTEM,2022-11-28 14:32:31.627,OB202212007,202212汽車滿期三年以上-E5,01,Y,01$$02$$03$$04$$05$$06$$07$$08$$09$$10$$11$$12$$13$$14$$15$$16$$17$$18$$19$$20$$21$$22$$23$$24$$25$$26$$27$$28$$29$$30$$31$$32$$33$$34$$35$$36$$37$$38$$39$$40$$41$$99,03$$04,40,60,4,2022-11-28 14:32:31.627,12950,12950,Y,202212,,,0$$1$$2$$3$$4$$5$$6$$7$$8,,Y$$N,E5
OBZ020,22323,2022-11-21 16:35:31.670,EST,SYSTEM,2022-11-28 14:32:55.580,OB202212008,202212機車期中-HM,02,Y,10$$18$$19$$28$$29$$34$$39$$40$$43,01,6,72,4,2022-11-28 14:32:55.580,23672,23672,Y,202212,,,0$$1$$2$$3$$4$$5$$6$$7$$8$$9$$10$$99,,Y$$N,HM
OBZ020,22323,2022-11-21 16:37:01.373,EST,SYSTEM,2022-11-28 14:33:12.547,OB202212009,202212機車中結滿期-M,02,Y,10$$18$$19$$34$$39$$40$$43,02$$03$$04,0,60,6,2022-11-28 14:33:12.547,12341,12341,Y,202212,,,0$$1$$2$$3$$4$$5$$6$$7$$8$$9$$10$$99,,Y$$N,M
OBZ020,22323,2022-11-21 16:37:40.187,EST,SYSTEM,2022-11-28 14:33:18.517,OB202212010,202212機車中結滿期五年以上-M3,02,Y,10$$16$$18$$19$$26$$27$$28$$29$$30$$31$$32$$33$$34$$35$$36$$37$$38$$39$$40,02$$03$$04,64,108,6,2022-11-28 14:33:18.517,14550,14550,Y,202212,,,0$$1$$2$$3$$4$$5$$6$$7$$8$$9$$10$$99,,Y$$N,M3
OBZ020,22323,2022-11-21 16:40:14.393,EST,SYSTEM,2022-11-28 14:33:21.063,OB202212011,202212商品期中-HC,03,Y,10$$16$$18$$19$$26$$27$$28$$29$$30$$31$$32$$33$$34$$35$$36$$37$$38$$39$$40$$41,01,6,60,4,2022-11-28 14:33:21.063,652,652,Y,202212,,,0$$1$$2$$3$$4$$5$$6$$7$$8$$9$$10$$99,,Y$$N,HC
OBZ020,22323,2022-11-21 16:40:44.737,EST,SYSTEM,2022-11-28 14:33:26.033,OB202212012,202212商品中結滿期-C3,03,Y,10$$16$$18$$19$$24$$25$$26$$27$$28$$29$$30$$31$$32$$33$$34$$35$$36$$37$$38$$41,02$$03$$04,0,60,4,2022-11-28 14:33:26.033,8630,8630,Y,202212,,,0$$1$$2$$3$$4$$5$$6$$7$$8$$9$$10$$99,,Y$$N,C3
OBZ020,22323,2022-12-23 17:00:46.577,EST,SYSTEM,2022-12-28 11:59:30.330,OB202301001,202301汽車期中_他新中古-H,01,Y,02$$04$$05$$06$$11$$12$$13$$14$$15$$16$$20$$21$$22$$23,01,8,84,4,2022-12-28 11:59:30.330,25218,25218,Y,202301,,,0$$1$$2$$3$$4$$5$$6$$7$$8$$9$$10$$99,,Y$$N,H
OBZ020,22323,2022-12-23 17:01:07.263,EST,SYSTEM,2022-12-28 12:00:11.707,OB202301002,202301汽車期中_非他新中古-H,01,Y,01$$03,01,12,84,4,2022-12-28 12:00:11.707,23007,23007,Y,202301,,,0$$1$$2$$3$$4$$5$$6$$7$$8$$9$$10$$99,,Y$$N,H
OBZ020,22323,2022-12-23 17:01:11.873,EST,SYSTEM,2022-12-28 12:00:45.127,OB202301003,202301汽車中結-S,01,Y,01$$02$$03$$04$$05$$06$$07$$08$$09$$10$$11$$12$$13$$14$$15$$16$$17$$18$$19$$20$$21$$22$$23$$24$$25$$26$$27$$28$$29$$30$$31$$32$$33$$34$$35$$36$$37$$38$$39$$40$$41$$99,02,8,60,4,2022-12-28 12:00:45.127,20215,20215,Y,202301,,,0$$1$$2$$3$$4$$5,,N,S
OBZ020,22323,2022-12-23 17:01:17.483,EST,SYSTEM,2022-12-28 12:01:26.690,OB202301004,202301汽車滿期-E,01,Y,01$$02$$03$$04$$05$$06$$07$$08$$09$$10$$11$$12$$13$$14$$15$$16$$17$$18$$19$$20$$21$$22$$23$$24$$25$$26$$27$$28$$29$$30$$31$$32$$33$$34$$35$$36$$37$$38$$39$$40$$41$$99,03$$04,0,36,4,2022-12-28 12:01:26.690,23739,23739,Y,202301,,,0$$1$$2$$3,,Y$$N,E
OBZ020,22323,2022-12-23 17:01:20.327,EST,SYSTEM,2022-12-28 12:01:31.223,OB202301005,202301汽車中結_被他行代償反守為攻-S,01,Y,01$$02$$03$$04$$05$$06$$07$$08$$09$$10$$11$$12$$13$$14$$15$$16$$17$$18$$19$$20$$21$$22$$23$$24$$25$$26$$27$$28$$29$$30$$31$$32$$33$$34$$35$$36$$37$$38$$39$$40$$41$$99,02,7,60,4,2022-12-28 12:01:31.223,1037,1037,Y,202301,,,0$$1$$2$$3$$4$$5,,Y,S
OBZ020,22323,2022-12-23 17:01:27.013,EST,SYSTEM,2022-12-28 12:01:43.770,OB202301006,202301汽車中結五年以上-S5,01,Y,01$$02$$03$$04$$05$$06$$07$$08$$09$$10$$11$$12$$13$$14$$15$$16$$17$$18$$19$$20$$21$$22$$23$$24$$25$$26$$27$$28$$29$$30$$31$$32$$33$$34$$35$$36$$37$$38$$39$$40$$41$$99,02,64,120,4,2022-12-28 12:01:43.770,9101,9101,Y,202301,,,0$$1$$2$$3$$4$$5$$6$$7$$8$$9,,Y$$N,S5
OBZ020,22323,2022-12-23 17:01:32.263,EST,SYSTEM,2022-12-28 12:01:56.707,OB202301007,202301汽車滿期三年以上-E5,01,Y,01$$02$$03$$04$$05$$06$$07$$08$$09$$10$$11$$12$$13$$14$$15$$16$$17$$18$$19$$20$$21$$22$$23$$24$$25$$26$$27$$28$$29$$30$$31$$32$$33$$34$$35$$36$$37$$38$$39$$40$$41$$99,03$$04,40,60,4,2022-12-28 12:01:56.707,11187,11187,Y,202301,,,0$$1$$2$$3$$4$$5$$6$$7$$8,,Y$$N,E5
OBZ020,22323,2022-12-23 17:01:36.653,EST,SYSTEM,2022-12-28 12:02:15.317,OB202301008,202301機車期中-HM,02,Y,10$$18$$19$$28$$29$$34$$39$$40$$43,01,6,72,4,2022-12-28 12:02:15.317,22545,22545,Y,202301,,,0$$1$$2$$3$$4$$5$$6$$7$$8$$9$$10$$99,,Y$$N,HM
OBZ020,22323,2022-12-23 17:01:39.780,EST,SYSTEM,2022-12-28 12:02:23.897,OB202301009,202301機車中結滿期-M,02,Y,10$$18$$19$$34$$39$$40$$43,02$$03$$04,0,60,6,2022-12-28 12:02:23.897,10426,10426,Y,202301,,,0$$1$$2$$3$$4$$5$$6$$7$$8$$9$$10$$99,,Y$$N,M
OBZ020,22323,2022-12-23 17:01:42.950,EST,SYSTEM,2022-12-28 12:02:32.817,OB202301010,202301機車中結滿期五年以上-M3,02,Y,10$$16$$18$$19$$26$$27$$28$$29$$30$$31$$32$$33$$34$$35$$36$$37$$38$$39$$40,02$$03$$04,64,108,6,2022-12-28 12:02:32.817,18425,18425,Y,202301,,,0$$1$$2$$3$$4$$5$$6$$7$$8$$9$$10$$99,,Y$$N,M3
OBZ020,22323,2022-12-23 17:01:46.013,EST,SYSTEM,2022-12-28 12:02:36.397,OB202301011,202301商品期中-HC,03,Y,10$$16$$18$$19$$26$$27$$28$$29$$30$$31$$32$$33$$34$$35$$36$$37$$38$$39$$40$$41,01,6,60,4,2022-12-28 12:02:36.397,914,914,Y,202301,,,0$$1$$2$$3$$4$$5$$6$$7$$8$$9$$10$$99,,Y$$N,HC
OBZ020,22323,2022-12-23 17:01:48.780,EST,SYSTEM,2022-12-28 12:02:43.457,OB202301012,202301商品中結滿期-C3,03,Y,10$$16$$18$$19$$24$$25$$26$$27$$28$$29$$30$$31$$32$$33$$34$$35$$36$$37$$38$$41,02$$03$$04,0,60,4,2022-12-28 12:02:43.457,8782,8782,Y,202301,,,0$$1$$2$$3$$4$$5$$6$$7$$8$$9$$10$$99,,Y$$N,C3
OBZ020,22323,2023-01-31 11:17:15.510,EST,SYSTEM,2023-01-31 18:18:00.067,OB202302001,202302汽車期中_他新中古-H,01,Y,02$$04$$05$$06$$11$$12$$13$$14$$15$$16$$20$$21$$22$$23,01,8,84,4,2023-01-31 18:18:00.067,23691,23691,Y,202302,,,0$$1$$2$$3$$4$$5$$6$$7$$8$$9$$10$$99,,Y$$N,H
OBZ020,22323,2023-01-31 11:17:35.650,EST,SYSTEM,2023-01-31 18:18:22.707,OB202302002,202302汽車期中_非他新中古-H,01,Y,01$$03,01,12,84,4,2023-01-31 18:18:22.707,20450,20450,Y,202302,,,0$$1$$2$$3$$4$$5$$6$$7$$8$$9$$10$$99,,Y$$N,H
OBZ020,22323,2023-01-31 11:17:39.747,EST,SYSTEM,2023-01-31 18:18:36.897,OB202302003,202302汽車中結-S,01,Y,01$$02$$03$$04$$05$$06$$07$$08$$09$$10$$11$$12$$13$$14$$15$$16$$17$$18$$19$$20$$21$$22$$23$$24$$25$$26$$27$$28$$29$$30$$31$$32$$33$$34$$35$$36$$37$$38$$39$$40$$41$$99,02,8,60,4,2023-01-31 18:18:36.897,18354,18354,Y,202302,,,0$$1$$2$$3$$4$$5,,N,S
OBZ020,22323,2023-01-31 11:17:42.667,EST,SYSTEM,2023-01-31 18:19:03.333,OB202302004,202302汽車滿期-E,01,Y,01$$02$$03$$04$$05$$06$$07$$08$$09$$10$$11$$12$$13$$14$$15$$16$$17$$18$$19$$20$$21$$22$$23$$24$$25$$26$$27$$28$$29$$30$$31$$32$$33$$34$$35$$36$$37$$38$$39$$40$$41$$99,03$$04,0,36,4,2023-01-31 18:19:03.333,22383,22383,Y,202302,,,0$$1$$2$$3,,Y$$N,E
OBZ020,22323,2023-01-31 11:17:45.167,EST,SYSTEM,2023-01-31 18:19:07.083,OB202302005,202302汽車中結_被他行代償反守為攻-S,01,Y,01$$02$$03$$04$$05$$06$$07$$08$$09$$10$$11$$12$$13$$14$$15$$16$$17$$18$$19$$20$$21$$22$$23$$24$$25$$26$$27$$28$$29$$30$$31$$32$$33$$34$$35$$36$$37$$38$$39$$40$$41$$99,02,7,60,4,2023-01-31 18:19:07.083,1449,1449,Y,202302,,,0$$1$$2$$3$$4$$5,,Y,S
OBZ020,22323,2023-01-31 11:17:47.573,EST,SYSTEM,2023-01-31 18:19:16.570,OB202302006,202302汽車中結五年以上-S5,01,Y,01$$02$$03$$04$$05$$06$$07$$08$$09$$10$$11$$12$$13$$14$$15$$16$$17$$18$$19$$20$$21$$22$$23$$24$$25$$26$$27$$28$$29$$30$$31$$32$$33$$34$$35$$36$$37$$38$$39$$40$$41$$99,02,64,120,4,2023-01-31 18:19:16.570,8759,8759,Y,202302,,,0$$1$$2$$3$$4$$5$$6$$7$$8$$9,,Y$$N,S5
OBZ020,22323,2023-01-31 11:17:49.870,EST,SYSTEM,2023-01-31 18:19:28.897,OB202302007,202302汽車滿期三年以上-E5,01,Y,01$$02$$03$$04$$05$$06$$07$$08$$09$$10$$11$$12$$13$$14$$15$$16$$17$$18$$19$$20$$21$$22$$23$$24$$25$$26$$27$$28$$29$$30$$31$$32$$33$$34$$35$$36$$37$$38$$39$$40$$41$$99,03$$04,40,60,4,2023-01-31 18:19:28.897,11863,11863,Y,202302,,,0$$1$$2$$3$$4$$5$$6$$7$$8,,Y$$N,E5
OBZ020,22323,2023-01-31 11:17:52.247,EST,SYSTEM,2023-01-31 18:19:44.913,OB202302008,202302機車期中-HM,02,Y,10$$18$$19$$28$$29$$34$$39$$40$$43,01,6,72,4,2023-01-31 18:19:44.913,24964,24964,Y,202302,,,0$$1$$2$$3$$4$$5$$6$$7$$8$$9$$10$$99,,Y$$N,HM
OBZ020,22323,2023-01-31 11:17:54.730,EST,SYSTEM,2023-01-31 18:19:51.820,OB202302009,202302機車中結滿期-M,02,Y,10$$18$$19$$34$$39$$40$$43,02$$03$$04,0,60,6,2023-01-31 18:19:51.820,9090,9090,Y,202302,,,0$$1$$2$$3$$4$$5$$6$$7$$8$$9$$10$$99,,Y$$N,M
OBZ020,22323,2023-01-31 11:17:57.167,EST,SYSTEM,2023-01-31 18:19:57.820,OB202302010,202302機車中結滿期五年以上-M3,02,Y,10$$16$$18$$19$$26$$27$$28$$29$$30$$31$$32$$33$$34$$35$$36$$37$$38$$39$$40,02$$03$$04,64,108,6,2023-01-31 18:19:57.820,16167,16167,Y,202302,,,0$$1$$2$$3$$4$$5$$6$$7$$8$$9$$10$$99,,Y$$N,M3
OBZ020,22323,2023-01-31 11:17:59.607,EST,SYSTEM,2023-01-31 18:20:00.880,OB202302011,202302商品期中-HC,03,Y,10$$16$$18$$19$$26$$27$$28$$29$$30$$31$$32$$33$$34$$35$$36$$37$$38$$39$$40$$41,01,6,60,4,2023-01-31 18:20:00.880,1071,1071,Y,202302,,,0$$1$$2$$3$$4$$5$$6$$7$$8$$9$$10$$99,,Y$$N,HC
OBZ020,22323,2023-01-31 11:18:02.590,EST,SYSTEM,2023-01-31 18:20:06.490,OB202302012,202302商品中結滿期-C3,03,Y,10$$16$$18$$19$$24$$25$$26$$27$$28$$29$$30$$31$$32$$33$$34$$35$$36$$37$$38$$41,02$$03$$04,0,60,4,2023-01-31 18:20:06.490,7432,7432,Y,202302,,,0$$1$$2$$3$$4$$5$$6$$7$$8$$9$$10$$99,,Y$$N,C3
OBZ020,22323,2023-02-21 15:17:24.813,EST,SYSTEM,2023-02-23 13:04:53.390,OB202303001,202303汽車期中_他新中古-H,01,Y,02$$04$$05$$06$$11$$12$$13$$14$$15$$16$$20$$21$$22$$23,01,8,84,4,2023-02-23 13:04:53.390,21688,21688,Y,202303,,,0$$1$$2$$3$$4$$5$$6$$7$$8$$9$$10$$99,,Y$$N,H
OBZ020,22323,2023-02-21 15:17:43.440,EST,SYSTEM,2023-02-23 13:05:18.470,OB202303002,202303汽車期中_非他新中古-H,01,Y,01$$03,01,12,84,4,2023-02-23 13:05:18.470,16541,16541,Y,202303,,,0$$1$$2$$3$$4$$5$$6$$7$$8$$9$$10$$99,,Y$$N,H
OBZ020,22323,2023-02-21 15:17:48.783,EST,SYSTEM,2023-02-23 13:05:36.813,OB202303003,202303汽車中結-S,01,Y,01$$02$$03$$04$$05$$06$$07$$08$$09$$10$$11$$12$$13$$14$$15$$16$$17$$18$$19$$20$$21$$22$$23$$24$$25$$26$$27$$28$$29$$30$$31$$32$$33$$34$$35$$36$$37$$38$$39$$40$$41$$99,02,8,60,4,2023-02-23 13:05:36.813,21802,21802,Y,202303,,,0$$1$$2$$3$$4$$5,,N,S
OBZ020,22323,2023-02-21 15:17:55.563,EST,SYSTEM,2023-02-23 13:06:16.890,OB202303004,202303汽車滿期-E,01,Y,01$$02$$03$$04$$05$$06$$07$$08$$09$$10$$11$$12$$13$$14$$15$$16$$17$$18$$19$$20$$21$$22$$23$$24$$25$$26$$27$$28$$29$$30$$31$$32$$33$$34$$35$$36$$37$$38$$39$$40$$41$$99,03$$04,0,36,4,2023-02-23 13:06:16.890,23241,23241,Y,202303,,,0$$1$$2$$3,,Y$$N,E
OBZ020,22323,2023-02-21 15:17:58.753,EST,SYSTEM,2023-02-23 13:06:22.500,OB202303005,202303汽車中結_被他行代償反守為攻-S,01,Y,01$$02$$03$$04$$05$$06$$07$$08$$09$$10$$11$$12$$13$$14$$15$$16$$17$$18$$19$$20$$21$$22$$23$$24$$25$$26$$27$$28$$29$$30$$31$$32$$33$$34$$35$$36$$37$$38$$39$$40$$41$$99,02,7,60,4,2023-02-23 13:06:22.500,1328,1328,Y,202303,,,0$$1$$2$$3$$4$$5,,Y,S
OBZ020,22323,2023-02-21 15:18:04.050,EST,SYSTEM,2023-02-23 13:06:31.813,OB202303006,202303汽車中結五年以上-S5,01,Y,01$$02$$03$$04$$05$$06$$07$$08$$09$$10$$11$$12$$13$$14$$15$$16$$17$$18$$19$$20$$21$$22$$23$$24$$25$$26$$27$$28$$29$$30$$31$$32$$33$$34$$35$$36$$37$$38$$39$$40$$41$$99,02,64,120,4,2023-02-23 13:06:31.813,10115,10115,Y,202303,,,0$$1$$2$$3$$4$$5$$6$$7$$8$$9,,Y$$N,S5
OBZ020,22323,2023-02-21 15:18:06.610,EST,SYSTEM,2023-02-23 13:06:50.110,OB202303007,202303汽車滿期三年以上-E5,01,Y,01$$02$$03$$04$$05$$06$$07$$08$$09$$10$$11$$12$$13$$14$$15$$16$$17$$18$$19$$20$$21$$22$$23$$24$$25$$26$$27$$28$$29$$30$$31$$32$$33$$34$$35$$36$$37$$38$$39$$40$$41$$99,03$$04,40,60,4,2023-02-23 13:06:50.110,13248,13248,Y,202303,,,0$$1$$2$$3$$4$$5$$6$$7$$8,,Y$$N,E5
OBZ020,22323,2023-02-21 15:18:08.957,EST,SYSTEM,2023-02-23 13:07:08.220,OB202303008,202303機車期中-HM,02,Y,10$$18$$19$$28$$29$$34$$39$$40$$43,01,6,72,4,2023-02-23 13:07:08.220,25136,25136,Y,202303,,,0$$1$$2$$3$$4$$5$$6$$7$$8$$9$$10$$99,,Y$$N,HM
OBZ020,22323,2023-02-21 15:18:11.360,EST,SYSTEM,2023-02-23 13:07:17.720,OB202303009,202303機車中結滿期-M,02,Y,10$$18$$19$$34$$39$$40$$43,02$$03$$04,0,60,6,2023-02-23 13:07:17.720,10712,10712,Y,202303,,,0$$1$$2$$3$$4$$5$$6$$7$$8$$9$$10$$99,,Y$$N,M
OBZ020,22323,2023-02-21 15:18:13.767,EST,SYSTEM,2023-02-23 13:07:25.440,OB202303010,202303機車中結滿期五年以上-M3,02,Y,10$$16$$18$$19$$26$$27$$28$$29$$30$$31$$32$$33$$34$$35$$36$$37$$38$$39$$40,02$$03$$04,64,108,6,2023-02-23 13:07:25.440,13948,13948,Y,202303,,,0$$1$$2$$3$$4$$5$$6$$7$$8$$9$$10$$99,,Y$$N,M3
OBZ020,22323,2023-02-21 15:18:16.300,EST,SYSTEM,2023-02-23 13:07:28.737,OB202303011,202303商品期中-HC,03,Y,10$$16$$18$$19$$26$$27$$28$$29$$30$$31$$32$$33$$34$$35$$36$$37$$38$$39$$40$$41,01,6,60,4,2023-02-23 13:07:28.737,1230,1230,Y,202303,,,0$$1$$2$$3$$4$$5$$6$$7$$8$$9$$10$$99,,Y$$N,HC
OBZ020,22323,2023-02-21 15:18:18.783,EST,SYSTEM,2023-02-23 13:07:33.750,OB202303012,202303商品中結滿期-C3,03,Y,10$$16$$18$$19$$24$$25$$26$$27$$28$$29$$30$$31$$32$$33$$34$$35$$36$$37$$38$$41,02$$03$$04,0,60,4,2023-02-23 13:07:33.750,7877,7877,Y,202303,,,0$$1$$2$$3$$4$$5$$6$$7$$8$$9$$10$$99,,Y$$N,C3
OBZ020,22323,2023-03-28 11:01:04.030,EST,SYSTEM,2023-03-30 09:24:01.693,OB202304001,202304汽車期中_他新中古-H,01,Y,02$$04$$05$$06$$11$$12$$13$$14$$15$$16$$20$$21$$22$$23,01,8,84,4,2023-03-30 09:24:01.693,25979,25979,Y,202304,,,0$$1$$2$$3$$4$$5$$6$$7$$8$$9$$10$$99,,Y$$N,H
OBZ020,22323,2023-03-28 11:01:07.280,EST,SYSTEM,2023-03-30 09:24:19.587,OB202304002,202304汽車期中_非他新中古-H,01,Y,01$$03,01,12,84,4,2023-03-30 09:24:19.587,22629,22629,Y,202304,,,0$$1$$2$$3$$4$$5$$6$$7$$8$$9$$10$$99,,Y$$N,H
OBZ020,22323,2023-03-28 11:01:09.950,EST,SYSTEM,2023-03-30 09:24:38.553,OB202304003,202304汽車中結-S,01,Y,01$$02$$03$$04$$05$$06$$07$$08$$09$$10$$11$$12$$13$$14$$15$$16$$17$$18$$19$$20$$21$$22$$23$$24$$25$$26$$27$$28$$29$$30$$31$$32$$33$$34$$35$$36$$37$$38$$39$$40$$41$$99,02,8,60,4,2023-03-30 09:24:38.553,20744,20744,Y,202304,,,0$$1$$2$$3$$4$$5,,N,S
OBZ020,22323,2023-03-28 11:01:12.827,EST,SYSTEM,2023-03-30 09:24:59.290,OB202304004,202304汽車滿期-E,01,Y,01$$02$$03$$04$$05$$06$$07$$08$$09$$10$$11$$12$$13$$14$$15$$16$$17$$18$$19$$20$$21$$22$$23$$24$$25$$26$$27$$28$$29$$30$$31$$32$$33$$34$$35$$36$$37$$38$$39$$40$$41$$99,03$$04,0,36,4,2023-03-30 09:24:59.290,23535,23535,Y,202304,,,0$$1$$2$$3,,Y$$N,E
OBZ020,22323,2023-03-28 11:01:15.340,EST,SYSTEM,2023-03-30 09:25:05.273,OB202304005,202304汽車中結_被他行代償反守為攻-S,01,Y,01$$02$$03$$04$$05$$06$$07$$08$$09$$10$$11$$12$$13$$14$$15$$16$$17$$18$$19$$20$$21$$22$$23$$24$$25$$26$$27$$28$$29$$30$$31$$32$$33$$34$$35$$36$$37$$38$$39$$40$$41$$99,02,7,60,4,2023-03-30 09:25:05.273,1249,1249,Y,202304,,,0$$1$$2$$3$$4$$5,,Y,S
OBZ020,22323,2023-03-28 11:01:17.653,EST,SYSTEM,2023-03-30 09:25:50.273,OB202304006,202304汽車中結五年以上-S5,01,Y,01$$02$$03$$04$$05$$06$$07$$08$$09$$10$$11$$12$$13$$14$$15$$16$$17$$18$$19$$20$$21$$22$$23$$24$$25$$26$$27$$28$$29$$30$$31$$32$$33$$34$$35$$36$$37$$38$$39$$40$$41$$99,02,64,120,4,2023-03-30 09:25:50.273,9790,9790,Y,202304,,,0$$1$$2$$3$$4$$5$$6$$7$$8$$9,,Y$$N,S5
OBZ020,22323,2023-03-28 11:01:20.310,EST,SYSTEM,2023-03-30 09:26:09.230,OB202304007,202304汽車滿期三年以上-E5,01,Y,01$$02$$03$$04$$05$$06$$07$$08$$09$$10$$11$$12$$13$$14$$15$$16$$17$$18$$19$$20$$21$$22$$23$$24$$25$$26$$27$$28$$29$$30$$31$$32$$33$$34$$35$$36$$37$$38$$39$$40$$41$$99,03$$04,40,60,4,2023-03-30 09:26:09.230,13500,13500,Y,202304,,,0$$1$$2$$3$$4$$5$$6$$7$$8,,Y$$N,E5
OBZ020,22323,2023-03-28 11:01:22.450,EST,SYSTEM,2023-03-30 09:26:32.637,OB202304008,202304機車期中-HM,02,Y,10$$18$$19$$28$$29$$34$$39$$40$$43,01,6,72,4,2023-03-30 09:26:32.637,28040,28040,Y,202304,,,0$$1$$2$$3$$4$$5$$6$$7$$8$$9$$10$$99,,Y$$N,HM
OBZ020,22323,2023-03-28 11:01:24.340,EST,SYSTEM,2023-03-30 09:26:41.433,OB202304009,202304機車中結滿期-M,02,Y,10$$18$$19$$34$$39$$40$$43,02$$03$$04,0,60,6,2023-03-30 09:26:41.433,10338,10338,Y,202304,,,0$$1$$2$$3$$4$$5$$6$$7$$8$$9$$10$$99,,Y$$N,M
OBZ020,22323,2023-03-28 11:01:26.890,EST,SYSTEM,2023-03-30 09:26:55.510,OB202304010,202304機車中結滿期五年以上-M3,02,Y,10$$16$$18$$19$$26$$27$$28$$29$$30$$31$$32$$33$$34$$35$$36$$37$$38$$39$$40,02$$03$$04,64,108,6,2023-03-30 09:26:55.510,15682,15682,Y,202304,,,0$$1$$2$$3$$4$$5$$6$$7$$8$$9$$10$$99,,Y$$N,M3
OBZ020,22323,2023-03-28 11:01:29.357,EST,SYSTEM,2023-03-30 09:26:58.777,OB202304011,202304商品期中-HC,03,Y,10$$16$$18$$19$$26$$27$$28$$29$$30$$31$$32$$33$$34$$35$$36$$37$$38$$39$$40$$41,01,6,60,4,2023-03-30 09:26:58.777,1619,1619,Y,202304,,,0$$1$$2$$3$$4$$5$$6$$7$$8$$9$$10$$99,,Y$$N,HC
OBZ020,22323,2023-03-28 11:01:31.873,EST,SYSTEM,2023-03-30 09:27:04.887,OB202304012,202304商品中結滿期-C3,03,Y,10$$16$$18$$19$$24$$25$$26$$27$$28$$29$$30$$31$$32$$33$$34$$35$$36$$37$$38$$41,02$$03$$04,0,60,4,2023-03-30 09:27:04.887,7496,7496,Y,202304,,,0$$1$$2$$3$$4$$5$$6$$7$$8$$9$$10$$99,,Y$$N,C3
OBZ020,22645,2023-04-26 09:06:48.963,OBZ020,22323,2023-04-28 09:34:06.353,OB202305001,202305汽車期中_他新中古-H,01,Y,02$$04$$05$$06$$11$$12$$13$$14$$15$$16$$20$$21$$22$$23,01,8,84,4,2023-04-26 13:49:32.057,24786,24786,Y,202305,,,0$$1$$2$$3$$4$$5$$6$$7$$8$$9$$10$$99,,Y$$N,H
OBZ020,22645,2023-04-26 09:06:48.963,EST,SYSTEM,2023-04-26 13:49:48.433,OB202305002,202305汽車期中_非他新中古-H,01,Y,01$$03,01,12,84,4,2023-04-26 13:49:48.433,21623,21623,Y,202305,,,0$$1$$2$$3$$4$$5$$6$$7$$8$$9$$10$$99,,Y$$N,H
OBZ020,22645,2023-04-26 09:06:48.963,EST,SYSTEM,2023-04-26 13:49:57.823,OB202305003,202305汽車中結-S,01,Y,01$$02$$03$$04$$05$$06$$07$$08$$09$$10$$11$$12$$13$$14$$15$$16$$17$$18$$19$$20$$21$$22$$23$$24$$25$$26$$27$$28$$29$$30$$31$$32$$33$$34$$35$$36$$37$$38$$39$$40$$41$$99,02,8,60,4,2023-04-26 13:49:57.823,20096,20096,Y,202305,,,0$$1$$2$$3$$4$$5,,N,S
OBZ020,22645,2023-04-26 09:06:48.963,EST,SYSTEM,2023-04-26 13:50:12.310,OB202305004,202305汽車滿期-E,01,Y,01$$02$$03$$04$$05$$06$$07$$08$$09$$10$$11$$12$$13$$14$$15$$16$$17$$18$$19$$20$$21$$22$$23$$24$$25$$26$$27$$28$$29$$30$$31$$32$$33$$34$$35$$36$$37$$38$$39$$40$$41$$99,03$$04,0,36,4,2023-04-26 13:50:12.310,23367,23367,Y,202305,,,0$$1$$2$$3,,Y$$N,E
OBZ020,22645,2023-04-26 09:06:48.963,EST,SYSTEM,2023-04-26 13:50:16.417,OB202305005,202305汽車中結_被他行代償反守為攻-S,01,Y,01$$02$$03$$04$$05$$06$$07$$08$$09$$10$$11$$12$$13$$14$$15$$16$$17$$18$$19$$20$$21$$22$$23$$24$$25$$26$$27$$28$$29$$30$$31$$32$$33$$34$$35$$36$$37$$38$$39$$40$$41$$99,02,7,60,4,2023-04-26 13:50:16.417,908,908,Y,202305,,,0$$1$$2$$3$$4$$5,,Y,S
OBZ020,22645,2023-04-26 09:06:48.963,EST,SYSTEM,2023-04-26 13:50:21.637,OB202305006,202305汽車中結五年以上-S5,01,Y,01$$02$$03$$04$$05$$06$$07$$08$$09$$10$$11$$12$$13$$14$$15$$16$$17$$18$$19$$20$$21$$22$$23$$24$$25$$26$$27$$28$$29$$30$$31$$32$$33$$34$$35$$36$$37$$38$$39$$40$$41$$99,02,64,120,4,2023-04-26 13:50:21.637,9456,9456,Y,202305,,,0$$1$$2$$3$$4$$5$$6$$7$$8$$9,,Y$$N,S5
OBZ020,22645,2023-04-26 09:06:48.963,EST,SYSTEM,2023-04-26 13:50:26.667,OB202305007,202305汽車滿期三年以上-E5,01,Y,01$$02$$03$$04$$05$$06$$07$$08$$09$$10$$11$$12$$13$$14$$15$$16$$17$$18$$19$$20$$21$$22$$23$$24$$25$$26$$27$$28$$29$$30$$31$$32$$33$$34$$35$$36$$37$$38$$39$$40$$41$$99,03$$04,40,60,4,2023-04-26 13:50:26.667,12201,12201,Y,202305,,,0$$1$$2$$3$$4$$5$$6$$7$$8,,Y$$N,E5
OBZ020,22645,2023-04-26 09:06:48.963,OBZ020,22323,2023-04-28 09:34:57.103,OB202305008,202305機車期中-HM,02,Y,10$$18$$19$$28$$29$$34$$39$$40$$43,01,6,72,4,2023-04-26 13:50:35.857,24700,24700,Y,202305,,,0$$1$$2$$3$$4$$5$$6$$7$$8$$9$$10$$99,,Y$$N,HM
OBZ020,22645,2023-04-26 09:06:48.963,EST,SYSTEM,2023-04-26 13:50:40.857,OB202305009,202305機車中結滿期-M,02,Y,10$$18$$19$$34$$39$$40$$43,02$$03$$04,0,60,6,2023-04-26 13:50:40.857,10926,10926,Y,202305,,,0$$1$$2$$3$$4$$5$$6$$7$$8$$9$$10$$99,,Y$$N,M
OBZ020,22645,2023-04-26 09:06:48.963,EST,SYSTEM,2023-04-26 13:50:45.260,OB202305010,202305機車中結滿期五年以上-M3,02,Y,10$$16$$18$$19$$26$$27$$28$$29$$30$$31$$32$$33$$34$$35$$36$$37$$38$$39$$40,02$$03$$04,64,108,6,2023-04-26 13:50:45.260,14911,14911,Y,202305,,,0$$1$$2$$3$$4$$5$$6$$7$$8$$9$$10$$99,,Y$$N,M3
OBZ020,22645,2023-04-26 09:06:48.963,EST,SYSTEM,2023-04-26 13:50:48.417,OB202305011,202305商品期中-HC,03,Y,10$$16$$18$$19$$26$$27$$28$$29$$30$$31$$32$$33$$34$$35$$36$$37$$38$$39$$40$$41,01,6,60,4,2023-04-26 13:50:48.417,1732,1732,Y,202305,,,0$$1$$2$$3$$4$$5$$6$$7$$8$$9$$10$$99,,Y$$N,HC
OBZ020,22645,2023-04-26 09:06:48.963,EST,SYSTEM,2023-04-26 13:50:52.120,OB202305012,202305商品中結滿期-C3,03,Y,10$$16$$18$$19$$24$$25$$26$$27$$28$$29$$30$$31$$32$$33$$34$$35$$36$$37$$38$$41,02$$03$$04,0,60,4,2023-04-26 13:50:52.120,7741,7741,Y,202305,,,0$$1$$2$$3$$4$$5$$6$$7$$8$$9$$10$$99,,Y$$N,C3
OBZ020,22645,2023-05-29 10:16:43.817,OBZ020,22323,2023-05-30 09:39:16.813,OB202306001,202306汽車期中_他新中古-H,01,Y,02$$04$$05$$06$$11$$12$$13$$14$$15$$16$$20$$21$$22$$23,01,8,84,4,2023-05-29 10:20:36.663,25262,25262,Y,202306,,,0$$1$$2$$3$$4$$5$$6$$7$$8$$9$$10$$99,,Y$$N,H
OBZ020,22645,2023-05-29 10:16:43.817,EST,SYSTEM,2023-05-29 10:21:40.633,OB202306002,202306汽車期中_非他新中古-H,01,Y,01$$03,01,12,84,4,2023-05-29 10:21:40.633,21192,21192,Y,202306,,,0$$1$$2$$3$$4$$5$$6$$7$$8$$9$$10$$99,,Y$$N,H
OBZ020,22645,2023-05-29 10:16:43.817,EST,SYSTEM,2023-05-29 10:22:05.900,OB202306003,202306汽車中結-S,01,Y,01$$02$$03$$04$$05$$06$$07$$08$$09$$10$$11$$12$$13$$14$$15$$16$$17$$18$$19$$20$$21$$22$$23$$24$$25$$26$$27$$28$$29$$30$$31$$32$$33$$34$$35$$36$$37$$38$$39$$40$$41$$99,02,8,60,4,2023-05-29 10:22:05.900,18851,18851,Y,202306,,,0$$1$$2$$3$$4$$5,,N,S
OBZ020,22645,2023-05-29 10:16:43.817,EST,SYSTEM,2023-05-29 10:22:18.383,OB202306004,202306汽車滿期-E,01,Y,01$$02$$03$$04$$05$$06$$07$$08$$09$$10$$11$$12$$13$$14$$15$$16$$17$$18$$19$$20$$21$$22$$23$$24$$25$$26$$27$$28$$29$$30$$31$$32$$33$$34$$35$$36$$37$$38$$39$$40$$41$$99,03$$04,0,36,4,2023-05-29 10:22:18.383,21617,21617,Y,202306,,,0$$1$$2$$3,,Y$$N,E
OBZ020,22645,2023-05-29 10:16:43.817,EST,SYSTEM,2023-05-29 10:22:22.477,OB202306005,202306汽車中結_被他行代償反守為攻-S,01,Y,01$$02$$03$$04$$05$$06$$07$$08$$09$$10$$11$$12$$13$$14$$15$$16$$17$$18$$19$$20$$21$$22$$23$$24$$25$$26$$27$$28$$29$$30$$31$$32$$33$$34$$35$$36$$37$$38$$39$$40$$41$$99,02,7,60,4,2023-05-29 10:22:22.477,1208,1208,Y,202306,,,0$$1$$2$$3$$4$$5,,Y,S
OBZ020,22645,2023-05-29 10:16:43.817,EST,SYSTEM,2023-05-29 10:22:29.290,OB202306006,202306汽車中結五年以上-S5,01,Y,01$$02$$03$$04$$05$$06$$07$$08$$09$$10$$11$$12$$13$$14$$15$$16$$17$$18$$19$$20$$21$$22$$23$$24$$25$$26$$27$$28$$29$$30$$31$$32$$33$$34$$35$$36$$37$$38$$39$$40$$41$$99,02,64,120,4,2023-05-29 10:22:29.290,8746,8746,Y,202306,,,0$$1$$2$$3$$4$$5$$6$$7$$8$$9,,Y$$N,S5
OBZ020,22645,2023-05-29 10:16:43.817,EST,SYSTEM,2023-05-29 10:22:33.743,OB202306007,202306汽車滿期三年以上-E5,01,Y,01$$02$$03$$04$$05$$06$$07$$08$$09$$10$$11$$12$$13$$14$$15$$16$$17$$18$$19$$20$$21$$22$$23$$24$$25$$26$$27$$28$$29$$30$$31$$32$$33$$34$$35$$36$$37$$38$$39$$40$$41$$99,03$$04,40,60,4,2023-05-29 10:22:33.743,12784,12784,Y,202306,,,0$$1$$2$$3$$4$$5$$6$$7$$8,,Y$$N,E5
OBZ020,22645,2023-05-29 10:16:43.817,OBZ020,22323,2023-05-30 09:40:03.500,OB202306008,202306機車期中-HM,02,Y,10$$18$$19$$28$$29$$34$$39$$40$$43,01,6,72,4,2023-05-29 10:22:45.210,28850,28850,Y,202306,,,0$$1$$2$$3$$4$$5$$6$$7$$8$$9$$10$$99,,Y$$N,HM
OBZ020,22645,2023-05-29 10:16:43.817,EST,SYSTEM,2023-05-29 10:22:50.320,OB202306009,202306機車中結滿期-M,02,Y,10$$18$$19$$34$$39$$40$$43,02$$03$$04,0,60,6,2023-05-29 10:22:50.320,12135,12135,Y,202306,,,0$$1$$2$$3$$4$$5$$6$$7$$8$$9$$10$$99,,Y$$N,M
OBZ020,22645,2023-05-29 10:16:43.817,EST,SYSTEM,2023-05-29 10:22:54.023,OB202306010,202306機車中結滿期五年以上-M3,02,Y,10$$16$$18$$19$$26$$27$$28$$29$$30$$31$$32$$33$$34$$35$$36$$37$$38$$39$$40,02$$03$$04,64,108,6,2023-05-29 10:22:54.023,12441,12441,Y,202306,,,0$$1$$2$$3$$4$$5$$6$$7$$8$$9$$10$$99,,Y$$N,M3
OBZ020,22645,2023-05-29 10:16:43.817,EST,SYSTEM,2023-05-29 10:22:57.337,OB202306011,202306商品期中-HC,03,Y,10$$16$$18$$19$$26$$27$$28$$29$$30$$31$$32$$33$$34$$35$$36$$37$$38$$39$$40$$41,01,6,60,4,2023-05-29 10:22:57.337,2005,2005,Y,202306,,,0$$1$$2$$3$$4$$5$$6$$7$$8$$9$$10$$99,,Y$$N,HC
OBZ020,22645,2023-05-29 10:16:43.817,EST,SYSTEM,2023-05-29 10:23:00.790,OB202306012,202306商品中結滿期-C3,03,Y,10$$16$$18$$19$$24$$25$$26$$27$$28$$29$$30$$31$$32$$33$$34$$35$$36$$37$$38$$41,02$$03$$04,0,60,4,2023-05-29 10:23:00.790,6798,6798,Y,202306,,,0$$1$$2$$3$$4$$5$$6$$7$$8$$9$$10$$99,,Y$$N,C3
OBZ020,22323,2023-06-26 15:02:42.663,OBZ020,22323,2023-06-28 11:49:19.353,OB202307001,202307汽車期中_他新中古-H,01,Y,02$$04$$05$$06$$11$$12$$13$$14$$15$$16$$20$$21$$22$$23,01,8,84,4,2023-06-28 09:33:29.090,24125,24125,Y,202307,,,0$$1$$2$$3$$4$$5$$6$$7$$8$$9$$10$$99,,Y$$N,H
OBZ020,22323,2023-06-26 15:02:49.023,EST,SYSTEM,2023-06-28 09:33:37.480,OB202307002,202307汽車期中_非他新中古-H,01,Y,01$$03,01,12,84,4,2023-06-28 09:33:37.480,18752,18752,Y,202307,,,0$$1$$2$$3$$4$$5$$6$$7$$8$$9$$10$$99,,Y$$N,H
OBZ020,22323,2023-06-26 15:02:52.367,EST,SYSTEM,2023-06-28 09:33:45.150,OB202307003,202307汽車中結-S,01,Y,01$$02$$03$$04$$05$$06$$07$$08$$09$$10$$11$$12$$13$$14$$15$$16$$17$$18$$19$$20$$21$$22$$23$$24$$25$$26$$27$$28$$29$$30$$31$$32$$33$$34$$35$$36$$37$$38$$39$$40$$41$$99,02,8,60,4,2023-06-28 09:33:45.150,21660,21660,Y,202307,,,0$$1$$2$$3$$4$$5,,N,S
OBZ020,22323,2023-06-26 15:02:56.273,EST,SYSTEM,2023-06-28 09:33:56.183,OB202307004,202307汽車滿期-E,01,Y,01$$02$$03$$04$$05$$06$$07$$08$$09$$10$$11$$12$$13$$14$$15$$16$$17$$18$$19$$20$$21$$22$$23$$24$$25$$26$$27$$28$$29$$30$$31$$32$$33$$34$$35$$36$$37$$38$$39$$40$$41$$99,03$$04,0,36,4,2023-06-28 09:33:56.183,23183,23183,Y,202307,,,0$$1$$2$$3,,Y$$N,E
OBZ020,22323,2023-06-26 15:03:01.370,EST,SYSTEM,2023-06-28 09:33:59.997,OB202307005,202307汽車中結_被他行代償反守為攻-S,01,Y,01$$02$$03$$04$$05$$06$$07$$08$$09$$10$$11$$12$$13$$14$$15$$16$$17$$18$$19$$20$$21$$22$$23$$24$$25$$26$$27$$28$$29$$30$$31$$32$$33$$34$$35$$36$$37$$38$$39$$40$$41$$99,02,7,60,4,2023-06-28 09:33:59.997,1095,1095,Y,202307,,,0$$1$$2$$3$$4$$5,,Y,S
OBZ020,22323,2023-06-26 15:03:05.667,EST,SYSTEM,2023-06-28 09:34:06.857,OB202307006,202307汽車中結五年以上-S5,01,Y,01$$02$$03$$04$$05$$06$$07$$08$$09$$10$$11$$12$$13$$14$$15$$16$$17$$18$$19$$20$$21$$22$$23$$24$$25$$26$$27$$28$$29$$30$$31$$32$$33$$34$$35$$36$$37$$38$$39$$40$$41$$99,02,64,120,4,2023-06-28 09:34:06.857,10355,10355,Y,202307,,,0$$1$$2$$3$$4$$5$$6$$7$$8$$9,,Y$$N,S5
OBZ020,22323,2023-06-26 15:03:09.120,EST,SYSTEM,2023-06-28 09:34:13.730,OB202307007,202307汽車滿期三年以上-E5,01,Y,01$$02$$03$$04$$05$$06$$07$$08$$09$$10$$11$$12$$13$$14$$15$$16$$17$$18$$19$$20$$21$$22$$23$$24$$25$$26$$27$$28$$29$$30$$31$$32$$33$$34$$35$$36$$37$$38$$39$$40$$41$$99,03$$04,40,60,4,2023-06-28 09:34:13.730,13589,13589,Y,202307,,,0$$1$$2$$3$$4$$5$$6$$7$$8,,Y$$N,E5
OBZ020,22323,2023-06-26 15:03:11.620,OBZ020,22323,2023-06-28 11:50:10.353,OB202307008,202307機車期中-HM,02,Y,10$$18$$19$$28$$29$$34$$39$$40$$43,01,6,72,4,2023-06-28 09:34:29.293,30634,30634,Y,202307,,,0$$1$$2$$3$$4$$5$$6$$7$$8$$9$$10$$99,,Y$$N,HM
OBZ020,22323,2023-06-26 15:03:14.070,EST,SYSTEM,2023-06-28 09:34:35.527,OB202307009,202307機車中結滿期-M,02,Y,10$$18$$19$$34$$39$$40$$43,02$$03$$04,0,60,6,2023-06-28 09:34:35.527,11230,11230,Y,202307,,,0$$1$$2$$3$$4$$5$$6$$7$$8$$9$$10$$99,,Y$$N,M
OBZ020,22323,2023-06-26 15:03:16.963,EST,SYSTEM,2023-06-28 09:34:41.857,OB202307010,202307機車中結滿期五年以上-M3,02,Y,10$$16$$18$$19$$26$$27$$28$$29$$30$$31$$32$$33$$34$$35$$36$$37$$38$$39$$40,02$$03$$04,64,108,6,2023-06-28 09:34:41.857,15506,15506,Y,202307,,,0$$1$$2$$3$$4$$5$$6$$7$$8$$9$$10$$99,,Y$$N,M3
OBZ020,22323,2023-06-26 15:03:19.980,EST,SYSTEM,2023-06-28 09:34:45.027,OB202307011,202307商品期中-HC,03,Y,10$$16$$18$$19$$26$$27$$28$$29$$30$$31$$32$$33$$34$$35$$36$$37$$38$$39$$40$$41,01,6,60,4,2023-06-28 09:34:45.027,2217,2217,Y,202307,,,0$$1$$2$$3$$4$$5$$6$$7$$8$$9$$10$$99,,Y$$N,HC
OBZ020,22323,2023-06-26 15:03:22.430,EST,SYSTEM,2023-06-28 09:34:49.137,OB202307012,202307商品中結滿期-C3,03,Y,10$$16$$18$$19$$24$$25$$26$$27$$28$$29$$30$$31$$32$$33$$34$$35$$36$$37$$38$$41,02$$03$$04,0,60,4,2023-06-28 09:34:49.137,7086,7086,Y,202307,,,0$$1$$2$$3$$4$$5$$6$$7$$8$$9$$10$$99,,Y$$N,C3
OBZ020,22323,2023-07-25 09:36:27.683,EST,SYSTEM,2023-07-28 15:47:29.750,OB202308001,202308汽車期中_他新中古-H,01,Y,02$$04$$05$$06$$11$$12$$13$$14$$15$$16$$20$$21$$22$$23,01,8,84,4,2023-07-28 15:47:29.750,26771,26771,Y,202308,,,0$$1$$2$$3$$4$$5$$6$$7$$8$$9$$10$$99,,Y$$N,H
OBZ020,22323,2023-07-25 09:36:36.713,EST,SYSTEM,2023-07-28 15:47:37.360,OB202308002,202308汽車期中_非他新中古-H,01,Y,01$$03,01,12,84,4,2023-07-28 15:47:37.360,22783,22783,Y,202308,,,0$$1$$2$$3$$4$$5$$6$$7$$8$$9$$10$$99,,Y$$N,H
OBZ020,22323,2023-07-25 09:36:40.167,EST,SYSTEM,2023-07-28 15:47:45.407,OB202308003,202308汽車中結-S,01,Y,01$$02$$03$$04$$05$$06$$07$$08$$09$$10$$11$$12$$13$$14$$15$$16$$17$$18$$19$$20$$21$$22$$23$$24$$25$$26$$27$$28$$29$$30$$31$$32$$33$$34$$35$$36$$37$$38$$39$$40$$41$$99,02,8,60,4,2023-07-28 15:47:45.407,21004,21004,Y,202308,,,0$$1$$2$$3$$4$$5,,N,S
OBZ020,22323,2023-07-25 09:36:42.887,EST,SYSTEM,2023-07-28 15:47:53.343,OB202308004,202308汽車滿期-E,01,Y,01$$02$$03$$04$$05$$06$$07$$08$$09$$10$$11$$12$$13$$14$$15$$16$$17$$18$$19$$20$$21$$22$$23$$24$$25$$26$$27$$28$$29$$30$$31$$32$$33$$34$$35$$36$$37$$38$$39$$40$$41$$99,03$$04,0,36,4,2023-07-28 15:47:53.343,23155,23155,Y,202308,,,0$$1$$2$$3,,Y$$N,E
OBZ020,22323,2023-07-25 09:36:45.433,EST,SYSTEM,2023-07-28 15:47:57.187,OB202308005,202308汽車中結_被他行代償反守為攻-S,01,Y,01$$02$$03$$04$$05$$06$$07$$08$$09$$10$$11$$12$$13$$14$$15$$16$$17$$18$$19$$20$$21$$22$$23$$24$$25$$26$$27$$28$$29$$30$$31$$32$$33$$34$$35$$36$$37$$38$$39$$40$$41$$99,02,7,60,4,2023-07-28 15:47:57.187,953,953,Y,202308,,,0$$1$$2$$3$$4$$5,,Y,S
OBZ020,22323,2023-07-25 09:36:47.777,EST,SYSTEM,2023-07-28 15:48:04.627,OB202308006,202308汽車中結五年以上-S5,01,Y,01$$02$$03$$04$$05$$06$$07$$08$$09$$10$$11$$12$$13$$14$$15$$16$$17$$18$$19$$20$$21$$22$$23$$24$$25$$26$$27$$28$$29$$30$$31$$32$$33$$34$$35$$36$$37$$38$$39$$40$$41$$99,02,64,120,4,2023-07-28 15:48:04.627,9947,9947,Y,202308,,,0$$1$$2$$3$$4$$5$$6$$7$$8$$9,,Y$$N,S5
OBZ020,22323,2023-07-25 09:36:50.103,EST,SYSTEM,2023-07-28 15:48:09.627,OB202308007,202308汽車滿期三年以上-E5,01,Y,01$$02$$03$$04$$05$$06$$07$$08$$09$$10$$11$$12$$13$$14$$15$$16$$17$$18$$19$$20$$21$$22$$23$$24$$25$$26$$27$$28$$29$$30$$31$$32$$33$$34$$35$$36$$37$$38$$39$$40$$41$$99,03$$04,40,60,4,2023-07-28 15:48:09.627,14099,14099,Y,202308,,,0$$1$$2$$3$$4$$5$$6$$7$$8,,Y$$N,E5
OBZ020,22323,2023-07-25 09:36:52.200,EST,SYSTEM,2023-07-28 15:48:18.923,OB202308008,202308機車期中-HM,02,Y,10$$18$$19$$28$$29$$34$$39$$40$$43,01,6,72,4,2023-07-28 15:48:18.923,29738,29738,Y,202308,,,0$$1$$2$$3$$4$$5$$6$$7$$8$$9$$10$$99,,Y$$N,HM
OBZ020,22323,2023-07-25 09:36:54.603,EST,SYSTEM,2023-07-28 15:48:25.297,OB202308009,202308機車中結滿期-M,02,Y,10$$18$$19$$34$$39$$40$$43,02$$03$$04,0,60,4,2023-07-28 15:48:25.297,11517,11517,Y,202308,,,0$$1$$2$$3$$4$$5$$6$$7$$8$$9$$10$$99,,Y$$N,M
OBZ020,22323,2023-07-25 09:36:57.010,EST,SYSTEM,2023-07-28 15:48:31.937,OB202308010,202308機車中結滿期五年以上-M3,02,Y,10$$16$$18$$19$$26$$27$$28$$29$$30$$31$$32$$33$$34$$35$$36$$37$$38$$39$$40,02$$03$$04,64,108,4,2023-07-28 15:48:31.937,12264,12264,Y,202308,,,0$$1$$2$$3$$4$$5$$6$$7$$8$$9$$10$$99,,Y$$N,M3
OBZ020,22323,2023-07-25 09:36:59.387,EST,SYSTEM,2023-07-28 15:48:35.627,OB202308011,202308商品期中-HC,03,Y,10$$16$$18$$19$$26$$27$$28$$29$$30$$31$$32$$33$$34$$35$$36$$37$$38$$39$$40$$41,01,6,60,4,2023-07-28 15:48:35.627,2380,2380,Y,202308,,,0$$1$$2$$3$$4$$5$$6$$7$$8$$9$$10$$99,,Y$$N,HC
OBZ020,22323,2023-07-25 09:37:01.777,EST,SYSTEM,2023-07-28 15:48:40.297,OB202308012,202308商品中結滿期-C3,03,Y,10$$16$$18$$19$$24$$25$$26$$27$$28$$29$$30$$31$$32$$33$$34$$35$$36$$37$$38$$41,02$$03$$04,0,60,4,2023-07-28 15:48:40.297,6772,6772,Y,202308,,,0$$1$$2$$3$$4$$5$$6$$7$$8$$9$$10$$99,,Y$$N,C3
OBZ020,22323,2023-08-22 14:49:40.033,EST,SYSTEM,2023-08-30 15:23:07.937,OB202309001,202309汽車期中_他新中古-H,01,Y,02$$04$$05$$06$$11$$12$$13$$14$$15$$16$$20$$21$$22$$23,01,8,84,4,2023-08-30 15:23:07.937,26911,26911,Y,202309,,,0$$1$$2$$3$$4$$5$$6$$7$$8$$9$$10$$99,,Y$$N,H
OBZ020,22323,2023-08-22 14:50:07.457,EST,SYSTEM,2023-08-30 15:23:16.860,OB202309002,202309汽車期中_非他新中古-H,01,Y,01$$03,01,12,84,4,2023-08-30 15:23:16.860,21852,21852,Y,202309,,,0$$1$$2$$3$$4$$5$$6$$7$$8$$9$$10$$99,,Y$$N,H
OBZ020,22323,2023-08-22 14:50:23.220,EST,SYSTEM,2023-08-30 15:23:26.263,OB202309003,202309汽車中結-S,01,Y,01$$02$$03$$04$$05$$06$$07$$08$$09$$10$$11$$12$$13$$14$$15$$16$$17$$18$$19$$20$$21$$22$$23$$24$$25$$26$$27$$28$$29$$30$$31$$32$$33$$34$$35$$36$$37$$38$$39$$40$$41$$99,02,8,60,4,2023-08-30 15:23:26.263,19530,19530,Y,202309,,,0$$1$$2$$3$$4$$5,,N,S
OBZ020,22323,2023-08-22 14:51:13.987,EST,SYSTEM,2023-08-30 15:23:35.047,OB202309004,202309汽車滿期-E,01,Y,01$$02$$03$$04$$05$$06$$07$$08$$09$$10$$11$$12$$13$$14$$15$$16$$17$$18$$19$$20$$21$$22$$23$$24$$25$$26$$27$$28$$29$$30$$31$$32$$33$$34$$35$$36$$37$$38$$39$$40$$41$$99,03$$04,0,36,4,2023-08-30 15:23:35.047,22721,22721,Y,202309,,,0$$1$$2$$3,,Y$$N,E
OBZ020,22323,2023-08-22 14:51:22.567,EST,SYSTEM,2023-08-30 15:23:38.623,OB202309005,202309汽車中結_被他行代償反守為攻-S,01,Y,01$$02$$03$$04$$05$$06$$07$$08$$09$$10$$11$$12$$13$$14$$15$$16$$17$$18$$19$$20$$21$$22$$23$$24$$25$$26$$27$$28$$29$$30$$31$$32$$33$$34$$35$$36$$37$$38$$39$$40$$41$$99,02,7,60,4,2023-08-30 15:23:38.623,666,666,Y,202309,,,0$$1$$2$$3$$4$$5,,Y,S
OBZ020,22323,2023-08-22 14:51:25.987,EST,SYSTEM,2023-08-30 15:23:49.843,OB202309006,202309汽車中結五年以上-S5,01,Y,01$$02$$03$$04$$05$$06$$07$$08$$09$$10$$11$$12$$13$$14$$15$$16$$17$$18$$19$$20$$21$$22$$23$$24$$25$$26$$27$$28$$29$$30$$31$$32$$33$$34$$35$$36$$37$$38$$39$$40$$41$$99,02,64,120,4,2023-08-30 15:23:49.843,9788,9788,Y,202309,,,0$$1$$2$$3$$4$$5$$6$$7$$8$$9,,Y$$N,S5
OBZ020,22323,2023-08-22 14:51:28.817,EST,SYSTEM,2023-08-30 15:23:56.610,OB202309007,202309汽車滿期三年以上-E5,01,Y,01$$02$$03$$04$$05$$06$$07$$08$$09$$10$$11$$12$$13$$14$$15$$16$$17$$18$$19$$20$$21$$22$$23$$24$$25$$26$$27$$28$$29$$30$$31$$32$$33$$34$$35$$36$$37$$38$$39$$40$$41$$99,03$$04,40,60,4,2023-08-30 15:23:56.610,12990,12990,Y,202309,,,0$$1$$2$$3$$4$$5$$6$$7$$8,,Y$$N,E5
OBZ020,22323,2023-08-22 14:51:31.160,EST,SYSTEM,2023-08-30 15:24:10.407,OB202309008,202309機車期中-HM,02,Y,10$$18$$19$$28$$29$$34$$39$$40$$43,01,6,72,4,2023-08-30 15:24:10.407,26871,26871,Y,202309,,,0$$1$$2$$3$$4$$5$$6$$7$$8$$9$$10$$99,,Y$$N,HM
OBZ020,22323,2023-08-22 14:51:33.597,EST,SYSTEM,2023-08-30 15:24:17.860,OB202309009,202309機車中結滿期-M,02,Y,10$$18$$19$$34$$39$$40$$43,02$$03$$04,0,60,4,2023-08-30 15:24:17.860,12125,12125,Y,202309,,,0$$1$$2$$3$$4$$5$$6$$7$$8$$9$$10$$99,,Y$$N,M
OBZ020,22323,2023-08-22 14:51:36.160,EST,SYSTEM,2023-08-30 15:24:26.173,OB202309010,202309機車中結滿期五年以上-M3,02,Y,10$$16$$18$$19$$26$$27$$28$$29$$30$$31$$32$$33$$34$$35$$36$$37$$38$$39$$40,02$$03$$04,64,108,4,2023-08-30 15:24:26.173,11063,11063,Y,202309,,,0$$1$$2$$3$$4$$5$$6$$7$$8$$9$$10$$99,,Y$$N,M3
OBZ020,22323,2023-08-22 14:51:38.800,EST,SYSTEM,2023-08-30 15:24:29.280,OB202309011,202309商品期中-HC,03,Y,10$$16$$18$$19$$26$$27$$28$$29$$30$$31$$32$$33$$34$$35$$36$$37$$38$$39$$40$$41,01,6,60,4,2023-08-30 15:24:29.280,2643,2643,Y,202309,,,0$$1$$2$$3$$4$$5$$6$$7$$8$$9$$10$$99,,Y$$N,HC
OBZ020,22323,2023-08-22 14:51:41.457,EST,SYSTEM,2023-08-30 15:24:34.280,OB202309012,202309商品中結滿期-C3,03,Y,10$$16$$18$$19$$24$$25$$26$$27$$28$$29$$30$$31$$32$$33$$34$$35$$36$$37$$38$$41,02$$03$$04,0,60,4,2023-08-30 15:24:34.280,7132,7132,Y,202309,,,0$$1$$2$$3$$4$$5$$6$$7$$8$$9$$10$$99,,Y$$N,C3
OBZ020,23277,2023-09-05 10:49:12.300,EST,SYSTEM,2023-09-28 16:27:10.660,OB202310001,202310汽車期中_他新中古-H,01,Y,02$$04$$05$$06$$11$$12$$13$$14$$15$$16$$20$$21$$22$$23,01,8,84,4,2023-09-28 16:27:10.660,26304,26304,Y,202310,,,0$$1$$2$$3$$4$$5$$6$$7$$8$$9$$10$$99,,Y$$N,H
OBZ020,23277,2023-09-05 10:49:24.660,EST,SYSTEM,2023-09-28 16:27:19.957,OB202310002,202310汽車期中_非他新中古-H,01,Y,01$$03,01,12,84,4,2023-09-28 16:27:19.957,21649,21649,Y,202310,,,0$$1$$2$$3$$4$$5$$6$$7$$8$$9$$10$$99,,Y$$N,H
OBZ020,23277,2023-09-05 10:49:30.830,EST,SYSTEM,2023-09-28 16:27:27.893,OB202310003,202310汽車中結-S,01,Y,01$$02$$03$$04$$05$$06$$07$$08$$09$$10$$11$$12$$13$$14$$15$$16$$17$$18$$19$$20$$21$$22$$23$$24$$25$$26$$27$$28$$29$$30$$31$$32$$33$$34$$35$$36$$37$$38$$39$$40$$41$$99,02,8,60,4,2023-09-28 16:27:27.893,18848,18848,Y,202310,,,0$$1$$2$$3$$4$$5,,N,S
OBZ020,23277,2023-09-05 10:49:41.113,EST,SYSTEM,2023-09-28 16:27:35.893,OB202310004,202310汽車滿期-E,01,Y,01$$02$$03$$04$$05$$06$$07$$08$$09$$10$$11$$12$$13$$14$$15$$16$$17$$18$$19$$20$$21$$22$$23$$24$$25$$26$$27$$28$$29$$30$$31$$32$$33$$34$$35$$36$$37$$38$$39$$40$$41$$99,03$$04,0,36,4,2023-09-28 16:27:35.893,20925,20925,Y,202310,,,0$$1$$2$$3,,Y$$N,E
OBZ020,23277,2023-09-05 10:49:52.567,EST,SYSTEM,2023-09-28 16:27:38.707,OB202310005,202310汽車中結_被他行代償反守為攻-S,01,Y,01$$02$$03$$04$$05$$06$$07$$08$$09$$10$$11$$12$$13$$14$$15$$16$$17$$18$$19$$20$$21$$22$$23$$24$$25$$26$$27$$28$$29$$30$$31$$32$$33$$34$$35$$36$$37$$38$$39$$40$$41$$99,02,7,60,4,2023-09-28 16:27:38.707,928,928,Y,202310,,,0$$1$$2$$3$$4$$5,,Y,S
OBZ020,23277,2023-09-05 10:50:01.300,EST,SYSTEM,2023-09-28 16:27:44.270,OB202310006,202310汽車中結五年以上-S5,01,Y,01$$02$$03$$04$$05$$06$$07$$08$$09$$10$$11$$12$$13$$14$$15$$16$$17$$18$$19$$20$$21$$22$$23$$24$$25$$26$$27$$28$$29$$30$$31$$32$$33$$34$$35$$36$$37$$38$$39$$40$$41$$99,02,64,120,4,2023-09-28 16:27:44.270,9115,9115,Y,202310,,,0$$1$$2$$3$$4$$5$$6$$7$$8$$9,,Y$$N,S5
OBZ020,23277,2023-09-05 10:50:10.503,EST,SYSTEM,2023-09-28 16:27:48.190,OB202310007,202310汽車滿期三年以上-E5,01,Y,01$$02$$03$$04$$05$$06$$07$$08$$09$$10$$11$$12$$13$$14$$15$$16$$17$$18$$19$$20$$21$$22$$23$$24$$25$$26$$27$$28$$29$$30$$31$$32$$33$$34$$35$$36$$37$$38$$39$$40$$41$$99,03$$04,40,60,4,2023-09-28 16:27:48.190,12630,12630,Y,202310,,,0$$1$$2$$3$$4$$5$$6$$7$$8,,Y$$N,E5
OBZ020,23277,2023-09-05 10:50:16.410,EST,SYSTEM,2023-09-28 16:28:00.253,OB202310008,202310機車期中-HM,02,Y,10$$18$$19$$28$$29$$34$$39$$40$$43,01,6,72,4,2023-09-28 16:28:00.253,31099,31099,Y,202310,,,0$$1$$2$$3$$4$$5$$6$$7$$8$$9$$10$$99,,Y$$N,HM
OBZ020,23277,2023-09-05 10:50:21.990,EST,SYSTEM,2023-09-28 16:28:07.550,OB202310009,202310機車中結滿期-M,02,Y,10$$18$$19$$34$$39$$40$$43,02$$03$$04,0,60,4,2023-09-28 16:28:07.550,17144,17144,Y,202310,,,0$$1$$2$$3$$4$$5$$6$$7$$8$$9$$10$$99,,Y$$N,M
OBZ020,23277,2023-09-05 10:50:28.583,EST,SYSTEM,2023-09-28 16:28:14.207,OB202310010,202310機車中結滿期五年以上-M3,02,Y,10$$16$$18$$19$$26$$27$$28$$29$$30$$31$$32$$33$$34$$35$$36$$37$$38$$39$$40,02$$03$$04,64,108,4,2023-09-28 16:28:14.207,20115,20115,Y,202310,,,0$$1$$2$$3$$4$$5$$6$$7$$8$$9$$10$$99,,Y$$N,M3
OBZ020,23277,2023-09-05 10:50:34.020,EST,SYSTEM,2023-09-28 16:28:16.630,OB202310011,202310商品期中-HC,03,Y,10$$16$$18$$19$$26$$27$$28$$29$$30$$31$$32$$33$$34$$35$$36$$37$$38$$39$$40$$41,01,6,60,4,2023-09-28 16:28:16.630,2980,2980,Y,202310,,,0$$1$$2$$3$$4$$5$$6$$7$$8$$9$$10$$99,,Y$$N,HC
OBZ020,23277,2023-09-05 10:50:39.207,EST,SYSTEM,2023-09-28 16:28:19.910,OB202310012,202310商品中結滿期-C3,03,Y,10$$16$$18$$19$$24$$25$$26$$27$$28$$29$$30$$31$$32$$33$$34$$35$$36$$37$$38$$41,02$$03$$04,0,60,4,2023-09-28 16:28:19.910,6213,6213,Y,202310,,,0$$1$$2$$3$$4$$5$$6$$7$$8$$9$$10$$99,,Y$$N,C3
OBZ020,23277,2023-10-23 09:49:41.030,EST,SYSTEM,2023-10-30 14:11:30.170,OB202311001,202311汽車期中_他新中古-H,01,Y,02$$04$$05$$06$$11$$12$$13$$14$$15$$16$$20$$21$$22$$23,01,8,84,4,2023-10-30 14:11:30.170,24507,24507,Y,202311,,,0$$1$$2$$3$$4$$5$$6$$7$$8$$9$$10$$99,,Y$$N,H
OBZ020,23277,2023-10-23 09:49:51.700,EST,SYSTEM,2023-10-30 14:11:40.000,OB202311002,202311汽車期中_非他新中古-H,01,Y,01$$03,01,12,84,4,2023-10-30 14:11:40.000,19271,19271,Y,202311,,,0$$1$$2$$3$$4$$5$$6$$7$$8$$9$$10$$99,,Y$$N,H
OBZ020,23277,2023-10-23 09:49:57.263,EST,SYSTEM,2023-10-30 14:11:49.577,OB202311003,202311汽車中結-S,01,Y,01$$02$$03$$04$$05$$06$$07$$08$$09$$10$$11$$12$$13$$14$$15$$16$$17$$18$$19$$20$$21$$22$$23$$24$$25$$26$$27$$28$$29$$30$$31$$32$$33$$34$$35$$36$$37$$38$$39$$40$$41$$99,02,8,60,4,2023-10-30 14:11:49.577,21930,21930,Y,202311,,,0$$1$$2$$3$$4$$5,,N,S
OBZ020,23277,2023-10-23 09:50:01.543,EST,SYSTEM,2023-10-30 14:12:00.000,OB202311004,202311汽車滿期-E,01,Y,01$$02$$03$$04$$05$$06$$07$$08$$09$$10$$11$$12$$13$$14$$15$$16$$17$$18$$19$$20$$21$$22$$23$$24$$25$$26$$27$$28$$29$$30$$31$$32$$33$$34$$35$$36$$37$$38$$39$$40$$41$$99,03$$04,0,36,4,2023-10-30 14:12:00.000,23000,23000,Y,202311,,,0$$1$$2$$3,,Y$$N,E
OBZ020,23277,2023-10-23 09:50:07.043,EST,SYSTEM,2023-10-30 14:12:05.220,OB202311005,202311汽車中結_被他行代償反守為攻-S,01,Y,01$$02$$03$$04$$05$$06$$07$$08$$09$$10$$11$$12$$13$$14$$15$$16$$17$$18$$19$$20$$21$$22$$23$$24$$25$$26$$27$$28$$29$$30$$31$$32$$33$$34$$35$$36$$37$$38$$39$$40$$41$$99,02,7,60,4,2023-10-30 14:12:05.220,809,809,Y,202311,,,0$$1$$2$$3$$4$$5,,Y,S
OBZ020,23277,2023-10-23 09:50:11.497,EST,SYSTEM,2023-10-30 14:12:12.703,OB202311006,202311汽車中結五年以上-S5,01,Y,01$$02$$03$$04$$05$$06$$07$$08$$09$$10$$11$$12$$13$$14$$15$$16$$17$$18$$19$$20$$21$$22$$23$$24$$25$$26$$27$$28$$29$$30$$31$$32$$33$$34$$35$$36$$37$$38$$39$$40$$41$$99,02,64,120,4,2023-10-30 14:12:12.703,10578,10578,Y,202311,,,0$$1$$2$$3$$4$$5$$6$$7$$8$$9,,Y$$N,S5
OBZ020,23277,2023-10-23 09:50:15.543,EST,SYSTEM,2023-10-30 14:12:19.297,OB202311007,202311汽車滿期三年以上-E5,01,Y,01$$02$$03$$04$$05$$06$$07$$08$$09$$10$$11$$12$$13$$14$$15$$16$$17$$18$$19$$20$$21$$22$$23$$24$$25$$26$$27$$28$$29$$30$$31$$32$$33$$34$$35$$36$$37$$38$$39$$40$$41$$99,03$$04,40,60,4,2023-10-30 14:12:19.297,12607,12607,Y,202311,,,0$$1$$2$$3$$4$$5$$6$$7$$8,,Y$$N,E5
OBZ020,23277,2023-10-23 09:50:19.293,EST,SYSTEM,2023-10-30 14:12:41.390,OB202311008,202311機車期中-HM,02,Y,10$$18$$19$$28$$29$$34$$39$$40$$43,01,6,72,4,2023-10-30 14:12:41.390,31107,31107,Y,202311,,,0$$1$$2$$3$$4$$5$$6$$7$$8$$9$$10$$99,,Y$$N,HM
OBZ020,23277,2023-10-23 09:50:24.000,EST,SYSTEM,2023-10-30 14:12:51.797,OB202311009,202311機車中結滿期-M,02,Y,10$$18$$19$$34$$39$$40$$43,02$$03$$04,0,60,4,2023-10-30 14:12:51.797,19740,19740,Y,202311,,,0$$1$$2$$3$$4$$5$$6$$7$$8$$9$$10$$99,,Y$$N,M
OBZ020,23277,2023-10-23 09:50:34.357,EST,SYSTEM,2023-10-30 14:13:04.047,OB202311010,202311機車中結滿期五年以上-M3,02,Y,10$$16$$18$$19$$26$$27$$28$$29$$30$$31$$32$$33$$34$$35$$36$$37$$38$$39$$40,02$$03$$04,64,108,4,2023-10-30 14:13:04.047,19144,19144,Y,202311,,,0$$1$$2$$3$$4$$5$$6$$7$$8$$9$$10$$99,,Y$$N,M3
OBZ020,23277,2023-10-23 09:50:37.717,EST,SYSTEM,2023-10-30 14:13:08.530,OB202311011,202311商品期中-HC,03,Y,10$$16$$18$$19$$26$$27$$28$$29$$30$$31$$32$$33$$34$$35$$36$$37$$38$$39$$40$$41,01,6,60,4,2023-10-30 14:13:08.530,3251,3251,Y,202311,,,0$$1$$2$$3$$4$$5$$6$$7$$8$$9$$10$$99,,Y$$N,HC
OBZ020,23277,2023-10-23 09:50:41.233,EST,SYSTEM,2023-10-30 14:13:14.267,OB202311012,202311商品中結滿期-C3,03,Y,10$$16$$18$$19$$24$$25$$26$$27$$28$$29$$30$$31$$32$$33$$34$$35$$36$$37$$38$$41,02$$03$$04,0,60,4,2023-10-30 14:13:14.267,6807,6807,Y,202311,,,0$$1$$2$$3$$4$$5$$6$$7$$8$$9$$10$$99,,Y$$N,C3
OBZ020,23277,2023-11-22 13:53:13.433,EST,SYSTEM,2023-11-24 11:34:13.817,OB202312001,202312汽車期中_他新中古-H,01,Y,02$$04$$05$$06$$11$$12$$13$$14$$15$$16$$20$$21$$22$$23,01,8,84,4,2023-11-24 11:34:13.817,25378,25378,Y,202312,,,0$$1$$2$$3$$4$$5$$6$$7$$8$$9$$10$$99,,Y$$N,H
OBZ020,23277,2023-11-22 13:53:36.073,EST,SYSTEM,2023-11-24 11:34:31.847,OB202312002,202312汽車期中_非他新中古-H,01,Y,01$$03,01,12,84,4,2023-11-24 11:34:31.847,20354,20354,Y,202312,,,0$$1$$2$$3$$4$$5$$6$$7$$8$$9$$10$$99,,Y$$N,H
OBZ020,23277,2023-11-22 13:54:54.090,EST,SYSTEM,2023-11-24 11:34:49.427,OB202312003,202312汽車中結-S,01,Y,01$$02$$03$$04$$05$$06$$07$$08$$09$$10$$11$$12$$13$$14$$15$$16$$17$$18$$19$$20$$21$$22$$23$$24$$25$$26$$27$$28$$29$$30$$31$$32$$33$$34$$35$$36$$37$$38$$39$$40$$41$$99,02,8,60,4,2023-11-24 11:34:49.427,20746,20746,Y,202312,,,0$$1$$2$$3$$4$$5,,N,S
OBZ020,23277,2023-11-22 13:55:00.670,EST,SYSTEM,2023-11-24 11:35:08.990,OB202312004,202312汽車滿期-E,01,Y,01$$02$$03$$04$$05$$06$$07$$08$$09$$10$$11$$12$$13$$14$$15$$16$$17$$18$$19$$20$$21$$22$$23$$24$$25$$26$$27$$28$$29$$30$$31$$32$$33$$34$$35$$36$$37$$38$$39$$40$$41$$99,03$$04,0,36,4,2023-11-24 11:35:08.990,23141,23141,Y,202312,,,0$$1$$2$$3,,Y$$N,E
OBZ020,23277,2023-11-22 13:55:05.653,EST,SYSTEM,2023-11-24 11:35:13.787,OB202312005,202312汽車中結_被他行代償反守為攻-S,01,Y,01$$02$$03$$04$$05$$06$$07$$08$$09$$10$$11$$12$$13$$14$$15$$16$$17$$18$$19$$20$$21$$22$$23$$24$$25$$26$$27$$28$$29$$30$$31$$32$$33$$34$$35$$36$$37$$38$$39$$40$$41$$99,02,7,60,4,2023-11-24 11:35:13.787,713,713,Y,202312,,,0$$1$$2$$3$$4$$5,,Y,S
OBZ020,23277,2023-11-22 13:55:13.700,EST,SYSTEM,2023-11-24 11:35:24.050,OB202312006,202312汽車中結五年以上-S5,01,Y,01$$02$$03$$04$$05$$06$$07$$08$$09$$10$$11$$12$$13$$14$$15$$16$$17$$18$$19$$20$$21$$22$$23$$24$$25$$26$$27$$28$$29$$30$$31$$32$$33$$34$$35$$36$$37$$38$$39$$40$$41$$99,02,64,120,4,2023-11-24 11:35:24.050,10278,10278,Y,202312,,,0$$1$$2$$3$$4$$5$$6$$7$$8$$9,,Y$$N,S5
OBZ020,23277,2023-11-22 13:55:18.700,EST,SYSTEM,2023-11-24 11:35:32.300,OB202312007,202312汽車滿期三年以上-E5,01,Y,01$$02$$03$$04$$05$$06$$07$$08$$09$$10$$11$$12$$13$$14$$15$$16$$17$$18$$19$$20$$21$$22$$23$$24$$25$$26$$27$$28$$29$$30$$31$$32$$33$$34$$35$$36$$37$$38$$39$$40$$41$$99,03$$04,40,60,4,2023-11-24 11:35:32.300,13612,13612,Y,202312,,,0$$1$$2$$3$$4$$5$$6$$7$$8,,Y$$N,E5
OBZ020,23277,2023-11-22 13:55:24.250,EST,SYSTEM,2023-11-24 11:35:51.833,OB202312008,202312機車期中-HM,02,Y,10$$18$$19$$28$$29$$34$$39$$40$$43,01,6,72,4,2023-11-24 11:35:51.833,29583,29583,Y,202312,,,0$$1$$2$$3$$4$$5$$6$$7$$8$$9$$10$$99,,Y$$N,HM
OBZ020,23277,2023-11-22 13:55:27.577,EST,SYSTEM,2023-11-24 11:36:13.410,OB202312009,202312機車中結滿期-M,02,Y,10$$18$$19$$34$$39$$40$$43,02$$03$$04,0,60,4,2023-11-24 11:36:13.410,19717,19717,Y,202312,,,0$$1$$2$$3$$4$$5$$6$$7$$8$$9$$10$$99,,Y$$N,M
OBZ020,23277,2023-11-22 13:55:36.173,EST,SYSTEM,2023-11-24 11:36:31.647,OB202312010,202312機車中結滿期五年以上-M3,02,Y,10$$16$$18$$19$$26$$27$$28$$29$$30$$31$$32$$33$$34$$35$$36$$37$$38$$39$$40,02$$03$$04,64,108,4,2023-11-24 11:36:31.647,17015,17015,Y,202312,,,0$$1$$2$$3$$4$$5$$6$$7$$8$$9$$10$$99,,Y$$N,M3
OBZ020,23277,2023-11-22 13:55:39.860,EST,SYSTEM,2023-11-24 11:36:38.367,OB202312011,202312商品期中-HC,03,Y,10$$16$$18$$19$$26$$27$$28$$29$$30$$31$$32$$33$$34$$35$$36$$37$$38$$39$$40$$41,01,6,60,4,2023-11-24 11:36:38.367,3401,3401,Y,202312,,,0$$1$$2$$3$$4$$5$$6$$7$$8$$9$$10$$99,,Y$$N,HC
OBZ020,23277,2023-11-22 13:55:45.440,EST,SYSTEM,2023-11-24 11:36:44.413,OB202312012,202312商品中結滿期-C3,03,Y,10$$16$$18$$19$$24$$25$$26$$27$$28$$29$$30$$31$$32$$33$$34$$35$$36$$37$$38$$41,02$$03$$04,0,60,4,2023-11-24 11:36:44.413,6426,6426,Y,202312,,,0$$1$$2$$3$$4$$5$$6$$7$$8$$9$$10$$99,,Y$$N,C3
OBZ020,23277,2023-12-22 09:02:57.157,EST,SYSTEM,2023-12-29 09:21:16.440,OB202401001,202401汽車期中_他新中古-H,01,Y,02$$04$$05$$06$$11$$12$$13$$14$$15$$16$$20$$21$$22$$23,01,8,84,4,2023-12-29 09:21:16.440,27702,27702,Y,202401,,,0$$1$$2$$3$$4$$5$$6$$7$$8$$9$$10$$99,,Y$$N,H
OBZ020,23277,2023-12-22 09:03:04.300,EST,SYSTEM,2023-12-29 09:21:27.033,OB202401002,202401汽車期中_非他新中古-H,01,Y,01$$03,01,12,84,4,2023-12-29 09:21:27.033,22446,22446,Y,202401,,,0$$1$$2$$3$$4$$5$$6$$7$$8$$9$$10$$99,,Y$$N,H
OBZ020,23277,2023-12-22 09:03:10.127,EST,SYSTEM,2023-12-29 09:21:40.390,OB202401003,202401汽車中結-S,01,Y,01$$02$$03$$04$$05$$06$$07$$08$$09$$10$$11$$12$$13$$14$$15$$16$$17$$18$$19$$20$$21$$22$$23$$24$$25$$26$$27$$28$$29$$30$$31$$32$$33$$34$$35$$36$$37$$38$$39$$40$$41$$99,02,8,60,4,2023-12-29 09:21:40.390,19698,19698,Y,202401,,,0$$1$$2$$3$$4$$5,,N,S
OBZ020,23277,2023-12-22 09:03:15.000,EST,SYSTEM,2023-12-29 09:21:49.500,OB202401004,202401汽車滿期-E,01,Y,01$$02$$03$$04$$05$$06$$07$$08$$09$$10$$11$$12$$13$$14$$15$$16$$17$$18$$19$$20$$21$$22$$23$$24$$25$$26$$27$$28$$29$$30$$31$$32$$33$$34$$35$$36$$37$$38$$39$$40$$41$$99,03$$04,0,36,4,2023-12-29 09:21:49.500,23474,23474,Y,202401,,,0$$1$$2$$3,,Y$$N,E
OBZ020,23277,2023-12-22 09:03:19.377,EST,SYSTEM,2023-12-29 09:21:54.487,OB202401005,202401汽車中結_被他行代償反守為攻-S,01,Y,01$$02$$03$$04$$05$$06$$07$$08$$09$$10$$11$$12$$13$$14$$15$$16$$17$$18$$19$$20$$21$$22$$23$$24$$25$$26$$27$$28$$29$$30$$31$$32$$33$$34$$35$$36$$37$$38$$39$$40$$41$$99,02,7,60,4,2023-12-29 09:21:54.487,414,414,Y,202401,,,0$$1$$2$$3$$4$$5,,Y,S
OBZ020,23277,2023-12-22 09:03:24.910,EST,SYSTEM,2023-12-29 09:22:06.737,OB202401006,202401汽車中結五年以上-S5,01,Y,01$$02$$03$$04$$05$$06$$07$$08$$09$$10$$11$$12$$13$$14$$15$$16$$17$$18$$19$$20$$21$$22$$23$$24$$25$$26$$27$$28$$29$$30$$31$$32$$33$$34$$35$$36$$37$$38$$39$$40$$41$$99,02,64,120,4,2023-12-29 09:22:06.737,9401,9401,Y,202401,,,0$$1$$2$$3$$4$$5$$6$$7$$8$$9,,Y$$N,S5
OBZ020,23277,2023-12-22 09:03:34.237,EST,SYSTEM,2023-12-29 09:22:13.127,OB202401007,202401汽車滿期三年以上-E5,01,Y,01$$02$$03$$04$$05$$06$$07$$08$$09$$10$$11$$12$$13$$14$$15$$16$$17$$18$$19$$20$$21$$22$$23$$24$$25$$26$$27$$28$$29$$30$$31$$32$$33$$34$$35$$36$$37$$38$$39$$40$$41$$99,03$$04,40,60,4,2023-12-29 09:22:13.127,12735,12735,Y,202401,,,0$$1$$2$$3$$4$$5$$6$$7$$8,,Y$$N,E5
OBZ020,23277,2023-12-22 09:03:37.877,EST,SYSTEM,2023-12-29 09:22:27.250,OB202401008,202401機車期中-HM,02,Y,10$$18$$19$$28$$29$$34$$39$$40$$43,01,6,72,4,2023-12-29 09:22:27.250,27932,27932,Y,202401,,,0$$1$$2$$3$$4$$5$$6$$7$$8$$9$$10$$99,,Y$$N,HM
OBZ020,23277,2023-12-22 09:03:41.457,EST,SYSTEM,2023-12-29 09:22:38.047,OB202401009,202401機車中結滿期-M,02,Y,10$$18$$19$$34$$39$$40$$43,02$$03$$04,0,60,4,2023-12-29 09:22:38.047,19862,19862,Y,202401,,,0$$1$$2$$3$$4$$5$$6$$7$$8$$9$$10$$99,,Y$$N,M
OBZ020,23277,2023-12-22 09:03:46.050,EST,SYSTEM,2023-12-29 09:22:46.843,OB202401010,202401機車中結滿期五年以上-M3,02,Y,10$$16$$18$$19$$26$$27$$28$$29$$30$$31$$32$$33$$34$$35$$36$$37$$38$$39$$40,02$$03$$04,64,108,4,2023-12-29 09:22:46.843,17006,17006,Y,202401,,,0$$1$$2$$3$$4$$5$$6$$7$$8$$9$$10$$99,,Y$$N,M3
OBZ020,23277,2023-12-22 09:03:49.673,EST,SYSTEM,2023-12-29 09:22:51.640,OB202401011,202401商品期中-HC,03,Y,10$$16$$18$$19$$26$$27$$28$$29$$30$$31$$32$$33$$34$$35$$36$$37$$38$$39$$40$$41,01,6,60,4,2023-12-29 09:22:51.640,3661,3661,Y,202401,,,0$$1$$2$$3$$4$$5$$6$$7$$8$$9$$10$$99,,Y$$N,HC
OBZ020,23277,2023-12-22 09:03:56.550,EST,SYSTEM,2023-12-29 09:22:56.923,OB202401012,202401商品中結滿期-C3,03,Y,10$$16$$18$$19$$24$$25$$26$$27$$28$$29$$30$$31$$32$$33$$34$$35$$36$$37$$38$$41,02$$03$$04,0,60,4,2023-12-29 09:22:56.923,6725,6725,Y,202401,,,0$$1$$2$$3$$4$$5$$6$$7$$8$$9$$10$$99,,Y$$N,C3
OBZ020,23277,2024-01-02 08:52:57.850,EST,SYSTEM,2024-01-26 14:50:32.213,OB202402001,202402汽車期中_他新中古-H,01,Y,02$$04$$05$$06$$11$$12$$13$$14$$15$$16$$20$$21$$22$$23,01,8,84,4,2024-01-26 14:50:32.213,21844,21844,Y,202402,,,0$$1$$2$$3$$4$$5$$6$$7$$8$$9$$10$$99,,Y$$N,H
OBZ020,23277,2024-01-02 08:53:03.927,EST,SYSTEM,2024-01-26 14:50:41.883,OB202402002,202402汽車期中_非他新中古-H,01,Y,01$$03,01,12,84,4,2024-01-26 14:50:41.883,16228,16228,Y,202402,,,0$$1$$2$$3$$4$$5$$6$$7$$8$$9$$10$$99,,Y$$N,H
OBZ020,23277,2024-01-02 08:53:09.537,EST,SYSTEM,2024-01-26 14:50:50.963,OB202402003,202402汽車中結-S,01,Y,01$$02$$03$$04$$05$$06$$07$$08$$09$$10$$11$$12$$13$$14$$15$$16$$17$$18$$19$$20$$21$$22$$23$$24$$25$$26$$27$$28$$29$$30$$31$$32$$33$$34$$35$$36$$37$$38$$39$$40$$41$$99,02,8,60,4,2024-01-26 14:50:50.963,14105,14105,Y,202402,,,0$$1$$2$$3$$4$$5,,N,S
OBZ020,23277,2024-01-02 08:53:13.977,EST,SYSTEM,2024-01-26 14:51:05.853,OB202402004,202402汽車滿期-E,01,Y,01$$02$$03$$04$$05$$06$$07$$08$$09$$10$$11$$12$$13$$14$$15$$16$$17$$18$$19$$20$$21$$22$$23$$24$$25$$26$$27$$28$$29$$30$$31$$32$$33$$34$$35$$36$$37$$38$$39$$40$$41$$99,03$$04,0,36,4,2024-01-26 14:51:05.853,16416,16416,Y,202402,,,0$$1$$2$$3,,Y$$N,E
OBZ020,23277,2024-01-02 08:53:17.337,EST,SYSTEM,2024-01-26 14:51:11.557,OB202402005,202402汽車中結_被他行代償反守為攻-S,01,Y,01$$02$$03$$04$$05$$06$$07$$08$$09$$10$$11$$12$$13$$14$$15$$16$$17$$18$$19$$20$$21$$22$$23$$24$$25$$26$$27$$28$$29$$30$$31$$32$$33$$34$$35$$36$$37$$38$$39$$40$$41$$99,02,7,60,4,2024-01-26 14:51:11.557,508,508,Y,202402,,,0$$1$$2$$3$$4$$5,,Y,S
OBZ020,23277,2024-01-02 08:53:19.727,EST,SYSTEM,2024-01-26 14:51:17.650,OB202402006,202402汽車中結五年以上-S5,01,Y,01$$02$$03$$04$$05$$06$$07$$08$$09$$10$$11$$12$$13$$14$$15$$16$$17$$18$$19$$20$$21$$22$$23$$24$$25$$26$$27$$28$$29$$30$$31$$32$$33$$34$$35$$36$$37$$38$$39$$40$$41$$99,02,64,120,4,2024-01-26 14:51:17.650,6744,6744,Y,202402,,,0$$1$$2$$3$$4$$5$$6$$7$$8$$9,,Y$$N,S5
OBZ020,23277,2024-01-02 08:53:22.243,EST,SYSTEM,2024-01-26 14:51:22.930,OB202402007,202402汽車滿期三年以上-E5,01,Y,01$$02$$03$$04$$05$$06$$07$$08$$09$$10$$11$$12$$13$$14$$15$$16$$17$$18$$19$$20$$21$$22$$23$$24$$25$$26$$27$$28$$29$$30$$31$$32$$33$$34$$35$$36$$37$$38$$39$$40$$41$$99,03$$04,40,60,4,2024-01-26 14:51:22.930,9273,9273,Y,202402,,,0$$1$$2$$3$$4$$5$$6$$7$$8,,Y$$N,E5
OBZ020,23277,2024-01-02 08:53:24.413,EST,SYSTEM,2024-01-26 14:51:35.557,OB202402008,202402機車期中-HM,02,Y,10$$18$$19$$28$$29$$34$$39$$40$$43,01,6,72,4,2024-01-26 14:51:35.557,27062,27062,Y,202402,,,0$$1$$2$$3$$4$$5$$6$$7$$8$$9$$10$$99,,Y$$N,HM
OBZ020,23277,2024-01-02 08:53:26.867,EST,SYSTEM,2024-01-26 14:51:45.527,OB202402009,202402機車中結滿期-M,02,Y,10$$18$$19$$34$$39$$40$$43,02$$03$$04,0,60,4,2024-01-26 14:51:45.527,14509,14509,Y,202402,,,0$$1$$2$$3$$4$$5$$6$$7$$8$$9$$10$$99,,Y$$N,M
OBZ020,23277,2024-01-02 08:53:28.870,EST,SYSTEM,2024-01-26 14:51:55.573,OB202402010,202402機車中結滿期五年以上-M3,02,Y,10$$16$$18$$19$$26$$27$$28$$29$$30$$31$$32$$33$$34$$35$$36$$37$$38$$39$$40,02$$03$$04,64,108,4,2024-01-26 14:51:55.573,12883,12883,Y,202402,,,0$$1$$2$$3$$4$$5$$6$$7$$8$$9$$10$$99,,Y$$N,M3
OBZ020,23277,2024-01-02 08:53:30.963,EST,SYSTEM,2024-01-26 14:52:02.743,OB202402011,202402商品期中-HC,03,Y,10$$16$$18$$19$$26$$27$$28$$29$$30$$31$$32$$33$$34$$35$$36$$37$$38$$39$$40$$41,01,6,60,4,2024-01-26 14:52:02.743,3093,3093,Y,202402,,,0$$1$$2$$3$$4$$5$$6$$7$$8$$9$$10$$99,,Y$$N,HC
OBZ020,23277,2024-01-02 08:53:33.417,EST,SYSTEM,2024-01-26 14:52:12.450,OB202402012,202402商品中結滿期-C3,03,Y,10$$16$$18$$19$$24$$25$$26$$27$$28$$29$$30$$31$$32$$33$$34$$35$$36$$37$$38$$41,02$$03$$04,0,60,4,2024-01-26 14:52:12.450,4467,4467,Y,202402,,,0$$1$$2$$3$$4$$5$$6$$7$$8$$9$$10$$99,,Y$$N,C3
OBZ020,23277,2024-02-23 09:09:17.530,EST,SYSTEM,2024-02-27 11:55:53.217,OB202403001,202403汽車期中_他新中古-H,01,Y,02$$04$$05$$06$$11$$12$$13$$14$$15$$16$$20$$21$$22$$23,01,8,84,4,2024-02-27 11:55:53.217,25650,25650,Y,202403,,,0$$1$$2$$3$$4$$5$$6$$7$$8$$9$$10$$99,,Y$$N,H
OBZ020,23277,2024-02-23 09:09:26.107,EST,SYSTEM,2024-02-27 11:56:02.327,OB202403002,202403汽車期中_非他新中古-H,01,Y,01$$03,01,12,84,4,2024-02-27 11:56:02.327,18931,18931,Y,202403,,,0$$1$$2$$3$$4$$5$$6$$7$$8$$9$$10$$99,,Y$$N,H
OBZ020,23277,2024-02-23 09:09:33.733,EST,SYSTEM,2024-02-27 11:56:16.403,OB202403003,202403汽車中結-S,01,Y,01$$02$$03$$04$$05$$06$$07$$08$$09$$10$$11$$12$$13$$14$$15$$16$$17$$18$$19$$20$$21$$22$$23$$24$$25$$26$$27$$28$$29$$30$$31$$32$$33$$34$$35$$36$$37$$38$$39$$40$$41$$99,02,8,60,4,2024-02-27 11:56:16.403,21971,21971,Y,202403,,,0$$1$$2$$3$$4$$5,,N,S
OBZ020,23277,2024-02-23 09:09:37.750,EST,SYSTEM,2024-02-27 11:56:26.090,OB202403004,202403汽車滿期-E,01,Y,01$$02$$03$$04$$05$$06$$07$$08$$09$$10$$11$$12$$13$$14$$15$$16$$17$$18$$19$$20$$21$$22$$23$$24$$25$$26$$27$$28$$29$$30$$31$$32$$33$$34$$35$$36$$37$$38$$39$$40$$41$$99,03$$04,0,36,4,2024-02-27 11:56:26.090,23652,23652,Y,202403,,,0$$1$$2$$3,,Y$$N,E
OBZ020,23277,2024-02-23 09:09:44.187,EST,SYSTEM,2024-02-27 11:56:31.043,OB202403005,202403汽車中結_被他行代償反守為攻-S,01,Y,01$$02$$03$$04$$05$$06$$07$$08$$09$$10$$11$$12$$13$$14$$15$$16$$17$$18$$19$$20$$21$$22$$23$$24$$25$$26$$27$$28$$29$$30$$31$$32$$33$$34$$35$$36$$37$$38$$39$$40$$41$$99,02,7,60,4,2024-02-27 11:56:31.043,503,503,Y,202403,,,0$$1$$2$$3$$4$$5,,Y,S
OBZ020,23277,2024-02-23 09:09:53.903,EST,SYSTEM,2024-02-27 11:56:41.403,OB202403006,202403汽車中結五年以上-S5,01,Y,01$$02$$03$$04$$05$$06$$07$$08$$09$$10$$11$$12$$13$$14$$15$$16$$17$$18$$19$$20$$21$$22$$23$$24$$25$$26$$27$$28$$29$$30$$31$$32$$33$$34$$35$$36$$37$$38$$39$$40$$41$$99,02,64,120,4,2024-02-27 11:56:41.403,10387,10387,Y,202403,,,0$$1$$2$$3$$4$$5$$6$$7$$8$$9,,Y$$N,S5
OBZ020,23277,2024-02-23 09:09:57.123,EST,SYSTEM,2024-02-27 11:56:47.497,OB202403007,202403汽車滿期三年以上-E5,01,Y,01$$02$$03$$04$$05$$06$$07$$08$$09$$10$$11$$12$$13$$14$$15$$16$$17$$18$$19$$20$$21$$22$$23$$24$$25$$26$$27$$28$$29$$30$$31$$32$$33$$34$$35$$36$$37$$38$$39$$40$$41$$99,03$$04,40,60,4,2024-02-27 11:56:47.497,12044,12044,Y,202403,,,0$$1$$2$$3$$4$$5$$6$$7$$8,,Y$$N,E5
OBZ020,23277,2024-02-23 09:10:05.250,EST,SYSTEM,2024-02-27 11:57:05.840,OB202403008,202403機車期中-HM,02,Y,10$$18$$19$$28$$29$$34$$39$$40$$43,01,6,72,4,2024-02-27 11:57:05.840,33335,33335,Y,202403,,,0$$1$$2$$3$$4$$5$$6$$7$$8$$9$$10$$99,,Y$$N,HM
OBZ020,23277,2024-02-23 09:10:08.513,EST,SYSTEM,2024-02-27 11:57:17.730,OB202403009,202403機車中結滿期-M,02,Y,10$$18$$19$$34$$39$$40$$43,02$$03$$04,0,60,4,2024-02-27 11:57:17.730,22174,22174,Y,202403,,,0$$1$$2$$3$$4$$5$$6$$7$$8$$9$$10$$99,,Y$$N,M
OBZ020,23277,2024-02-23 09:10:11.420,EST,SYSTEM,2024-02-27 11:57:28.293,OB202403010,202403機車中結滿期五年以上-M3,02,Y,10$$16$$18$$19$$26$$27$$28$$29$$30$$31$$32$$33$$34$$35$$36$$37$$38$$39$$40,02$$03$$04,64,108,4,2024-02-27 11:57:28.293,16805,16805,Y,202403,,,0$$1$$2$$3$$4$$5$$6$$7$$8$$9$$10$$99,,Y$$N,M3
OBZ020,23277,2024-02-23 09:10:13.280,EST,SYSTEM,2024-02-27 11:57:33.170,OB202403011,202403商品期中-HC,03,Y,10$$16$$18$$19$$26$$27$$28$$29$$30$$31$$32$$33$$34$$35$$36$$37$$38$$39$$40$$41,01,6,60,4,2024-02-27 11:57:33.170,4139,4139,Y,202403,,,0$$1$$2$$3$$4$$5$$6$$7$$8$$9$$10$$99,,Y$$N,HC
OBZ020,23277,2024-02-23 09:10:14.907,EST,SYSTEM,2024-02-27 11:57:38.293,OB202403012,202403商品中結滿期-C3,03,Y,10$$16$$18$$19$$24$$25$$26$$27$$28$$29$$30$$31$$32$$33$$34$$35$$36$$37$$38$$41,02$$03$$04,0,60,4,2024-02-27 11:57:38.293,6704,6704,Y,202403,,,0$$1$$2$$3$$4$$5$$6$$7$$8$$9$$10$$99,,Y$$N,C3
OBZ020,23277,2024-03-25 08:46:27.900,EST,SYSTEM,2024-03-27 15:36:25.460,OB202404001,202404汽車期中_他新中古-H,01,Y,02$$04$$05$$06$$11$$12$$13$$14$$15$$16$$20$$21$$22$$23,01,8,84,4,2024-03-27 15:36:25.460,28819,28819,Y,202404,,,0$$1$$2$$3$$4$$5$$6$$7$$8$$9$$10$$99,,Y$$N,H
OBZ020,23277,2024-03-25 08:46:31.743,EST,SYSTEM,2024-03-27 15:36:33.647,OB202404002,202404汽車期中_非他新中古-H,01,Y,01$$03,01,12,84,4,2024-03-27 15:36:33.647,22425,22425,Y,202404,,,0$$1$$2$$3$$4$$5$$6$$7$$8$$9$$10$$99,,Y$$N,H
OBZ020,23277,2024-03-25 08:46:34.230,EST,SYSTEM,2024-03-27 15:36:44.023,OB202404003,202404汽車中結-S,01,Y,01$$02$$03$$04$$05$$06$$07$$08$$09$$10$$11$$12$$13$$14$$15$$16$$17$$18$$19$$20$$21$$22$$23$$24$$25$$26$$27$$28$$29$$30$$31$$32$$33$$34$$35$$36$$37$$38$$39$$40$$41$$99,02,8,60,4,2024-03-27 15:36:44.023,20820,20820,Y,202404,,,0$$1$$2$$3$$4$$5,,N,S
OBZ020,23277,2024-03-25 08:46:36.917,EST,SYSTEM,2024-03-27 15:36:54.397,OB202404004,202404汽車滿期-E,01,Y,01$$02$$03$$04$$05$$06$$07$$08$$09$$10$$11$$12$$13$$14$$15$$16$$17$$18$$19$$20$$21$$22$$23$$24$$25$$26$$27$$28$$29$$30$$31$$32$$33$$34$$35$$36$$37$$38$$39$$40$$41$$99,03$$04,0,36,4,2024-03-27 15:36:54.397,22593,22593,Y,202404,,,0$$1$$2$$3,,Y$$N,E
OBZ020,23277,2024-03-25 08:46:39.120,EST,SYSTEM,2024-03-27 15:36:58.633,OB202404005,202404汽車中結_被他行代償反守為攻-S,01,Y,01$$02$$03$$04$$05$$06$$07$$08$$09$$10$$11$$12$$13$$14$$15$$16$$17$$18$$19$$20$$21$$22$$23$$24$$25$$26$$27$$28$$29$$30$$31$$32$$33$$34$$35$$36$$37$$38$$39$$40$$41$$99,02,7,60,4,2024-03-27 15:36:58.633,384,384,Y,202404,,,0$$1$$2$$3$$4$$5,,Y,S
OBZ020,23277,2024-03-25 08:46:41.230,EST,SYSTEM,2024-03-27 15:37:08.930,OB202404006,202404汽車中結五年以上-S5,01,Y,01$$02$$03$$04$$05$$06$$07$$08$$09$$10$$11$$12$$13$$14$$15$$16$$17$$18$$19$$20$$21$$22$$23$$24$$25$$26$$27$$28$$29$$30$$31$$32$$33$$34$$35$$36$$37$$38$$39$$40$$41$$99,02,64,120,4,2024-03-27 15:37:08.930,10010,10010,Y,202404,,,0$$1$$2$$3$$4$$5$$6$$7$$8$$9,,Y$$N,S5
OBZ020,23277,2024-03-25 08:46:43.587,EST,SYSTEM,2024-03-27 15:37:15.180,OB202404007,202404汽車滿期三年以上-E5,01,Y,01$$02$$03$$04$$05$$06$$07$$08$$09$$10$$11$$12$$13$$14$$15$$16$$17$$18$$19$$20$$21$$22$$23$$24$$25$$26$$27$$28$$29$$30$$31$$32$$33$$34$$35$$36$$37$$38$$39$$40$$41$$99,03$$04,40,60,4,2024-03-27 15:37:15.180,12672,12672,Y,202404,,,0$$1$$2$$3$$4$$5$$6$$7$$8,,Y$$N,E5
OBZ020,23277,2024-03-25 08:46:45.540,EST,SYSTEM,2024-03-27 15:37:30.257,OB202404008,202404機車期中-HM,02,Y,10$$18$$19$$28$$29$$34$$39$$40$$43,01,6,72,4,2024-03-27 15:37:30.257,34157,34157,Y,202404,,,0$$1$$2$$3$$4$$5$$6$$7$$8$$9$$10$$99,,Y$$N,HM
OBZ020,23277,2024-03-25 08:46:47.730,EST,SYSTEM,2024-03-27 15:37:41.210,OB202404009,202404機車中結滿期-M,02,Y,10$$18$$19$$34$$39$$40$$43,02$$03$$04,0,60,4,2024-03-27 15:37:41.210,22813,22813,Y,202404,,,0$$1$$2$$3$$4$$5$$6$$7$$8$$9$$10$$99,,Y$$N,M
OBZ020,23277,2024-03-25 08:46:56.853,EST,SYSTEM,2024-03-27 15:37:49.523,OB202404010,202404機車中結滿期五年以上-M3,02,Y,10$$16$$18$$19$$26$$27$$28$$29$$30$$31$$32$$33$$34$$35$$36$$37$$38$$39$$40,02$$03$$04,64,108,4,2024-03-27 15:37:49.523,14854,14854,Y,202404,,,0$$1$$2$$3$$4$$5$$6$$7$$8$$9$$10$$99,,Y$$N,M3
OBZ020,23277,2024-03-25 08:46:59.807,EST,SYSTEM,2024-03-27 15:37:54.260,OB202404011,202404商品期中-HC,03,Y,10$$16$$18$$19$$26$$27$$28$$29$$30$$31$$32$$33$$34$$35$$36$$37$$38$$39$$40$$41,01,6,60,4,2024-03-27 15:37:54.260,4564,4564,Y,202404,,,0$$1$$2$$3$$4$$5$$6$$7$$8$$9$$10$$99,,Y$$N,HC
OBZ020,23277,2024-03-25 08:47:02.040,EST,SYSTEM,2024-03-27 15:38:02.400,OB202404012,202404商品中結滿期-C3,03,Y,10$$16$$18$$19$$24$$25$$26$$27$$28$$29$$30$$31$$32$$33$$34$$35$$36$$37$$38$$41,02$$03$$04,0,60,4,2024-03-27 15:38:02.400,6342,6342,Y,202404,,,0$$1$$2$$3$$4$$5$$6$$7$$8$$9$$10$$99,,Y$$N,C3
OBZ020,23277,2024-04-23 08:45:41.257,EST,SYSTEM,2024-04-29 09:17:43.160,OB202405001,202405汽車期中_他新中古-H,01,Y,02$$04$$05$$06$$11$$12$$13$$14$$15$$16$$20$$21$$22$$23,01,8,84,4,2024-04-29 09:17:43.160,29399,29399,Y,202405,,,0$$1$$2$$3$$4$$5$$6$$7$$8$$9$$10$$99,,Y$$N,H
OBZ020,23277,2024-04-23 08:45:51.943,EST,SYSTEM,2024-04-29 09:17:58.440,OB202405002,202405汽車期中_非他新中古-H,01,Y,01$$03,01,12,84,4,2024-04-29 09:17:58.440,22157,22157,Y,202405,,,0$$1$$2$$3$$4$$5$$6$$7$$8$$9$$10$$99,,Y$$N,H
OBZ020,23277,2024-04-23 08:45:54.820,EST,SYSTEM,2024-04-29 09:18:11.737,OB202405003,202405汽車中結-S,01,Y,01$$02$$03$$04$$05$$06$$07$$08$$09$$10$$11$$12$$13$$14$$15$$16$$17$$18$$19$$20$$21$$22$$23$$24$$25$$26$$27$$28$$29$$30$$31$$32$$33$$34$$35$$36$$37$$38$$39$$40$$41$$99,02,8,60,4,2024-04-29 09:18:11.737,19712,19712,Y,202405,,,0$$1$$2$$3$$4$$5,,N,S
OBZ020,23277,2024-04-23 08:45:57.163,EST,SYSTEM,2024-04-29 09:18:32.423,OB202405004,202405汽車滿期-E,01,Y,01$$02$$03$$04$$05$$06$$07$$08$$09$$10$$11$$12$$13$$14$$15$$16$$17$$18$$19$$20$$21$$22$$23$$24$$25$$26$$27$$28$$29$$30$$31$$32$$33$$34$$35$$36$$37$$38$$39$$40$$41$$99,03$$04,0,36,4,2024-04-29 09:18:32.423,23759,23759,Y,202405,,,0$$1$$2$$3,,Y$$N,E
OBZ020,23277,2024-04-23 08:45:59.087,EST,SYSTEM,2024-04-29 09:18:38.487,OB202405005,202405汽車中結_被他行代償反守為攻-S,01,Y,01$$02$$03$$04$$05$$06$$07$$08$$09$$10$$11$$12$$13$$14$$15$$16$$17$$18$$19$$20$$21$$22$$23$$24$$25$$26$$27$$28$$29$$30$$31$$32$$33$$34$$35$$36$$37$$38$$39$$40$$41$$99,02,7,60,4,2024-04-29 09:18:38.487,288,288,Y,202405,,,0$$1$$2$$3$$4$$5,,Y,S
OBZ020,23277,2024-04-23 08:46:00.977,EST,SYSTEM,2024-04-29 09:18:46.427,OB202405006,202405汽車中結五年以上-S5,01,Y,01$$02$$03$$04$$05$$06$$07$$08$$09$$10$$11$$12$$13$$14$$15$$16$$17$$18$$19$$20$$21$$22$$23$$24$$25$$26$$27$$28$$29$$30$$31$$32$$33$$34$$35$$36$$37$$38$$39$$40$$41$$99,02,64,120,4,2024-04-29 09:18:46.427,10011,10011,Y,202405,,,0$$1$$2$$3$$4$$5$$6$$7$$8$$9,,Y$$N,S5
OBZ020,23277,2024-04-23 08:46:02.993,EST,SYSTEM,2024-04-29 09:18:54.597,OB202405007,202405汽車滿期三年以上-E5,01,Y,01$$02$$03$$04$$05$$06$$07$$08$$09$$10$$11$$12$$13$$14$$15$$16$$17$$18$$19$$20$$21$$22$$23$$24$$25$$26$$27$$28$$29$$30$$31$$32$$33$$34$$35$$36$$37$$38$$39$$40$$41$$99,03$$04,40,60,4,2024-04-29 09:18:54.597,12584,12584,Y,202405,,,0$$1$$2$$3$$4$$5$$6$$7$$8,,Y$$N,E5
OBZ020,23277,2024-04-23 08:46:04.820,EST,SYSTEM,2024-04-29 09:19:11.067,OB202405008,202405機車期中-HM,02,Y,10$$18$$19$$28$$29$$34$$39$$40$$43,01,6,72,4,2024-04-29 09:19:11.067,31709,31709,Y,202405,,,0$$1$$2$$3$$4$$5$$6$$7$$8$$9$$10$$99,,Y$$N,HM
OBZ020,23277,2024-04-23 08:46:07.290,EST,SYSTEM,2024-04-29 09:19:24.503,OB202405009,202405機車中結滿期-M,02,Y,10$$18$$19$$34$$39$$40$$43,02$$03$$04,0,60,4,2024-04-29 09:19:24.503,22199,22199,Y,202405,,,0$$1$$2$$3$$4$$5$$6$$7$$8$$9$$10$$99,,Y$$N,M
OBZ020,23277,2024-04-23 08:46:09.010,EST,SYSTEM,2024-04-29 09:19:35.160,OB202405010,202405機車中結滿期五年以上-M3,02,Y,10$$16$$18$$19$$26$$27$$28$$29$$30$$31$$32$$33$$34$$35$$36$$37$$38$$39$$40,02$$03$$04,64,108,4,2024-04-29 09:19:35.160,14767,14767,Y,202405,,,0$$1$$2$$3$$4$$5$$6$$7$$8$$9$$10$$99,,Y$$N,M3
OBZ020,23277,2024-04-23 08:46:10.960,EST,SYSTEM,2024-04-29 09:19:41.350,OB202405011,202405商品期中-HC,03,Y,10$$16$$18$$19$$26$$27$$28$$29$$30$$31$$32$$33$$34$$35$$36$$37$$38$$39$$40$$41,01,6,60,4,2024-04-29 09:19:41.350,4505,4505,Y,202405,,,0$$1$$2$$3$$4$$5$$6$$7$$8$$9$$10$$99,,Y$$N,HC
OBZ020,23277,2024-04-23 08:46:12.913,EST,SYSTEM,2024-04-29 09:19:47.147,OB202405012,202405商品中結滿期-C3,03,Y,10$$16$$18$$19$$24$$25$$26$$27$$28$$29$$30$$31$$32$$33$$34$$35$$36$$37$$38$$41,02$$03$$04,0,60,4,2024-04-29 09:19:47.147,6799,6799,Y,202405,,,0$$1$$2$$3$$4$$5$$6$$7$$8$$9$$10$$99,,Y$$N,C3
OBZ020,23277,2024-05-28 09:37:13.327,EST,SYSTEM,2024-05-31 14:12:21.503,OB202406001,202406汽車期中_他新中古-H,01,Y,02$$04$$05$$06$$11$$12$$13$$14$$15$$16$$20$$21$$22$$23,01,8,84,4,2024-05-31 14:12:21.503,28176,28176,Y,202406,,,0$$1$$2$$3$$4$$5$$6$$7$$8$$9$$10$$99,,Y$$N,H
OBZ020,23277,2024-05-28 09:37:17.687,EST,SYSTEM,2024-05-31 14:12:32.613,OB202406002,202406汽車期中_非他新中古-H,01,Y,01$$03,01,12,84,4,2024-05-31 14:12:32.613,20443,20443,Y,202406,,,0$$1$$2$$3$$4$$5$$6$$7$$8$$9$$10$$99,,Y$$N,H
OBZ020,23277,2024-05-28 09:37:20.220,EST,SYSTEM,2024-05-31 14:12:42.300,OB202406003,202406汽車中結-S,01,Y,01$$02$$03$$04$$05$$06$$07$$08$$09$$10$$11$$12$$13$$14$$15$$16$$17$$18$$19$$20$$21$$22$$23$$24$$25$$26$$27$$28$$29$$30$$31$$32$$33$$34$$35$$36$$37$$38$$39$$40$$41$$99,02,8,60,4,2024-05-31 14:12:42.300,18201,18201,Y,202406,,,0$$1$$2$$3$$4$$5,,N,S
OBZ020,23277,2024-05-28 09:37:22.483,EST,SYSTEM,2024-05-31 14:12:56.520,OB202406004,202406汽車滿期-E,01,Y,01$$02$$03$$04$$05$$06$$07$$08$$09$$10$$11$$12$$13$$14$$15$$16$$17$$18$$19$$20$$21$$22$$23$$24$$25$$26$$27$$28$$29$$30$$31$$32$$33$$34$$35$$36$$37$$38$$39$$40$$41$$99,03$$04,0,36,4,2024-05-31 14:12:56.520,23470,23470,Y,202406,,,0$$1$$2$$3,,Y$$N,E
OBZ020,23277,2024-05-28 09:37:24.720,EST,SYSTEM,2024-05-31 14:13:01.990,OB202406005,202406汽車中結_被他行代償反守為攻-S,01,Y,01$$02$$03$$04$$05$$06$$07$$08$$09$$10$$11$$12$$13$$14$$15$$16$$17$$18$$19$$20$$21$$22$$23$$24$$25$$26$$27$$28$$29$$30$$31$$32$$33$$34$$35$$36$$37$$38$$39$$40$$41$$99,02,7,60,4,2024-05-31 14:13:01.990,356,356,Y,202406,,,0$$1$$2$$3$$4$$5,,Y,S
OBZ020,23277,2024-05-28 09:37:26.657,EST,SYSTEM,2024-05-31 14:13:12.570,OB202406006,202406汽車中結五年以上-S5,01,Y,01$$02$$03$$04$$05$$06$$07$$08$$09$$10$$11$$12$$13$$14$$15$$16$$17$$18$$19$$20$$21$$22$$23$$24$$25$$26$$27$$28$$29$$30$$31$$32$$33$$34$$35$$36$$37$$38$$39$$40$$41$$99,02,64,120,4,2024-05-31 14:13:12.570,7842,7842,Y,202406,,,0$$1$$2$$3$$4$$5$$6$$7$$8$$9,,Y$$N,S5
OBZ020,23277,2024-05-28 09:37:28.860,EST,SYSTEM,2024-05-31 14:13:18.223,OB202406007,202406汽車滿期三年以上-E5,01,Y,01$$02$$03$$04$$05$$06$$07$$08$$09$$10$$11$$12$$13$$14$$15$$16$$17$$18$$19$$20$$21$$22$$23$$24$$25$$26$$27$$28$$29$$30$$31$$32$$33$$34$$35$$36$$37$$38$$39$$40$$41$$99,03$$04,40,60,4,2024-05-31 14:13:18.223,12451,12451,Y,202406,,,0$$1$$2$$3$$4$$5$$6$$7$$8,,Y$$N,E5
OBZ020,23277,2024-05-28 09:37:30.657,EST,SYSTEM,2024-05-31 14:13:29.677,OB202406008,202406機車期中-HM,02,Y,10$$18$$19$$28$$29$$34$$39$$40$$43,01,14,72,4,2024-05-31 14:13:29.677,18999,18999,Y,202406,,,0$$1$$2$$3$$4$$5$$6$$7$$8$$9$$10$$99,,Y$$N,HM
OBZ020,23277,2024-05-28 09:37:32.500,EST,SYSTEM,2024-05-31 14:13:42.723,OB202406009,202406機車中結滿期-M,02,Y,10$$18$$19$$34$$39$$40$$43,02$$03$$04,0,60,4,2024-05-31 14:13:42.723,21297,21297,Y,202406,,,0$$1$$2$$3$$4$$5$$6$$7$$8$$9$$10$$99,,Y$$N,M
OBZ020,23277,2024-05-28 09:37:35.767,EST,SYSTEM,2024-05-31 14:13:51.600,OB202406010,202406機車中結滿期五年以上-M3,02,Y,10$$16$$18$$19$$26$$27$$28$$29$$30$$31$$32$$33$$34$$35$$36$$37$$38$$39$$40,02$$03$$04,64,108,4,2024-05-31 14:13:51.600,15135,15135,Y,202406,,,0$$1$$2$$3$$4$$5$$6$$7$$8$$9$$10$$99,,Y$$N,M3
OBZ020,23277,2024-05-28 09:37:37.733,EST,SYSTEM,2024-05-31 14:13:56.617,OB202406011,202406商品期中-HC,03,Y,10$$16$$18$$19$$26$$27$$28$$29$$30$$31$$32$$33$$34$$35$$36$$37$$38$$39$$40$$41,01,6,60,4,2024-05-31 14:13:56.617,3446,3446,Y,202406,,,0$$1$$2$$3$$4$$5$$6$$7$$8$$9$$10$$99,,Y$$N,HC
OBZ020,23277,2024-05-28 09:37:39.373,EST,SYSTEM,2024-05-31 14:14:01.913,OB202406012,202406商品中結滿期-C3,03,Y,10$$16$$18$$19$$24$$25$$26$$27$$28$$29$$30$$31$$32$$33$$34$$35$$36$$37$$38$$41,02$$03$$04,0,60,4,2024-05-31 14:14:01.913,6115,6115,Y,202406,,,0$$1$$2$$3$$4$$5$$6$$7$$8$$9$$10$$99,,Y$$N,C3
OBZ020,23277,2024-06-25 18:07:28.707,EST,SYSTEM,2024-06-28 16:00:27.233,OB202407001,202407汽車期中_他新中古-H,01,Y,02$$04$$05$$06$$11$$12$$13$$14$$15$$16$$20$$21$$22$$23,01,8,84,4,2024-06-28 16:00:27.233,17556,17556,Y,202407,,,0$$1$$2$$3$$4$$5$$6$$7$$8$$9$$10$$99,,Y$$N,H
OBZ020,23277,2024-06-25 18:07:39.723,EST,SYSTEM,2024-06-28 16:00:34.437,OB202407002,202407汽車期中_非他新中古-H,01,Y,01$$03,01,12,84,4,2024-06-28 16:00:34.437,18665,18665,Y,202407,,,0$$1$$2$$3$$4$$5$$6$$7$$8$$9$$10$$99,,Y$$N,H
OBZ020,23277,2024-06-25 18:07:41.363,EST,SYSTEM,2024-06-28 16:00:43.233,OB202407003,202407汽車中結-S,01,Y,01$$02$$03$$04$$05$$06$$07$$08$$09$$10$$11$$12$$13$$14$$15$$16$$17$$18$$19$$20$$21$$22$$23$$24$$25$$26$$27$$28$$29$$30$$31$$32$$33$$34$$35$$36$$37$$38$$39$$40$$41$$99,02,8,60,4,2024-06-28 16:00:43.233,21121,21121,Y,202407,,,0$$1$$2$$3$$4$$5,,N,S
OBZ020,23277,2024-06-25 18:07:42.910,EST,SYSTEM,2024-06-28 16:00:54.013,OB202407004,202407汽車滿期-E,01,Y,01$$02$$03$$04$$05$$06$$07$$08$$09$$10$$11$$12$$13$$14$$15$$16$$17$$18$$19$$20$$21$$22$$23$$24$$25$$26$$27$$28$$29$$30$$31$$32$$33$$34$$35$$36$$37$$38$$39$$40$$41$$99,03$$04,0,36,4,2024-06-28 16:00:54.013,26423,26423,Y,202407,,,0$$1$$2$$3,,Y$$N,E
OBZ020,23277,2024-06-25 18:07:44.770,EST,SYSTEM,2024-06-28 16:00:59.700,OB202407005,202407汽車中結_被他行代償反守為攻-S,01,Y,01$$02$$03$$04$$05$$06$$07$$08$$09$$10$$11$$12$$13$$14$$15$$16$$17$$18$$19$$20$$21$$22$$23$$24$$25$$26$$27$$28$$29$$30$$31$$32$$33$$34$$35$$36$$37$$38$$39$$40$$41$$99,02,7,60,4,2024-06-28 16:00:59.700,130,130,Y,202407,,,0$$1$$2$$3$$4$$5,,Y,S
OBZ020,23277,2024-06-25 18:07:46.300,EST,SYSTEM,2024-06-28 16:01:06.907,OB202407006,202407汽車中結五年以上-S5,01,Y,01$$02$$03$$04$$05$$06$$07$$08$$09$$10$$11$$12$$13$$14$$15$$16$$17$$18$$19$$20$$21$$22$$23$$24$$25$$26$$27$$28$$29$$30$$31$$32$$33$$34$$35$$36$$37$$38$$39$$40$$41$$99,02,64,120,4,2024-06-28 16:01:06.907,8910,8910,Y,202407,,,0$$1$$2$$3$$4$$5$$6$$7$$8$$9,,Y$$N,S5
OBZ020,23277,2024-06-25 18:07:47.973,EST,SYSTEM,2024-06-28 16:01:20.123,OB202407007,202407汽車滿期三年以上-E5,01,Y,01$$02$$03$$04$$05$$06$$07$$08$$09$$10$$11$$12$$13$$14$$15$$16$$17$$18$$19$$20$$21$$22$$23$$24$$25$$26$$27$$28$$29$$30$$31$$32$$33$$34$$35$$36$$37$$38$$39$$40$$41$$99,03$$04,40,120,4,2024-06-28 16:01:20.123,33910,33910,Y,202407,,,0$$1$$2$$3$$4$$5$$6$$7$$8,,Y$$N,E5
OBZ020,23277,2024-06-25 18:07:49.600,EST,SYSTEM,2024-06-28 16:01:28.953,OB202407008,202407機車期中-HM,02,Y,10$$18$$19$$28$$29$$34$$39$$40$$43,01,18,72,4,2024-06-28 16:01:28.953,14484,14484,Y,202407,,,0$$1$$2$$3$$4$$5$$6$$7$$8$$9$$10$$99,,Y$$N,HM
OBZ020,23277,2024-06-25 18:07:53.770,EST,SYSTEM,2024-06-28 16:01:37.467,OB202407009,202407機車中結滿期-M,02,Y,10$$18$$19$$34$$39$$40$$43,02$$03$$04,0,12,4,2024-06-28 16:01:37.467,10872,10872,Y,202407,,,0$$1$$2$$3$$4$$5$$6$$7$$8$$9$$10$$99,,Y$$N,M
OBZ020,23277,2024-06-25 18:07:59.300,EST,SYSTEM,2024-06-28 16:01:41.703,OB202407011,202407商品期中-HC,03,Y,10$$16$$18$$19$$26$$27$$28$$29$$30$$31$$32$$33$$34$$35$$36$$37$$38$$39$$40$$41,01,6,60,4,2024-06-28 16:01:41.703,3434,3434,Y,202407,,,0$$1$$2$$3$$4$$5$$6$$7$$8$$9$$10$$99,,Y$$N,HC
OBZ020,23277,2024-07-29 14:20:58.723,EST,SYSTEM,2024-07-31 18:03:18.967,OB202408001,202408汽車期中_他新中古-H,01,Y,02$$04$$05$$06$$11$$12$$13$$14$$15$$16$$20$$21$$22$$23,01,8,84,4,2024-07-31 18:03:18.967,20293,20293,Y,202408,,,0$$1$$2$$3$$4$$5$$6$$7$$8$$9$$10$$99,,Y$$N,H
OBZ020,23277,2024-07-29 14:21:06.550,EST,SYSTEM,2024-07-31 18:03:39.187,OB202408002,202408汽車期中_非他新中古-H,01,Y,01$$03,01,12,84,4,2024-07-31 18:03:39.187,21993,21993,Y,202408,,,0$$1$$2$$3$$4$$5$$6$$7$$8$$9$$10$$99,,Y$$N,H
OBZ020,23277,2024-07-29 14:21:09.100,EST,SYSTEM,2024-07-31 18:03:51.483,OB202408003,202408汽車中結-S,01,Y,01$$02$$03$$04$$05$$06$$07$$08$$09$$10$$11$$12$$13$$14$$15$$16$$17$$18$$19$$20$$21$$22$$23$$24$$25$$26$$27$$28$$29$$30$$31$$32$$33$$34$$35$$36$$37$$38$$39$$40$$41$$99,02,8,60,4,2024-07-31 18:03:51.483,20852,20852,Y,202408,,,0$$1$$2$$3$$4$$5,,N,S
OBZ020,23277,2024-07-29 14:21:11.380,EST,SYSTEM,2024-07-31 18:04:15.780,OB202408004,202408汽車滿期-E,01,Y,01$$02$$03$$04$$05$$06$$07$$08$$09$$10$$11$$12$$13$$14$$15$$16$$17$$18$$19$$20$$21$$22$$23$$24$$25$$26$$27$$28$$29$$30$$31$$32$$33$$34$$35$$36$$37$$38$$39$$40$$41$$99,03$$04,0,36,4,2024-07-31 18:04:15.780,25329,25329,Y,202408,,,0$$1$$2$$3,,Y$$N,E
OBZ020,23277,2024-07-29 14:21:13.583,EST,SYSTEM,2024-07-31 18:04:22.610,OB202408005,202408汽車中結_被他行代償反守為攻-S,01,Y,01$$02$$03$$04$$05$$06$$07$$08$$09$$10$$11$$12$$13$$14$$15$$16$$17$$18$$19$$20$$21$$22$$23$$24$$25$$26$$27$$28$$29$$30$$31$$32$$33$$34$$35$$36$$37$$38$$39$$40$$41$$99,02,7,60,4,2024-07-31 18:04:22.610,29,29,Y,202408,,,0$$1$$2$$3$$4$$5,,Y,S
OBZ020,23277,2024-07-29 14:21:15.600,EST,SYSTEM,2024-07-31 18:04:31.017,OB202408006,202408汽車中結五年以上-S5,01,Y,01$$02$$03$$04$$05$$06$$07$$08$$09$$10$$11$$12$$13$$14$$15$$16$$17$$18$$19$$20$$21$$22$$23$$24$$25$$26$$27$$28$$29$$30$$31$$32$$33$$34$$35$$36$$37$$38$$39$$40$$41$$99,02,64,120,4,2024-07-31 18:04:31.017,8916,8916,Y,202408,,,0$$1$$2$$3$$4$$5$$6$$7$$8$$9,,Y$$N,S5
OBZ020,23277,2024-07-29 14:21:17.677,EST,SYSTEM,2024-07-31 18:04:39.030,OB202408007,202408汽車滿期三年以上-E5,01,Y,01$$02$$03$$04$$05$$06$$07$$08$$09$$10$$11$$12$$13$$14$$15$$16$$17$$18$$19$$20$$21$$22$$23$$24$$25$$26$$27$$28$$29$$30$$31$$32$$33$$34$$35$$36$$37$$38$$39$$40$$41$$99,03$$04,40,60,4,2024-07-31 18:04:39.030,13710,13710,Y,202408,,,0$$1$$2$$3$$4$$5$$6$$7$$8,,Y$$N,E5
OBZ020,23277,2024-07-29 14:21:22.723,EST,SYSTEM,2024-07-31 18:04:50.157,OB202408008,202408機車期中-HM,02,Y,10$$18$$19$$28$$29$$34$$39$$40$$43,01,18,72,4,2024-07-31 18:04:50.157,12994,12994,Y,202408,,,0$$1$$2$$3$$4$$5$$6$$7$$8$$9$$10$$99,,Y$$N,HM
OBZ020,23277,2024-08-23 10:30:26.643,EST,SYSTEM,2024-08-30 17:35:09.060,OB202409001,202409汽車期中_他新中古-H,01,Y,02$$04$$05$$06$$11$$12$$13$$14$$15$$16$$20$$21$$22$$23,01,8,84,4,2024-08-30 17:35:09.060,20879,20879,Y,202409,,,0$$1$$2$$3$$4$$5$$6$$7$$8$$9$$10$$99,,Y$$N,H
OBZ020,23277,2024-08-23 10:30:30.283,EST,SYSTEM,2024-08-30 17:36:29.450,OB202409002,202409汽車期中_非他新中古-H,01,Y,01$$03,01,12,84,4,2024-08-30 17:36:29.450,21864,21864,Y,202409,,,0$$1$$2$$3$$4$$5$$6$$7$$8$$9$$10$$99,,Y$$N,H
OBZ020,23277,2024-08-23 10:30:32.080,OBZ020,23277,2024-09-02 18:07:11.837,OB202409003,202409汽車中結-S,01,Y,01$$02$$03$$04$$05$$06$$07$$08$$09$$10$$11$$12$$13$$14$$15$$16$$17$$18$$19$$20$$21$$22$$23$$24$$25$$26$$27$$28$$29$$30$$31$$32$$33$$34$$35$$36$$37$$38$$39$$40$$41$$99,02,8,52,4,2024-08-30 17:37:29.327,16690,16690,Y,202409,,,0$$1$$2$$3$$4$$5,,N,S
OBZ020,23277,2024-08-23 10:30:33.753,OBZ020,23277,2024-09-02 18:07:22.697,OB202409004,202409汽車滿期-E,01,Y,01$$02$$03$$04$$05$$06$$07$$08$$09$$10$$11$$12$$13$$14$$15$$16$$17$$18$$19$$20$$21$$22$$23$$24$$25$$26$$27$$28$$29$$30$$31$$32$$33$$34$$35$$36$$37$$38$$39$$40$$41$$99,03$$04,0,32,4,2024-08-30 17:38:45.890,19006,19006,Y,202409,,,0$$1$$2$$3,,Y$$N,E
OBZ020,23277,2024-08-23 10:30:35.237,EST,SYSTEM,2024-08-30 17:38:58.640,OB202409005,202409汽車中結_被他行代償反守為攻-S,01,Y,01$$02$$03$$04$$05$$06$$07$$08$$09$$10$$11$$12$$13$$14$$15$$16$$17$$18$$19$$20$$21$$22$$23$$24$$25$$26$$27$$28$$29$$30$$31$$32$$33$$34$$35$$36$$37$$38$$39$$40$$41$$99,02,7,60,4,2024-08-30 17:38:58.640,1,1,Y,202409,,,0$$1$$2$$3$$4$$5,,Y,S
OBZ020,23277,2024-08-23 10:30:36.987,EST,SYSTEM,2024-08-30 17:39:07.077,OB202409006,202409汽車中結五年以上-S5,01,Y,01$$02$$03$$04$$05$$06$$07$$08$$09$$10$$11$$12$$13$$14$$15$$16$$17$$18$$19$$20$$21$$22$$23$$24$$25$$26$$27$$28$$29$$30$$31$$32$$33$$34$$35$$36$$37$$38$$39$$40$$41$$99,02,64,68,4,2024-08-30 17:39:07.077,2019,2019,Y,202409,,,0$$1$$2$$3$$4$$5$$6$$7$$8$$9,,Y$$N,S5
OBZ020,23277,2024-08-23 10:30:38.597,EST,SYSTEM,2024-08-30 17:39:22.717,OB202409007,202409汽車滿期三年以上-E5,01,Y,01$$02$$03$$04$$05$$06$$07$$08$$09$$10$$11$$12$$13$$14$$15$$16$$17$$18$$19$$20$$21$$22$$23$$24$$25$$26$$27$$28$$29$$30$$31$$32$$33$$34$$35$$36$$37$$38$$39$$40$$41$$99,03$$04,40,44,4,2024-08-30 17:39:22.717,5042,5042,Y,202409,,,0$$1$$2$$3$$4$$5$$6$$7$$8,,Y$$N,E5
OBZ020,23277,2024-08-23 10:30:41.300,EST,SYSTEM,2024-08-30 17:40:10.250,OB202409008,202409機車期中-HM,02,Y,10$$18$$19$$28$$29$$34$$39$$40$$43,01,18,72,4,2024-08-30 17:40:10.250,12492,12492,Y,202409,,,0$$1$$2$$3$$4$$5$$6$$7$$8$$9$$10$$99,,Y$$N,HM
OBZ020,23277,2024-09-23 09:31:23.537,EST,SYSTEM,2024-09-27 17:52:33.780,OB202410001,202410汽車期中_他新中古-H,01,Y,02$$04$$05$$06$$11$$12$$13$$14$$15$$16$$20$$21$$22$$23,01,8,84,4,2024-09-27 17:52:33.780,20303,20303,Y,202410,,,0$$1$$2$$3$$4$$5$$6$$7$$8$$9$$10$$99,,Y$$N,H
OBZ020,23277,2024-09-23 09:31:25.583,EST,SYSTEM,2024-09-27 17:54:04.873,OB202410002,202410汽車期中_非他新中古-H,01,Y,01$$03,01,12,84,4,2024-09-27 17:54:04.873,19984,19984,Y,202410,,,0$$1$$2$$3$$4$$5$$6$$7$$8$$9$$10$$99,,Y$$N,H
OBZ020,23277,2024-09-23 09:31:27.380,EST,SYSTEM,2024-09-27 17:55:13.330,OB202410003,202410汽車中結-S,01,Y,01$$02$$03$$04$$05$$06$$07$$08$$09$$10$$11$$12$$13$$14$$15$$16$$17$$18$$19$$20$$21$$22$$23$$24$$25$$26$$27$$28$$29$$30$$31$$32$$33$$34$$35$$36$$37$$38$$39$$40$$41$$99,02,8,52,4,2024-09-27 17:55:13.330,16843,16843,Y,202410,,,0$$1$$2$$3$$4$$5,,N,S
OBZ020,23277,2024-09-23 09:31:29.130,EST,SYSTEM,2024-09-27 17:56:46.237,OB202410004,202410汽車滿期-E,01,Y,01$$02$$03$$04$$05$$06$$07$$08$$09$$10$$11$$12$$13$$14$$15$$16$$17$$18$$19$$20$$21$$22$$23$$24$$25$$26$$27$$28$$29$$30$$31$$32$$33$$34$$35$$36$$37$$38$$39$$40$$41$$99,03$$04,0,32,4,2024-09-27 17:56:46.237,22415,22415,Y,202410,,,0$$1$$2$$3,,Y$$N,E
OBZ020,23277,2024-09-23 09:31:30.803,EST,SYSTEM,2024-09-27 17:57:07.080,OB202410005,202410汽車中結_被他行代償反守為攻-S,01,Y,01$$02$$03$$04$$05$$06$$07$$08$$09$$10$$11$$12$$13$$14$$15$$16$$17$$18$$19$$20$$21$$22$$23$$24$$25$$26$$27$$28$$29$$30$$31$$32$$33$$34$$35$$36$$37$$38$$39$$40$$41$$99,02,7,60,4,2024-09-27 17:57:07.080,0,0,Y,202410,,,0$$1$$2$$3$$4$$5,,Y,S
OBZ020,23277,2024-09-23 09:31:32.460,EST,SYSTEM,2024-09-27 17:57:14.893,OB202410006,202410汽車中結五年以上-S5,01,Y,01$$02$$03$$04$$05$$06$$07$$08$$09$$10$$11$$12$$13$$14$$15$$16$$17$$18$$19$$20$$21$$22$$23$$24$$25$$26$$27$$28$$29$$30$$31$$32$$33$$34$$35$$36$$37$$38$$39$$40$$41$$99,02,64,68,4,2024-09-27 17:57:14.893,1523,1523,Y,202410,,,0$$1$$2$$3$$4$$5$$6$$7$$8$$9,,Y$$N,S5
OBZ020,23277,2024-09-23 09:31:34.193,EST,SYSTEM,2024-09-27 17:57:29.550,OB202410007,202410汽車滿期三年以上-E5,01,Y,01$$02$$03$$04$$05$$06$$07$$08$$09$$10$$11$$12$$13$$14$$15$$16$$17$$18$$19$$20$$21$$22$$23$$24$$25$$26$$27$$28$$29$$30$$31$$32$$33$$34$$35$$36$$37$$38$$39$$40$$41$$99,03$$04,40,44,4,2024-09-27 17:57:29.550,4633,4633,Y,202410,,,0$$1$$2$$3$$4$$5$$6$$7$$8,,Y$$N,E5
OBZ020,23277,2024-09-23 09:31:36.020,EST,SYSTEM,2024-09-27 17:58:22.380,OB202410008,202410機車期中-HM,02,Y,10$$18$$19$$28$$29$$34$$39$$40$$43,01,18,72,4,2024-09-27 17:58:22.380,14449,14449,Y,202410,,,0$$1$$2$$3$$4$$5$$6$$7$$8$$9$$10$$99,,Y$$N,HM
OBZ020,23277,2024-10-23 11:22:59.840,EST,SYSTEM,2024-10-30 13:27:41.673,OB202411001,202411汽車期中_他新中古-H,01,Y,02$$04$$05$$06$$11$$12$$13$$14$$15$$16$$20$$21$$22$$23,01,8,84,4,2024-10-30 13:27:41.673,19705,19705,Y,202411,,,0$$1$$2$$3$$4$$5$$6$$7$$8$$9$$10$$99,,Y$$N,H
OBZ020,23277,2024-10-23 11:23:01.870,EST,SYSTEM,2024-10-30 13:27:59.250,OB202411002,202411汽車期中_非他新中古-H,01,Y,01$$03,01,12,84,4,2024-10-30 13:27:59.250,19328,19328,Y,202411,,,0$$1$$2$$3$$4$$5$$6$$7$$8$$9$$10$$99,,Y$$N,H
OBZ020,23277,2024-10-23 11:23:03.870,EST,SYSTEM,2024-10-30 13:28:22.597,OB202411003,202411汽車中結-S,01,Y,01$$02$$03$$04$$05$$06$$07$$08$$09$$10$$11$$12$$13$$14$$15$$16$$17$$18$$19$$20$$21$$22$$23$$24$$25$$26$$27$$28$$29$$30$$31$$32$$33$$34$$35$$36$$37$$38$$39$$40$$41$$99,02,8,44,4,2024-10-30 13:28:22.597,17401,17401,Y,202411,,,0$$1$$2$$3$$4$$5,,N,S
OBZ020,23277,2024-10-23 11:23:05.650,EST,SYSTEM,2024-10-30 13:28:45.987,OB202411004,202411汽車滿期-E,01,Y,01$$02$$03$$04$$05$$06$$07$$08$$09$$10$$11$$12$$13$$14$$15$$16$$17$$18$$19$$20$$21$$22$$23$$24$$25$$26$$27$$28$$29$$30$$31$$32$$33$$34$$35$$36$$37$$38$$39$$40$$41$$99,03$$04,0,24,4,2024-10-30 13:28:45.987,20224,20224,Y,202411,,,0$$1$$2$$3,,Y$$N,E
OBZ020,23277,2024-10-23 11:23:07.307,EST,SYSTEM,2024-10-30 13:29:07.957,OB202411005,202411汽車中結_被他行代償反守為攻-S,01,Y,01$$02$$03$$04$$05$$06$$07$$08$$09$$10$$11$$12$$13$$14$$15$$16$$17$$18$$19$$20$$21$$22$$23$$24$$25$$26$$27$$28$$29$$30$$31$$32$$33$$34$$35$$36$$37$$38$$39$$40$$41$$99,02,7,60,4,2024-10-30 13:29:07.957,0,0,Y,202411,,,0$$1$$2$$3$$4$$5,,Y,S
OBZ020,23277,2024-10-23 11:23:08.900,EST,SYSTEM,2024-10-30 13:29:10.067,OB202411006,202411汽車中結五年以上-S5,01,Y,01$$02$$03$$04$$05$$06$$07$$08$$09$$10$$11$$12$$13$$14$$15$$16$$17$$18$$19$$20$$21$$22$$23$$24$$25$$26$$27$$28$$29$$30$$31$$32$$33$$34$$35$$36$$37$$38$$39$$40$$41$$99,02,64,68,4,2024-10-30 13:29:10.067,2051,2051,Y,202411,,,0$$1$$2$$3$$4$$5$$6$$7$$8$$9,,Y$$N,S5
OBZ020,23277,2024-10-23 11:23:10.557,EST,SYSTEM,2024-10-30 13:29:14.253,OB202411007,202411汽車滿期三年以上-E5,01,Y,01$$02$$03$$04$$05$$06$$07$$08$$09$$10$$11$$12$$13$$14$$15$$16$$17$$18$$19$$20$$21$$22$$23$$24$$25$$26$$27$$28$$29$$30$$31$$32$$33$$34$$35$$36$$37$$38$$39$$40$$41$$99,03$$04,40,44,4,2024-10-30 13:29:14.253,4874,4874,Y,202411,,,0$$1$$2$$3$$4$$5$$6$$7$$8,,Y$$N,E5
OBZ020,23277,2024-10-23 11:23:12.260,EST,SYSTEM,2024-10-30 13:29:36.033,OB202411008,202411機車期中-HM,02,Y,10$$18$$19$$28$$29$$34$$39$$40$$43,01,18,72,4,2024-10-30 13:29:36.033,15162,15162,Y,202411,,,0$$1$$2$$3$$4$$5$$6$$7$$8$$9$$10$$99,,Y$$N,HM
OBZ020,23277,2024-11-22 11:03:21.763,EST,SYSTEM,2024-11-29 12:56:33.047,OB202412001,202412汽車期中_他新中古-H,01,Y,02$$04$$05$$06$$11$$12$$13$$14$$15$$16$$20$$21$$22$$23,01,8,84,4,2024-11-29 12:56:33.047,22549,22549,Y,202412,,,0$$1$$2$$3$$4$$5$$6$$7$$8$$9$$10$$99,,Y$$N,H
OBZ020,23277,2024-11-22 11:03:23.890,EST,SYSTEM,2024-11-29 12:56:48.093,OB202412002,202412汽車期中_非他新中古-H,01,Y,01$$03,01,12,84,4,2024-11-29 12:56:48.093,22686,22686,Y,202412,,,0$$1$$2$$3$$4$$5$$6$$7$$8$$9$$10$$99,,Y$$N,H
OBZ020,23277,2024-11-22 11:03:25.750,EST,SYSTEM,2024-11-29 12:57:06.593,OB202412003,202412汽車中結-S,01,Y,01$$02$$03$$04$$05$$06$$07$$08$$09$$10$$11$$12$$13$$14$$15$$16$$17$$18$$19$$20$$21$$22$$23$$24$$25$$26$$27$$28$$29$$30$$31$$32$$33$$34$$35$$36$$37$$38$$39$$40$$41$$99,02,8,48,4,2024-11-29 12:57:06.593,17778,17778,Y,202412,,,0$$1$$2$$3$$4$$5,,N,S
OBZ020,23277,2024-11-22 11:03:27.610,EST,SYSTEM,2024-11-29 12:57:24.093,OB202412004,202412汽車滿期-E,01,Y,01$$02$$03$$04$$05$$06$$07$$08$$09$$10$$11$$12$$13$$14$$15$$16$$17$$18$$19$$20$$21$$22$$23$$24$$25$$26$$27$$28$$29$$30$$31$$32$$33$$34$$35$$36$$37$$38$$39$$40$$41$$99,03$$04,0,24,4,2024-11-29 12:57:24.093,18512,18512,Y,202412,,,0$$1$$2$$3,,Y$$N,E
OBZ020,23277,2024-11-22 11:03:29.327,EST,SYSTEM,2024-11-29 12:57:48.173,OB202412005,202412汽車中結_被他行代償反守為攻-S,01,Y,01$$02$$03$$04$$05$$06$$07$$08$$09$$10$$11$$12$$13$$14$$15$$16$$17$$18$$19$$20$$21$$22$$23$$24$$25$$26$$27$$28$$29$$30$$31$$32$$33$$34$$35$$36$$37$$38$$39$$40$$41$$99,02,7,60,4,2024-11-29 12:57:48.173,0,0,Y,202412,,,0$$1$$2$$3$$4$$5,,Y,S
OBZ020,23277,2024-11-22 11:03:31.203,EST,SYSTEM,2024-11-29 12:57:50.017,OB202412006,202412汽車中結五年以上-S5,01,Y,01$$02$$03$$04$$05$$06$$07$$08$$09$$10$$11$$12$$13$$14$$15$$16$$17$$18$$19$$20$$21$$22$$23$$24$$25$$26$$27$$28$$29$$30$$31$$32$$33$$34$$35$$36$$37$$38$$39$$40$$41$$99,02,64,68,4,2024-11-29 12:57:50.017,1975,1975,Y,202412,,,0$$1$$2$$3$$4$$5$$6$$7$$8$$9,,Y$$N,S5
OBZ020,23277,2024-11-22 11:03:33.110,EST,SYSTEM,2024-11-29 12:57:53.877,OB202412007,202412汽車滿期三年以上-E5,01,Y,01$$02$$03$$04$$05$$06$$07$$08$$09$$10$$11$$12$$13$$14$$15$$16$$17$$18$$19$$20$$21$$22$$23$$24$$25$$26$$27$$28$$29$$30$$31$$32$$33$$34$$35$$36$$37$$38$$39$$40$$41$$99,03$$04,40,44,4,2024-11-29 12:57:53.877,4119,4119,Y,202412,,,0$$1$$2$$3$$4$$5$$6$$7$$8,,Y$$N,E5
OBZ020,23277,2024-11-22 11:03:35.093,EST,SYSTEM,2024-11-29 12:58:09.140,OB202412008,202412機車期中-HM,02,Y,10$$18$$19$$28$$29$$34$$40,01,18,72,4,2024-11-29 12:58:09.140,6407,6407,Y,202412,,,0$$1$$2$$3$$4$$5$$6$$7$$8$$9$$10$$99,,Y$$N,HM
OBZ020,23277,2024-11-28 13:32:46.200,EST,SYSTEM,2024-11-29 12:58:23.453,OB202412009,202412機車中結滿期-M,02,Y,10$$18$$19$$34$$39$$40$$43,02$$03$$04,0,12,4,2024-11-29 12:58:23.453,12377,12377,Y,202412,,,0$$1$$2$$3$$4$$5$$6$$7$$8$$9$$10$$99,,Y$$N,M
OBZ020,23277,2024-12-24 09:20:06.303,EST,SYSTEM,2024-12-31 11:47:28.057,OB202501001,202501汽車期中_他新中古-H,01,Y,02$$04$$05$$06$$11$$12$$13$$14$$15$$16$$20$$21$$22$$23,01,8,84,4,2024-12-31 11:47:28.057,22253,22253,Y,202501,,,0$$1$$2$$3$$4$$5$$6$$7$$8$$9$$10$$99,,Y$$N,H
OBZ020,23277,2024-12-24 09:20:14.083,EST,SYSTEM,2024-12-31 11:47:39.900,OB202501002,202501汽車期中_非他新中古-H,01,Y,01$$03,01,12,84,4,2024-12-31 11:47:39.900,22182,22182,Y,202501,,,0$$1$$2$$3$$4$$5$$6$$7$$8$$9$$10$$99,,Y$$N,H
OBZ020,23277,2024-12-24 09:20:16.117,EST,SYSTEM,2024-12-31 11:47:50.760,OB202501003,202501汽車中結-S,01,Y,01$$02$$03$$04$$05$$06$$07$$08$$09$$10$$11$$12$$13$$14$$15$$16$$17$$18$$19$$20$$21$$22$$23$$24$$25$$26$$27$$28$$29$$30$$31$$32$$33$$34$$35$$36$$37$$38$$39$$40$$41$$99,02,8,48,4,2024-12-31 11:47:50.760,16773,16773,Y,202501,,,0$$1$$2$$3$$4$$5,,N,S
OBZ020,23277,2024-12-24 09:20:17.880,EST,SYSTEM,2024-12-31 11:48:03.587,OB202501004,202501汽車滿期-E,01,Y,01$$02$$03$$04$$05$$06$$07$$08$$09$$10$$11$$12$$13$$14$$15$$16$$17$$18$$19$$20$$21$$22$$23$$24$$25$$26$$27$$28$$29$$30$$31$$32$$33$$34$$35$$36$$37$$38$$39$$40$$41$$99,03$$04,0,24,4,2024-12-31 11:48:03.587,19355,19355,Y,202501,,,0$$1$$2$$3,,Y$$N,E
OBZ020,23277,2024-12-24 09:20:19.757,EST,SYSTEM,2024-12-31 11:48:16.977,OB202501005,202501汽車中結_被他行代償反守為攻-S,01,Y,01$$02$$03$$04$$05$$06$$07$$08$$09$$10$$11$$12$$13$$14$$15$$16$$17$$18$$19$$20$$21$$22$$23$$24$$25$$26$$27$$28$$29$$30$$31$$32$$33$$34$$35$$36$$37$$38$$39$$40$$41$$99,02,7,60,4,2024-12-31 11:48:16.977,0,0,Y,202501,,,0$$1$$2$$3$$4$$5,,Y,S
OBZ020,23277,2024-12-24 09:20:21.413,EST,SYSTEM,2024-12-31 11:48:18.523,OB202501006,202501汽車中結五年以上-S5,01,Y,01$$02$$03$$04$$05$$06$$07$$08$$09$$10$$11$$12$$13$$14$$15$$16$$17$$18$$19$$20$$21$$22$$23$$24$$25$$26$$27$$28$$29$$30$$31$$32$$33$$34$$35$$36$$37$$38$$39$$40$$41$$99,02,64,68,4,2024-12-31 11:48:18.523,1860,1860,Y,202501,,,0$$1$$2$$3$$4$$5$$6$$7$$8$$9,,Y$$N,S5
OBZ020,23277,2024-12-24 09:20:23.163,EST,SYSTEM,2024-12-31 11:48:21.697,OB202501007,202501汽車滿期三年以上-E5,01,Y,01$$02$$03$$04$$05$$06$$07$$08$$09$$10$$11$$12$$13$$14$$15$$16$$17$$18$$19$$20$$21$$22$$23$$24$$25$$26$$27$$28$$29$$30$$31$$32$$33$$34$$35$$36$$37$$38$$39$$40$$41$$99,03$$04,40,44,4,2024-12-31 11:48:21.697,3897,3897,Y,202501,,,0$$1$$2$$3$$4$$5$$6$$7$$8,,Y$$N,E5
OBZ020,23277,2024-12-24 09:20:24.617,EST,SYSTEM,2024-12-31 11:48:27.900,OB202501008,202501機車期中-HM,02,Y,10$$18$$19$$28$$29$$34$$40,01,18,60,4,2024-12-31 11:48:27.900,6232,6232,Y,202501,,,0$$1$$2$$3$$4$$5$$6$$7$$8$$9$$10$$99,,Y$$N,HM
OBZ020,23277,2024-12-24 09:20:26.477,EST,SYSTEM,2024-12-31 11:48:33.853,OB202501009,202501機車中結滿期-M,02,Y,10$$18$$19$$34$$39$$40$$43,02$$03$$04,0,12,4,2024-12-31 11:48:33.853,9549,9549,Y,202501,,,0$$1$$2$$3$$4$$5$$6$$7$$8$$9$$10$$99,,Y$$N,M
OBZ020,23277,2025-01-23 09:24:32.420,EST,SYSTEM,2025-01-24 15:44:37.603,OB202502001,202502汽車期中_他新中古-H,01,Y,02$$04$$05$$06$$11$$12$$13$$14$$15$$16$$20$$21$$22$$23,01,8,84,4,2025-01-24 15:44:37.603,20334,20334,Y,202502,,,0$$1$$2$$3$$4$$5$$6$$7$$8$$9$$10$$99,,Y$$N,H
OBZ020,23277,2025-01-23 09:24:34.297,EST,SYSTEM,2025-01-24 15:44:55.413,OB202502002,202502汽車期中_非他新中古-H,01,Y,01$$03,01,12,84,4,2025-01-24 15:44:55.413,17678,17678,Y,202502,,,0$$1$$2$$3$$4$$5$$6$$7$$8$$9$$10$$99,,Y$$N,H
OBZ020,23277,2025-01-23 09:24:35.907,EST,SYSTEM,2025-01-24 15:45:08.820,OB202502003,202502汽車中結-S,01,Y,01$$02$$03$$04$$05$$06$$07$$08$$09$$10$$11$$12$$13$$14$$15$$16$$17$$18$$19$$20$$21$$22$$23$$24$$25$$26$$27$$28$$29$$30$$31$$32$$33$$34$$35$$36$$37$$38$$39$$40$$41$$99,02,8,48,4,2025-01-24 15:45:08.820,15452,15452,Y,202502,,,0$$1$$2$$3$$4$$5,,N,S
OBZ020,23277,2025-01-23 09:24:37.513,EST,SYSTEM,2025-01-24 15:45:23.883,OB202502004,202502汽車滿期-E,01,Y,01$$02$$03$$04$$05$$06$$07$$08$$09$$10$$11$$12$$13$$14$$15$$16$$17$$18$$19$$20$$21$$22$$23$$24$$25$$26$$27$$28$$29$$30$$31$$32$$33$$34$$35$$36$$37$$38$$39$$40$$41$$99,03$$04,0,24,4,2025-01-24 15:45:23.883,19167,19167,Y,202502,,,0$$1$$2$$3,,Y$$N,E
OBZ020,23277,2025-01-23 09:24:39.360,EST,SYSTEM,2025-01-24 15:45:49.337,OB202502005,202502汽車中結_被他行代償反守為攻-S,01,Y,01$$02$$03$$04$$05$$06$$07$$08$$09$$10$$11$$12$$13$$14$$15$$16$$17$$18$$19$$20$$21$$22$$23$$24$$25$$26$$27$$28$$29$$30$$31$$32$$33$$34$$35$$36$$37$$38$$39$$40$$41$$99,02,7,60,4,2025-01-24 15:45:49.337,0,0,Y,202502,,,0$$1$$2$$3$$4$$5,,Y,S
OBZ020,23277,2025-01-23 09:24:48.123,EST,SYSTEM,2025-01-24 15:45:58.680,OB202502008,202502機車期中-HM,02,Y,10$$18$$19$$28$$29$$34$$40,01,18,60,4,2025-01-24 15:45:58.680,5146,5146,Y,202502,,,0$$1$$2$$3$$4$$5$$6$$7$$8$$9$$10$$99,,Y$$N,HM
OBZ020,23277,2025-01-23 09:24:57.217,EST,SYSTEM,2025-01-24 15:46:06.213,OB202502009,202502機車中結滿期-M,02,Y,10$$18$$19$$34$$39$$40$$43,02$$03$$04,0,12,4,2025-01-24 15:46:06.213,10274,10274,Y,202502,,,0$$1$$2$$3$$4$$5$$6$$7$$8$$9$$10$$99,,Y$$N,M
OBZ020,23277,2025-02-25 11:50:47.073,EST,SYSTEM,2025-02-27 10:46:34.430,OB202503001,202503汽車期中_他新中古-H,01,Y,02$$04$$05$$06$$11$$12$$13$$14$$15$$16$$20$$21$$22$$23,01,8,84,4,2025-02-27 10:46:34.430,21600,21600,Y,202503,,,0$$1$$2$$3$$4$$5$$6$$7$$8$$9$$10$$99,,Y$$N,H
OBZ020,23277,2025-02-25 11:50:49.387,EST,SYSTEM,2025-02-27 10:46:51.040,OB202503002,202503汽車期中_非他新中古-H,01,Y,01$$03,01,12,84,4,2025-02-27 10:46:51.040,18140,18140,Y,202503,,,0$$1$$2$$3$$4$$5$$6$$7$$8$$9$$10$$99,,Y$$N,H
OBZ020,23277,2025-02-25 11:50:51.217,EST,SYSTEM,2025-02-27 10:47:05.430,OB202503003,202503汽車中結-S,01,Y,01$$02$$03$$04$$05$$06$$07$$08$$09$$10$$11$$12$$13$$14$$15$$16$$17$$18$$19$$20$$21$$22$$23$$24$$25$$26$$27$$28$$29$$30$$31$$32$$33$$34$$35$$36$$37$$38$$39$$40$$41$$99,02,8,48,4,2025-02-27 10:47:05.430,18575,18575,Y,202503,,,0$$1$$2$$3$$4$$5,,N,S
OBZ020,23277,2025-02-25 11:50:52.747,EST,SYSTEM,2025-02-27 10:47:21.993,OB202503004,202503汽車滿期-E,01,Y,01$$02$$03$$04$$05$$06$$07$$08$$09$$10$$11$$12$$13$$14$$15$$16$$17$$18$$19$$20$$21$$22$$23$$24$$25$$26$$27$$28$$29$$30$$31$$32$$33$$34$$35$$36$$37$$38$$39$$40$$41$$99,03$$04,0,24,4,2025-02-27 10:47:21.993,21017,21017,Y,202503,,,0$$1$$2$$3,,Y$$N,E
OBZ020,23277,2025-02-25 11:50:54.653,EST,SYSTEM,2025-02-27 10:47:47.213,OB202503005,202503汽車中結_被他行代償反守為攻-S,01,Y,01$$02$$03$$04$$05$$06$$07$$08$$09$$10$$11$$12$$13$$14$$15$$16$$17$$18$$19$$20$$21$$22$$23$$24$$25$$26$$27$$28$$29$$30$$31$$32$$33$$34$$35$$36$$37$$38$$39$$40$$41$$99,02,7,60,4,2025-02-27 10:47:47.213,0,0,Y,202503,,,0$$1$$2$$3$$4$$5,,Y,S
OBZ020,23277,2025-02-25 14:09:53.283,EST,SYSTEM,2025-02-27 10:47:49.557,OB202503006,202503汽車中結五年以上-S5,01,Y,01$$02$$03$$04$$05$$06$$07$$08$$09$$10$$11$$12$$13$$14$$15$$16$$17$$18$$19$$20$$21$$22$$23$$24$$25$$26$$27$$28$$29$$30$$31$$32$$33$$34$$35$$36$$37$$38$$39$$40$$41$$99,02,64,68,4,2025-02-27 10:47:49.557,1952,1952,Y,202503,,,0$$1$$2$$3$$4$$5$$6$$7$$8$$9,,Y$$N,S5
OBZ020,23277,2025-02-25 14:14:56.410,EST,SYSTEM,2025-02-27 10:47:53.167,OB202503007,202503汽車滿期三年以上-E5,01,Y,01$$02$$03$$04$$05$$06$$07$$08$$09$$10$$11$$12$$13$$14$$15$$16$$17$$18$$19$$20$$21$$22$$23$$24$$25$$26$$27$$28$$29$$30$$31$$32$$33$$34$$35$$36$$37$$38$$39$$40$$41$$99,03$$04,40,44,4,2025-02-27 10:47:53.167,4835,4835,Y,202503,,,0$$1$$2$$3$$4$$5$$6$$7$$8,,Y$$N,E5
OBZ020,23277,2025-02-25 11:50:56.230,EST,SYSTEM,2025-02-27 10:48:02.087,OB202503008,202503機車期中-HM,02,Y,10$$18$$19$$28$$29$$34$$40,01,18,60,4,2025-02-27 10:48:02.087,5286,5286,Y,202503,,,0$$1$$2$$3$$4$$5$$6$$7$$8$$9$$10$$99,,Y$$N,HM
OBZ020,23277,2025-02-25 11:50:57.857,EST,SYSTEM,2025-02-27 10:48:08.633,OB202503009,202503機車中結滿期-M,02,Y,10$$18$$19$$34$$39$$40$$43,02$$03$$04,0,12,4,2025-02-27 10:48:08.633,12000,12000,Y,202503,,,0$$1$$2$$3$$4$$5$$6$$7$$8$$9$$10$$99,,Y$$N,M
OBZ020,23277,2025-03-25 14:22:16.560,EST,SYSTEM,2025-03-28 14:09:03.730,OB202504001,202504汽車期中_他新中古-H,01,Y,02$$04$$05$$06$$11$$12$$13$$14$$15$$16$$20$$21$$22$$23,01,8,84,4,2025-03-28 14:09:03.730,23843,23843,Y,202504,,,0$$1$$2$$3$$4$$5$$6$$7$$8$$9$$10$$99,,Y$$N,H
OBZ020,23277,2025-03-25 14:22:19.230,EST,SYSTEM,2025-03-28 14:09:16.460,OB202504002,202504汽車期中_非他新中古-H,01,Y,01$$03,01,12,84,4,2025-03-28 14:09:16.460,21163,21163,Y,202504,,,0$$1$$2$$3$$4$$5$$6$$7$$8$$9$$10$$99,,Y$$N,H
OBZ020,23277,2025-03-25 14:22:22.137,EST,SYSTEM,2025-03-28 14:09:28.630,OB202504003,202504汽車中結-S,01,Y,01$$02$$03$$04$$05$$06$$07$$08$$09$$10$$11$$12$$13$$14$$15$$16$$17$$18$$19$$20$$21$$22$$23$$24$$25$$26$$27$$28$$29$$30$$31$$32$$33$$34$$35$$36$$37$$38$$39$$40$$41$$99,02,8,48,4,2025-03-28 14:09:28.630,17337,17337,Y,202504,,,0$$1$$2$$3$$4$$5,,N,S
OBZ020,23277,2025-03-25 14:22:24.217,EST,SYSTEM,2025-03-28 14:09:43.440,OB202504004,202504汽車滿期-E,01,Y,01$$02$$03$$04$$05$$06$$07$$08$$09$$10$$11$$12$$13$$14$$15$$16$$17$$18$$19$$20$$21$$22$$23$$24$$25$$26$$27$$28$$29$$30$$31$$32$$33$$34$$35$$36$$37$$38$$39$$40$$41$$99,03$$04,0,24,4,2025-03-28 14:09:43.440,19723,19723,Y,202504,,,0$$1$$2$$3,,Y$$N,E
OBZ020,23277,2025-03-25 14:22:25.903,EST,SYSTEM,2025-03-28 14:10:00.067,OB202504005,202504汽車中結_被他行代償反守為攻-S,01,Y,01$$02$$03$$04$$05$$06$$07$$08$$09$$10$$11$$12$$13$$14$$15$$16$$17$$18$$19$$20$$21$$22$$23$$24$$25$$26$$27$$28$$29$$30$$31$$32$$33$$34$$35$$36$$37$$38$$39$$40$$41$$99,02,7,60,4,2025-03-28 14:10:00.067,0,0,Y,202504,,,0$$1$$2$$3$$4$$5,,Y,S
OBZ020,23277,2025-03-25 14:22:28.793,EST,SYSTEM,2025-03-28 14:10:04.517,OB202504006,202504汽車中結五年以上-S5,01,Y,01$$02$$03$$04$$05$$06$$07$$08$$09$$10$$11$$12$$13$$14$$15$$16$$17$$18$$19$$20$$21$$22$$23$$24$$25$$26$$27$$28$$29$$30$$31$$32$$33$$34$$35$$36$$37$$38$$39$$40$$41$$99,02,64,68,4,2025-03-28 14:10:04.517,1934,1934,Y,202504,,,0$$1$$2$$3$$4$$5$$6$$7$$8$$9,,Y$$N,S5
OBZ020,23277,2025-03-25 14:22:30.967,EST,SYSTEM,2025-03-28 14:10:08.393,OB202504007,202504汽車滿期三年以上-E5,01,Y,01$$02$$03$$04$$05$$06$$07$$08$$09$$10$$11$$12$$13$$14$$15$$16$$17$$18$$19$$20$$21$$22$$23$$24$$25$$26$$27$$28$$29$$30$$31$$32$$33$$34$$35$$36$$37$$38$$39$$40$$41$$99,03$$04,40,44,4,2025-03-28 14:10:08.393,4350,4350,Y,202504,,,0$$1$$2$$3$$4$$5$$6$$7$$8,,Y$$N,E5
OBZ020,23277,2025-03-25 14:22:33.010,EST,SYSTEM,2025-03-28 14:10:18.110,OB202504008,202504機車期中-HM,02,Y,10$$18$$19$$28$$29$$34$$40,01,18,60,4,2025-03-28 14:10:18.110,5255,5255,Y,202504,,,0$$1$$2$$3$$4$$5$$6$$7$$8$$9$$10$$99,,Y$$N,HM
OBZ020,23277,2025-03-25 14:22:35.340,EST,SYSTEM,2025-03-28 14:10:24.517,OB202504009,202504機車中結滿期-M,02,Y,10$$18$$19$$34$$39$$40$$43,02$$03$$04,0,12,4,2025-03-28 14:10:24.517,11898,11898,Y,202504,,,0$$1$$2$$3$$4$$5$$6$$7$$8$$9$$10$$99,,Y$$N,M
OBZ020,23277,2025-04-23 10:01:16.403,EST,SYSTEM,2025-04-30 13:44:23.330,OB202505001,202505汽車期中_他新中古-H,01,Y,02$$04$$05$$06$$11$$12$$13$$14$$15$$16$$20$$21$$22$$23,01,8,84,4,2025-04-30 13:44:23.330,23326,23326,Y,202505,,,0$$1$$2$$3$$4$$5$$6$$7$$8$$9$$10$$99,,Y$$N,H
OBZ020,23277,2025-04-23 10:01:18.217,EST,SYSTEM,2025-04-30 13:44:41.893,OB202505002,202505汽車期中_非他新中古-H,01,Y,01$$03,01,12,84,4,2025-04-30 13:44:41.893,20577,20577,Y,202505,,,0$$1$$2$$3$$4$$5$$6$$7$$8$$9$$10$$99,,Y$$N,H
OBZ020,23277,2025-04-23 10:01:19.500,EST,SYSTEM,2025-04-30 13:44:58.817,OB202505003,202505汽車中結-S,01,Y,01$$02$$03$$04$$05$$06$$07$$08$$09$$10$$11$$12$$13$$14$$15$$16$$17$$18$$19$$20$$21$$22$$23$$24$$25$$26$$27$$28$$29$$30$$31$$32$$33$$34$$35$$36$$37$$38$$39$$40$$41$$99,02,8,48,4,2025-04-30 13:44:58.817,16606,16606,Y,202505,,,0$$1$$2$$3$$4$$5,,N,S
OBZ020,23277,2025-04-23 10:01:21.170,EST,SYSTEM,2025-04-30 13:45:15.940,OB202505004,202505汽車滿期-E,01,Y,01$$02$$03$$04$$05$$06$$07$$08$$09$$10$$11$$12$$13$$14$$15$$16$$17$$18$$19$$20$$21$$22$$23$$24$$25$$26$$27$$28$$29$$30$$31$$32$$33$$34$$35$$36$$37$$38$$39$$40$$41$$99,03$$04,0,24,4,2025-04-30 13:45:15.940,20653,20653,Y,202505,,,0$$1$$2$$3,,Y$$N,E
OBZ020,23277,2025-04-23 10:01:22.983,EST,SYSTEM,2025-04-30 13:45:35.647,OB202505005,202505汽車中結_被他行代償反守為攻-S,01,Y,01$$02$$03$$04$$05$$06$$07$$08$$09$$10$$11$$12$$13$$14$$15$$16$$17$$18$$19$$20$$21$$22$$23$$24$$25$$26$$27$$28$$29$$30$$31$$32$$33$$34$$35$$36$$37$$38$$39$$40$$41$$99,02,7,60,4,2025-04-30 13:45:35.647,0,0,Y,202505,,,0$$1$$2$$3$$4$$5,,Y,S
OBZ020,23277,2025-04-23 10:01:24.437,EST,SYSTEM,2025-04-30 13:45:36.537,OB202505006,202505汽車中結五年以上-S5,01,Y,01$$02$$03$$04$$05$$06$$07$$08$$09$$10$$11$$12$$13$$14$$15$$16$$17$$18$$19$$20$$21$$22$$23$$24$$25$$26$$27$$28$$29$$30$$31$$32$$33$$34$$35$$36$$37$$38$$39$$40$$41$$99,02,64,68,4,2025-04-30 13:45:36.537,0,0,Y,202505,,,0$$1$$2$$3$$4,,Y$$N,S5
OBZ020,23277,2025-04-23 10:01:26.093,EST,SYSTEM,2025-04-30 13:45:38.503,OB202505007,202505汽車滿期三年以上-E5,01,Y,01$$02$$03$$04$$05$$06$$07$$08$$09$$10$$11$$12$$13$$14$$15$$16$$17$$18$$19$$20$$21$$22$$23$$24$$25$$26$$27$$28$$29$$30$$31$$32$$33$$34$$35$$36$$37$$38$$39$$40$$41$$99,03$$04,40,44,4,2025-04-30 13:45:38.503,0,0,Y,202505,,,0$$1$$2,,Y$$N,E5
OBZ020,23277,2025-04-23 10:01:27.500,EST,SYSTEM,2025-04-30 13:45:50.943,OB202505008,202505機車期中-HM,02,Y,10$$18$$19$$28$$29$$34$$40,01,18,60,4,2025-04-30 13:45:50.943,4780,4780,Y,202505,,,0$$1$$2$$3$$4$$5$$6$$7$$8$$9$$10$$99,,Y$$N,HM
OBZ020,23277,2025-04-23 10:01:29.483,EST,SYSTEM,2025-04-30 13:45:59.020,OB202505009,202505機車中結滿期-M,02,Y,10$$18$$19$$34$$39$$40$$43,02$$03$$04,0,12,4,2025-04-30 13:45:59.020,11512,11512,Y,202505,,,0$$1$$2$$3$$4$$5$$6$$7$$8$$9$$10$$99,,Y$$N,M
OBZ020,23277,2025-05-23 10:20:55.403,EST,SYSTEM,2025-05-29 09:55:12.603,OB202506001,202506汽車期中_他新中古-H,01,Y,02$$04$$05$$06$$11$$12$$13$$14$$15$$16$$20$$21$$22$$23,01,8,84,4,2025-05-29 09:55:12.603,23082,23082,Y,202506,,,0$$1$$2$$3$$4$$5$$6$$7$$8$$9$$10$$99,,Y$$N,H
OBZ020,23277,2025-05-23 10:20:57.983,EST,SYSTEM,2025-05-29 09:55:28.837,OB202506002,202506汽車期中_非他新中古-H,01,Y,01$$03,01,12,84,4,2025-05-29 09:55:28.837,19297,19297,Y,202506,,,0$$1$$2$$3$$4$$5$$6$$7$$8$$9$$10$$99,,Y$$N,H
OBZ020,23277,2025-05-23 10:20:59.950,EST,SYSTEM,2025-05-29 09:55:40.697,OB202506003,202506汽車中結-S,01,Y,01$$02$$03$$04$$05$$06$$07$$08$$09$$10$$11$$12$$13$$14$$15$$16$$17$$18$$19$$20$$21$$22$$23$$24$$25$$26$$27$$28$$29$$30$$31$$32$$33$$34$$35$$36$$37$$38$$39$$40$$41$$99,02,8,48,4,2025-05-29 09:55:40.697,15535,15535,Y,202506,,,0$$1$$2$$3$$4$$5,,N,S
OBZ020,23277,2025-05-23 10:21:01.920,EST,SYSTEM,2025-05-29 09:55:56.853,OB202506004,202506汽車滿期-E,01,Y,01$$02$$03$$04$$05$$06$$07$$08$$09$$10$$11$$12$$13$$14$$15$$16$$17$$18$$19$$20$$21$$22$$23$$24$$25$$26$$27$$28$$29$$30$$31$$32$$33$$34$$35$$36$$37$$38$$39$$40$$41$$99,03$$04,0,24,4,2025-05-29 09:55:56.853,18933,18933,Y,202506,,,0$$1$$2$$3,,Y$$N,E
OBZ020,23277,2025-05-23 10:21:03.590,EST,SYSTEM,2025-05-29 09:56:20.353,OB202506005,202506汽車中結_被他行代償反守為攻-S,01,Y,01$$02$$03$$04$$05$$06$$07$$08$$09$$10$$11$$12$$13$$14$$15$$16$$17$$18$$19$$20$$21$$22$$23$$24$$25$$26$$27$$28$$29$$30$$31$$32$$33$$34$$35$$36$$37$$38$$39$$40$$41$$99,02,7,60,4,2025-05-29 09:56:20.353,0,0,Y,202506,,,0$$1$$2$$3$$4$$5,,Y,S
OBZ020,23277,2025-05-23 10:21:05.077,EST,SYSTEM,2025-05-29 09:56:22.340,OB202506006,202506汽車中結五年以上-S5,01,Y,01$$02$$03$$04$$05$$06$$07$$08$$09$$10$$11$$12$$13$$14$$15$$16$$17$$18$$19$$20$$21$$22$$23$$24$$25$$26$$27$$28$$29$$30$$31$$32$$33$$34$$35$$36$$37$$38$$39$$40$$41$$99,02,64,68,4,2025-05-29 09:56:22.340,1938,1938,Y,202506,,,5$$6$$7$$8$$9$$10,,Y$$N,S5
OBZ020,23277,2025-05-23 10:21:06.920,EST,SYSTEM,2025-05-29 09:56:25.747,OB202506007,202506汽車滿期三年以上-E5,01,Y,01$$02$$03$$04$$05$$06$$07$$08$$09$$10$$11$$12$$13$$14$$15$$16$$17$$18$$19$$20$$21$$22$$23$$24$$25$$26$$27$$28$$29$$30$$31$$32$$33$$34$$35$$36$$37$$38$$39$$40$$41$$99,03$$04,40,44,4,2025-05-29 09:56:25.747,3446,3446,Y,202506,,,3$$4$$5$$6$$7$$8$$9$$10,,Y$$N,E5
OBZ020,23277,2025-05-23 10:21:08.450,EST,SYSTEM,2025-05-29 09:56:36.900,OB202506008,202506機車期中-HM,02,Y,10$$18$$19$$28$$29$$34$$40,01,18,60,4,2025-05-29 09:56:36.900,5307,5307,Y,202506,,,0$$1$$2$$3$$4$$5$$6$$7$$8$$9$$10$$99,,Y$$N,HM
OBZ020,23277,2025-05-23 10:21:10.857,EST,SYSTEM,2025-05-29 09:56:45.760,OB202506009,202506機車中結滿期-M,02,Y,10$$18$$19$$34$$39$$40$$43,02$$03$$04,0,12,4,2025-05-29 09:56:45.760,10660,10660,Y,202506,,,0$$1$$2$$3$$4$$5$$6$$7$$8$$9$$10$$99,,Y$$N,M
OBZ020,23277,2025-06-25 10:13:41.787,EST,SYSTEM,2025-06-30 10:09:03.123,OB202507001,202507汽車期中_他新中古-H,01,Y,02$$04$$05$$06$$11$$12$$13$$14$$15$$16$$20$$21$$22$$23,01,8,84,4,2025-06-30 10:09:03.123,22385,0,Y,202507,,,0$$1$$2$$3$$4$$5$$6$$7$$8$$9$$10$$99,,Y$$N,H
OBZ020,23277,2025-06-25 10:13:45.210,EST,SYSTEM,2025-06-30 10:09:17.687,OB202507002,202507汽車期中_非他新中古-H,01,Y,01$$03,01,12,84,4,2025-06-30 10:09:17.687,18518,0,Y,202507,,,0$$1$$2$$3$$4$$5$$6$$7$$8$$9$$10$$99,,Y$$N,H
OBZ020,23277,2025-06-25 10:13:47.193,EST,SYSTEM,2025-06-30 10:09:36.157,OB202507003,202507汽車中結-S,01,Y,01$$02$$03$$04$$05$$06$$07$$08$$09$$10$$11$$12$$13$$14$$15$$16$$17$$18$$19$$20$$21$$22$$23$$24$$25$$26$$27$$28$$29$$30$$31$$32$$33$$34$$35$$36$$37$$38$$39$$40$$41$$99,02,8,48,4,2025-06-30 10:09:36.157,18184,18184,Y,202507,,,0$$1$$2$$3$$4$$5,,N,S
OBZ020,23277,2025-06-25 10:13:48.927,EST,SYSTEM,2025-06-30 10:09:56.813,OB202507004,202507汽車滿期-E,01,Y,01$$02$$03$$04$$05$$06$$07$$08$$09$$10$$11$$12$$13$$14$$15$$16$$17$$18$$19$$20$$21$$22$$23$$24$$25$$26$$27$$28$$29$$30$$31$$32$$33$$34$$35$$36$$37$$38$$39$$40$$41$$99,03$$04,0,24,4,2025-06-30 10:09:56.813,21792,21792,Y,202507,,,0$$1$$2$$3,,Y$$N,E
OBZ020,23277,2025-06-25 10:13:50.460,EST,SYSTEM,2025-06-30 10:10:24.550,OB202507005,202507汽車中結_被他行代償反守為攻-S,01,Y,01$$02$$03$$04$$05$$06$$07$$08$$09$$10$$11$$12$$13$$14$$15$$16$$17$$18$$19$$20$$21$$22$$23$$24$$25$$26$$27$$28$$29$$30$$31$$32$$33$$34$$35$$36$$37$$38$$39$$40$$41$$99,02,7,60,4,2025-06-30 10:10:24.550,1,1,Y,202507,,,0$$1$$2$$3$$4$$5,,Y,S
OBZ020,23277,2025-06-25 10:13:52.020,EST,SYSTEM,2025-06-30 10:10:26.643,OB202507006,202507汽車中結五年以上-S5,01,Y,01$$02$$03$$04$$05$$06$$07$$08$$09$$10$$11$$12$$13$$14$$15$$16$$17$$18$$19$$20$$21$$22$$23$$24$$25$$26$$27$$28$$29$$30$$31$$32$$33$$34$$35$$36$$37$$38$$39$$40$$41$$99,02,64,68,4,2025-06-30 10:10:26.643,1942,1942,Y,202507,,,5$$6$$7$$8$$9$$10,,Y$$N,S5
OBZ020,23277,2025-06-25 10:13:54.083,EST,SYSTEM,2025-06-30 10:10:29.190,OB202507007,202507汽車滿期三年以上-E5,01,Y,01$$02$$03$$04$$05$$06$$07$$08$$09$$10$$11$$12$$13$$14$$15$$16$$17$$18$$19$$20$$21$$22$$23$$24$$25$$26$$27$$28$$29$$30$$31$$32$$33$$34$$35$$36$$37$$38$$39$$40$$41$$99,03$$04,40,44,4,2025-06-30 10:10:29.190,3821,3821,Y,202507,,,3$$4$$5$$6$$7$$8$$9$$10,,Y$$N,E5
OBZ020,23277,2025-06-25 10:13:55.663,EST,SYSTEM,2025-06-30 10:10:39.660,OB202507008,202507機車期中-HM,02,Y,10$$18$$19$$28$$29$$34$$40,01,18,60,4,2025-06-30 10:10:39.660,5195,5195,Y,202507,,,0$$1$$2$$3$$4$$5$$6$$7$$8$$9$$10$$99,,Y$$N,HM
OBZ020,23277,2025-06-25 10:13:57.897,EST,SYSTEM,2025-06-30 10:10:50.770,OB202507009,202507機車中結滿期-M,02,Y,10$$18$$19$$34$$39$$40$$43,02$$03$$04,0,12,4,2025-06-30 10:10:50.770,12667,12667,Y,202507,,,0$$1$$2$$3$$4$$5$$6$$7$$8$$9$$10$$99,,Y$$N,M
OBZ020,23277,2025-07-25 10:19:43.233,EST,SYSTEM,2025-07-31 11:05:26.547,OB202508001,202508汽車期中_他新中古-H,01,Y,02$$04$$05$$06$$11$$12$$13$$14$$15$$16$$20$$21$$22$$23,01,8,84,4,2025-07-31 11:05:26.547,25243,25243,Y,202508,,,0$$1$$2$$3$$4$$5$$6$$7$$8$$9$$10$$99,,Y$$N,H
OBZ020,23277,2025-07-25 10:19:46.453,EST,SYSTEM,2025-07-31 11:05:40.830,OB202508002,202508汽車期中_非他新中古-H,01,Y,01$$03,01,12,84,4,2025-07-31 11:05:40.830,21977,21977,Y,202508,,,0$$1$$2$$3$$4$$5$$6$$7$$8$$9$$10$$99,,Y$$N,H
OBZ020,23277,2025-07-25 10:19:48.703,EST,SYSTEM,2025-07-31 11:05:55.440,OB202508003,202508汽車中結-S,01,Y,01$$02$$03$$04$$05$$06$$07$$08$$09$$10$$11$$12$$13$$14$$15$$16$$17$$18$$19$$20$$21$$22$$23$$24$$25$$26$$27$$28$$29$$30$$31$$32$$33$$34$$35$$36$$37$$38$$39$$40$$41$$99,02,8,48,4,2025-07-31 11:05:55.440,17264,17264,Y,202508,,,0$$1$$2$$3$$4$$5,,N,S
OBZ020,23277,2025-07-25 10:19:50.657,EST,SYSTEM,2025-07-31 11:06:12.970,OB202508004,202508汽車滿期-E,01,Y,01$$02$$03$$04$$05$$06$$07$$08$$09$$10$$11$$12$$13$$14$$15$$16$$17$$18$$19$$20$$21$$22$$23$$24$$25$$26$$27$$28$$29$$30$$31$$32$$33$$34$$35$$36$$37$$38$$39$$40$$41$$99,03$$04,0,24,4,2025-07-31 11:06:12.970,20050,20050,Y,202508,,,0$$1$$2$$3,,Y$$N,E
OBZ020,23277,2025-07-25 10:19:52.640,EST,SYSTEM,2025-07-31 11:06:33.220,OB202508005,202508汽車中結_被他行代償反守為攻-S,01,Y,01$$02$$03$$04$$05$$06$$07$$08$$09$$10$$11$$12$$13$$14$$15$$16$$17$$18$$19$$20$$21$$22$$23$$24$$25$$26$$27$$28$$29$$30$$31$$32$$33$$34$$35$$36$$37$$38$$39$$40$$41$$99,02,7,60,4,2025-07-31 11:06:33.220,0,0,Y,202508,,,0$$1$$2$$3$$4$$5,,Y,S
OBZ020,23277,2025-07-25 10:19:54.703,EST,SYSTEM,2025-07-31 11:06:34.517,OB202508006,202508汽車中結五年以上-S5,01,Y,01$$02$$03$$04$$05$$06$$07$$08$$09$$10$$11$$12$$13$$14$$15$$16$$17$$18$$19$$20$$21$$22$$23$$24$$25$$26$$27$$28$$29$$30$$31$$32$$33$$34$$35$$36$$37$$38$$39$$40$$41$$99,02,64,68,4,2025-07-31 11:06:34.517,2041,2041,Y,202508,,,5$$6$$7$$8$$9$$10,,Y$$N,S5
OBZ020,23277,2025-07-25 10:19:56.673,EST,SYSTEM,2025-07-31 11:06:37.500,OB202508007,202508汽車滿期三年以上-E5,01,Y,01$$02$$03$$04$$05$$06$$07$$08$$09$$10$$11$$12$$13$$14$$15$$16$$17$$18$$19$$20$$21$$22$$23$$24$$25$$26$$27$$28$$29$$30$$31$$32$$33$$34$$35$$36$$37$$38$$39$$40$$41$$99,03$$04,40,44,4,2025-07-31 11:06:37.500,4492,4492,Y,202508,,,3$$4$$5$$6$$7$$8$$9$$10,,Y$$N,E5
OBZ020,23277,2025-07-25 10:19:58.720,EST,SYSTEM,2025-07-31 11:06:46.720,OB202508008,202508機車期中-HM,02,Y,10$$18$$19$$28$$29$$34$$40,01,18,60,4,2025-07-31 11:06:46.720,4423,4423,Y,202508,,,0$$1$$2$$3$$4$$5$$6$$7$$8$$9$$10$$99,,Y$$N,HM
OBZ020,23277,2025-07-25 10:20:00.703,EST,SYSTEM,2025-07-31 11:06:53.173,OB202508009,202508機車中結滿期-M,02,Y,10$$18$$19$$34$$39$$40$$43,02$$03$$04,0,12,4,2025-07-31 11:06:53.173,12519,12519,Y,202508,,,0$$1$$2$$3$$4$$5$$6$$7$$8$$9$$10$$99,,Y$$N,M
OBZ020,23770,2025-08-22 10:26:43.127,EST,SYSTEM,2025-08-29 11:19:58.360,OB202509001,202509汽車期中_他新中古-H,01,Y,02$$04$$05$$06$$11$$12$$13$$14$$15$$16$$20$$21$$22$$23,01,8,84,4,2025-08-29 11:19:58.360,26085,26085,Y,202509,,,0$$1$$2$$3$$4$$5$$6$$7$$8$$9$$10$$99,,Y$$N,H
OBZ020,23770,2025-08-22 10:26:49.707,EST,SYSTEM,2025-08-29 11:20:19.267,OB202509002,202509汽車期中_非他新中古-H,01,Y,01$$03,01,12,84,4,2025-08-29 11:20:19.267,20378,20378,Y,202509,,,0$$1$$2$$3$$4$$5$$6$$7$$8$$9$$10$$99,,Y$$N,H
OBZ020,23770,2025-08-22 10:26:51.830,EST,SYSTEM,2025-08-29 11:20:42.203,OB202509003,202509汽車中結-S,01,Y,01$$02$$03$$04$$05$$06$$07$$08$$09$$10$$11$$12$$13$$14$$15$$16$$17$$18$$19$$20$$21$$22$$23$$24$$25$$26$$27$$28$$29$$30$$31$$32$$33$$34$$35$$36$$37$$38$$39$$40$$41$$99,02,8,48,4,2025-08-29 11:20:42.203,16178,16178,Y,202509,,,0$$1$$2$$3$$4$$5,,N,S
OBZ020,23770,2025-08-22 10:26:53.567,EST,SYSTEM,2025-08-29 11:21:21.910,OB202509004,202509汽車滿期-E,01,Y,01$$02$$03$$04$$05$$06$$07$$08$$09$$10$$11$$12$$13$$14$$15$$16$$17$$18$$19$$20$$21$$22$$23$$24$$25$$26$$27$$28$$29$$30$$31$$32$$33$$34$$35$$36$$37$$38$$39$$40$$41$$99,03$$04,0,24,4,2025-08-29 11:21:21.910,21228,21228,Y,202509,,,0$$1$$2$$3,,Y$$N,E
OBZ020,23770,2025-08-22 10:26:55.597,EST,SYSTEM,2025-08-29 11:22:00.427,OB202509005,202509汽車中結_被他行代償反守為攻-S,01,Y,01$$02$$03$$04$$05$$06$$07$$08$$09$$10$$11$$12$$13$$14$$15$$16$$17$$18$$19$$20$$21$$22$$23$$24$$25$$26$$27$$28$$29$$30$$31$$32$$33$$34$$35$$36$$37$$38$$39$$40$$41$$99,02,7,60,4,2025-08-29 11:22:00.427,0,0,Y,202509,,,0$$1$$2$$3$$4$$5,,Y,S
OBZ020,23770,2025-08-22 10:26:57.427,EST,SYSTEM,2025-08-29 11:22:02.393,OB202509006,202509汽車中結五年以上-S5,01,Y,01$$02$$03$$04$$05$$06$$07$$08$$09$$10$$11$$12$$13$$14$$15$$16$$17$$18$$19$$20$$21$$22$$23$$24$$25$$26$$27$$28$$29$$30$$31$$32$$33$$34$$35$$36$$37$$38$$39$$40$$41$$99,02,64,68,4,2025-08-29 11:22:02.393,1815,1815,Y,202509,,,5$$6$$7$$8$$9$$10,,Y$$N,S5
OBZ020,23770,2025-08-22 10:26:59.113,EST,SYSTEM,2025-08-29 11:22:08.113,OB202509007,202509汽車滿期三年以上-E5,01,Y,01$$02$$03$$04$$05$$06$$07$$08$$09$$10$$11$$12$$13$$14$$15$$16$$17$$18$$19$$20$$21$$22$$23$$24$$25$$26$$27$$28$$29$$30$$31$$32$$33$$34$$35$$36$$37$$38$$39$$40$$41$$99,03$$04,40,44,4,2025-08-29 11:22:08.113,4910,4910,Y,202509,,,3$$4$$5$$6$$7$$8$$9$$10,,Y$$N,E5
OBZ020,23770,2025-08-22 10:27:01.317,EST,SYSTEM,2025-08-29 11:22:25.677,OB202509008,202509機車期中-HM,02,Y,10$$18$$19$$28$$29$$34$$40,01,18,60,4,2025-08-29 11:22:25.677,4102,4102,Y,202509,,,0$$1$$2$$3$$4$$5$$6$$7$$8$$9$$10$$99,,Y$$N,HM
OBZ020,23770,2025-08-22 10:27:03.143,EST,SYSTEM,2025-08-29 11:22:40.037,OB202509009,202509機車中結滿期-M,02,Y,10$$18$$19$$34$$39$$40$$43,02$$03$$04,0,12,4,2025-08-29 11:22:40.037,11496,11496,Y,202509,,,0$$1$$2$$3$$4$$5$$6$$7$$8$$9$$10$$99,,Y$$N,M
OBZ020,23770,2025-09-25 13:10:29.930,EST,SYSTEM,2025-09-30 13:46:05.623,OB202510001,202510汽車期中_他新中古-H,01,Y,02$$04$$05$$06$$11$$12$$13$$14$$15$$16$$20$$21$$22$$23,01,8,84,4,2025-09-30 13:46:05.623,25543,25543,Y,202510,,,0$$1$$2$$3$$4$$5$$6$$7$$8$$9$$10$$99,,Y$$N,H
OBZ020,23770,2025-09-25 13:10:21.243,EST,SYSTEM,2025-09-30 13:46:22.390,OB202510002,202510汽車期中_非他新中古-H,01,Y,01$$03,01,12,84,4,2025-09-30 13:46:22.390,19911,19911,Y,202510,,,0$$1$$2$$3$$4$$5$$6$$7$$8$$9$$10$$99,,Y$$N,H
OBZ020,23770,2025-09-25 13:10:10.447,EST,SYSTEM,2025-09-30 13:46:35.890,OB202510003,202510汽車中結-S,01,Y,01$$02$$03$$04$$05$$06$$07$$08$$09$$10$$11$$12$$13$$14$$15$$16$$17$$18$$19$$20$$21$$22$$23$$24$$25$$26$$27$$28$$29$$30$$31$$32$$33$$34$$35$$36$$37$$38$$39$$40$$41$$99,02,8,48,4,2025-09-30 13:46:35.890,15621,15621,Y,202510,,,0$$1$$2$$3$$4$$5,,N,S
OBZ020,23770,2025-09-25 13:09:59.913,EST,SYSTEM,2025-09-30 13:46:52.080,OB202510004,202510汽車滿期-E,01,Y,01$$02$$03$$04$$05$$06$$07$$08$$09$$10$$11$$12$$13$$14$$15$$16$$17$$18$$19$$20$$21$$22$$23$$24$$25$$26$$27$$28$$29$$30$$31$$32$$33$$34$$35$$36$$37$$38$$39$$40$$41$$99,03$$04,0,24,4,2025-09-30 13:46:52.080,19450,19450,Y,202510,,,0$$1$$2$$3,,Y$$N,E
OBZ020,23770,2025-09-25 13:09:47.210,EST,SYSTEM,2025-09-30 13:47:11.907,OB202510005,202510汽車中結_被他行代償反守為攻-S,01,Y,01$$02$$03$$04$$05$$06$$07$$08$$09$$10$$11$$12$$13$$14$$15$$16$$17$$18$$19$$20$$21$$22$$23$$24$$25$$26$$27$$28$$29$$30$$31$$32$$33$$34$$35$$36$$37$$38$$39$$40$$41$$99,02,7,60,4,2025-09-30 13:47:11.907,0,0,Y,202510,,,0$$1$$2$$3$$4$$5,,Y,S
OBZ020,23770,2025-09-25 13:09:37.337,EST,SYSTEM,2025-09-30 13:47:13.483,OB202510006,202510汽車中結五年以上-S5,01,Y,01$$02$$03$$04$$05$$06$$07$$08$$09$$10$$11$$12$$13$$14$$15$$16$$17$$18$$19$$20$$21$$22$$23$$24$$25$$26$$27$$28$$29$$30$$31$$32$$33$$34$$35$$36$$37$$38$$39$$40$$41$$99,02,64,68,4,2025-09-30 13:47:13.483,1942,1942,Y,202510,,,5$$6$$7$$8$$9$$10,,Y$$N,S5
OBZ020,23770,2025-09-25 13:09:26.773,EST,SYSTEM,2025-09-30 13:47:16.000,OB202510007,202510汽車滿期三年以上-E5,01,Y,01$$02$$03$$04$$05$$06$$07$$08$$09$$10$$11$$12$$13$$14$$15$$16$$17$$18$$19$$20$$21$$22$$23$$24$$25$$26$$27$$28$$29$$30$$31$$32$$33$$34$$35$$36$$37$$38$$39$$40$$41$$99,03$$04,40,44,4,2025-09-30 13:47:16.000,3840,3840,Y,202510,,,3$$4$$5$$6$$7$$8$$9$$10,,Y$$N,E5
OBZ020,23770,2025-09-25 13:09:18.600,EST,SYSTEM,2025-09-30 13:47:27.657,OB202510008,202510機車期中-HM,02,Y,10$$18$$19$$28$$29$$34$$40,01,18,60,4,2025-09-30 13:47:27.657,4781,4781,Y,202510,,,0$$1$$2$$3$$4$$5$$6$$7$$8$$9$$10$$99,,Y$$N,HM
OBZ020,23770,2025-09-25 13:09:09.850,EST,SYSTEM,2025-09-30 13:47:37.830,OB202510009,202510機車中結滿期-M,02,Y,10$$18$$19$$34$$39$$40$$43,02$$03$$04,0,12,4,2025-09-30 13:47:37.830,10892,10892,Y,202510,,,0$$1$$2$$3$$4$$5$$6$$7$$8$$9$$10$$99,,Y$$N,M
OBZ020,23277,2025-10-21 14:26:02.613,EST,SYSTEM,2025-10-31 10:48:04.610,OB202511001,202511汽車期中_他新中古-H,01,Y,02$$04$$05$$06$$11$$12$$13$$14$$15$$16$$20$$21$$22$$23,01,8,84,4,2025-10-31 10:48:04.610,24550,24550,Y,202511,,,0$$1$$2$$3$$4$$5$$6$$7$$8$$9$$10$$99,,Y$$N,H
OBZ020,23277,2025-10-21 14:26:06.677,EST,SYSTEM,2025-10-31 10:48:25.330,OB202511002,202511汽車期中_非他新中古-H,01,Y,01$$03,01,12,84,4,2025-10-31 10:48:25.330,19293,19293,Y,202511,,,0$$1$$2$$3$$4$$5$$6$$7$$8$$9$$10$$99,,Y$$N,H
OBZ020,23277,2025-10-21 14:26:08.660,EST,SYSTEM,2025-10-31 10:48:39.550,OB202511003,202511汽車中結-S,01,Y,01$$02$$03$$04$$05$$06$$07$$08$$09$$10$$11$$12$$13$$14$$15$$16$$17$$18$$19$$20$$21$$22$$23$$24$$25$$26$$27$$28$$29$$30$$31$$32$$33$$34$$35$$36$$37$$38$$39$$40$$41$$99,02,8,48,4,2025-10-31 10:48:39.550,18986,18986,Y,202511,,,0$$1$$2$$3$$4$$5,,N,S
OBZ020,23277,2025-10-21 14:26:10.193,EST,SYSTEM,2025-10-31 10:48:56.487,OB202511004,202511汽車滿期-E,01,Y,01$$02$$03$$04$$05$$06$$07$$08$$09$$10$$11$$12$$13$$14$$15$$16$$17$$18$$19$$20$$21$$22$$23$$24$$25$$26$$27$$28$$29$$30$$31$$32$$33$$34$$35$$36$$37$$38$$39$$40$$41$$99,03$$04,0,24,4,2025-10-31 10:48:56.487,22647,22647,Y,202511,,,0$$1$$2$$3,,Y$$N,E
OBZ020,23277,2025-10-21 14:26:11.927,EST,SYSTEM,2025-10-31 10:49:25.800,OB202511005,202511汽車中結_被他行代償反守為攻-S,01,Y,01$$02$$03$$04$$05$$06$$07$$08$$09$$10$$11$$12$$13$$14$$15$$16$$17$$18$$19$$20$$21$$22$$23$$24$$25$$26$$27$$28$$29$$30$$31$$32$$33$$34$$35$$36$$37$$38$$39$$40$$41$$99,02,7,60,4,2025-10-31 10:49:25.800,0,0,Y,202511,,,0$$1$$2$$3$$4$$5,,Y,S
OBZ020,23277,2025-10-21 14:26:13.583,EST,SYSTEM,2025-10-31 10:49:28.487,OB202511006,202511汽車中結五年以上-S5,01,Y,01$$02$$03$$04$$05$$06$$07$$08$$09$$10$$11$$12$$13$$14$$15$$16$$17$$18$$19$$20$$21$$22$$23$$24$$25$$26$$27$$28$$29$$30$$31$$32$$33$$34$$35$$36$$37$$38$$39$$40$$41$$99,02,64,68,4,2025-10-31 10:49:28.487,2267,2267,Y,202511,,,5$$6$$7$$8$$9$$10,,Y$$N,S5
OBZ020,23277,2025-10-21 14:26:15.740,EST,SYSTEM,2025-10-31 10:49:31.410,OB202511007,202511汽車滿期三年以上-E5,01,Y,01$$02$$03$$04$$05$$06$$07$$08$$09$$10$$11$$12$$13$$14$$15$$16$$17$$18$$19$$20$$21$$22$$23$$24$$25$$26$$27$$28$$29$$30$$31$$32$$33$$34$$35$$36$$37$$38$$39$$40$$41$$99,03$$04,40,44,4,2025-10-31 10:49:31.410,4473,4473,Y,202511,,,3$$4$$5$$6$$7$$8$$9$$10,,Y$$N,E5
OBZ020,23277,2025-10-21 14:26:17.677,EST,SYSTEM,2025-10-31 10:49:42.220,OB202511008,202511機車期中-HM,02,Y,10$$18$$19$$28$$29$$34$$40,01,18,60,4,2025-10-31 10:49:42.220,4505,4505,Y,202511,,,0$$1$$2$$3$$4$$5$$6$$7$$8$$9$$10$$99,,Y$$N,HM
OBZ020,23277,2025-10-21 14:26:20.537,EST,SYSTEM,2025-10-31 10:49:50.097,OB202511009,202511機車中結滿期-M,02,Y,10$$18$$19$$34$$39$$40$$43,02$$03$$04,0,12,4,2025-10-31 10:49:50.097,13504,13504,Y,202511,,,0$$1$$2$$3$$4$$5$$6$$7$$8$$9$$10$$99,,Y$$N,M
OBZ020,23770,2025-11-21 13:29:34.573,EST,SYSTEM,2025-11-28 09:38:20.737,OB202512001,202512汽車期中_他新中古-H,01,Y,02$$04$$05$$06$$11$$12$$13$$14$$15$$16$$20$$21$$22$$23,01,8,84,4,2025-11-28 09:38:20.737,27474,27474,Y,202512,,,0$$1$$2$$3$$4$$5$$6$$7$$8$$9$$10$$99,,Y$$N,H
OBZ020,23770,2025-11-21 13:29:45.243,EST,SYSTEM,2025-11-28 09:38:34.177,OB202512002,202512汽車期中_非他新中古-H,01,Y,01$$03,01,12,84,4,2025-11-28 09:38:34.177,21947,21947,Y,202512,,,0$$1$$2$$3$$4$$5$$6$$7$$8$$9$$10$$99,,Y$$N,H
OBZ020,23770,2025-11-21 13:29:49.713,EST,SYSTEM,2025-11-28 09:38:46.410,OB202512003,202512汽車中結-S,01,Y,01$$02$$03$$04$$05$$06$$07$$08$$09$$10$$11$$12$$13$$14$$15$$16$$17$$18$$19$$20$$21$$22$$23$$24$$25$$26$$27$$28$$29$$30$$31$$32$$33$$34$$35$$36$$37$$38$$39$$40$$41$$99,02,8,48,4,2025-11-28 09:38:46.410,18302,18302,Y,202512,,,0$$1$$2$$3$$4$$5,,N,S
OBZ020,23770,2025-11-21 13:29:52.667,EST,SYSTEM,2025-11-28 09:39:01.833,OB202512004,202512汽車滿期-E,01,Y,01$$02$$03$$04$$05$$06$$07$$08$$09$$10$$11$$12$$13$$14$$15$$16$$17$$18$$19$$20$$21$$22$$23$$24$$25$$26$$27$$28$$29$$30$$31$$32$$33$$34$$35$$36$$37$$38$$39$$40$$41$$99,03$$04,0,24,4,2025-11-28 09:39:01.833,20854,20854,Y,202512,,,0$$1$$2$$3,,Y$$N,E
OBZ020,23770,2025-11-21 13:29:55.883,EST,SYSTEM,2025-11-28 09:39:19.630,OB202512005,202512汽車中結_被他行代償反守為攻-S,01,Y,01$$02$$03$$04$$05$$06$$07$$08$$09$$10$$11$$12$$13$$14$$15$$16$$17$$18$$19$$20$$21$$22$$23$$24$$25$$26$$27$$28$$29$$30$$31$$32$$33$$34$$35$$36$$37$$38$$39$$40$$41$$99,02,7,60,4,2025-11-28 09:39:19.630,0,0,Y,202512,,,0$$1$$2$$3$$4$$5,,Y,S
OBZ020,23770,2025-11-21 13:29:59.353,EST,SYSTEM,2025-11-28 09:39:23.317,OB202512006,202512汽車中結五年以上-S5,01,Y,01$$02$$03$$04$$05$$06$$07$$08$$09$$10$$11$$12$$13$$14$$15$$16$$17$$18$$19$$20$$21$$22$$23$$24$$25$$26$$27$$28$$29$$30$$31$$32$$33$$34$$35$$36$$37$$38$$39$$40$$41$$99,02,64,68,4,2025-11-28 09:39:23.317,2007,2007,Y,202512,,,5$$6$$7$$8$$9$$10,,Y$$N,S5
OBZ020,23770,2025-11-21 13:30:02.887,EST,SYSTEM,2025-11-28 09:39:27.893,OB202512007,202512汽車滿期三年以上-E5,01,Y,01$$02$$03$$04$$05$$06$$07$$08$$09$$10$$11$$12$$13$$14$$15$$16$$17$$18$$19$$20$$21$$22$$23$$24$$25$$26$$27$$28$$29$$30$$31$$32$$33$$34$$35$$36$$37$$38$$39$$40$$41$$99,03$$04,40,44,4,2025-11-28 09:39:27.893,4152,4152,Y,202512,,,3$$4$$5$$6$$7$$8$$9$$10,,Y$$N,E5
OBZ020,23770,2025-11-21 13:30:06.027,EST,SYSTEM,2025-11-28 09:39:41.363,OB202512008,202512機車期中-HM,02,Y,10$$18$$19$$28$$29$$34$$40,01,18,60,4,2025-11-28 09:39:41.363,4524,4524,Y,202512,,,0$$1$$2$$3$$4$$5$$6$$7$$8$$9$$10$$99,,Y$$N,HM
OBZ020,23770,2025-11-21 13:30:11.887,EST,SYSTEM,2025-11-28 09:39:48.050,OB202512009,202512機車中結滿期-M,02,Y,10$$18$$19$$34$$39$$40$$43,02$$03$$04,0,12,4,2025-11-28 09:39:48.050,11811,11811,Y,202512,,,0$$1$$2$$3$$4$$5$$6$$7$$8$$9$$10$$99,,Y$$N,M
OBZ020,23770,2025-12-29 10:03:04.900,EST,SYSTEM,2025-12-31 10:14:28.343,OB202601001,202601汽車期中_他新中古-H,01,Y,02$$04$$05$$06$$11$$12$$13$$14$$15$$16$$20$$21$$22$$23,01,8,84,4,2025-12-31 10:14:28.343,28137,28137,Y,202601,,,0$$1$$2$$3$$4$$5$$6$$7$$8$$9$$10$$99,,Y$$N,H
OBZ020,23770,2025-12-29 10:03:11.590,EST,SYSTEM,2025-12-31 10:14:45.440,OB202601002,202601汽車期中_非他新中古-H,01,Y,01$$03,01,12,84,4,2025-12-31 10:14:45.440,21303,21303,Y,202601,,,0$$1$$2$$3$$4$$5$$6$$7$$8$$9$$10$$99,,Y$$N,H
OBZ020,23770,2025-12-29 10:03:14.700,EST,SYSTEM,2025-12-31 10:14:58.423,OB202601003,202601汽車中結-S,01,Y,01$$02$$03$$04$$05$$06$$07$$08$$09$$10$$11$$12$$13$$14$$15$$16$$17$$18$$19$$20$$21$$22$$23$$24$$25$$26$$27$$28$$29$$30$$31$$32$$33$$34$$35$$36$$37$$38$$39$$40$$41$$99,02,8,48,4,2025-12-31 10:14:58.423,16929,16929,Y,202601,,,0$$1$$2$$3$$4$$5,,N,S
OBZ020,23770,2025-12-29 10:03:17.290,EST,SYSTEM,2025-12-31 10:15:28.050,OB202601004,202601汽車滿期-E,01,Y,01$$02$$03$$04$$05$$06$$07$$08$$09$$10$$11$$12$$13$$14$$15$$16$$17$$18$$19$$20$$21$$22$$23$$24$$25$$26$$27$$28$$29$$30$$31$$32$$33$$34$$35$$36$$37$$38$$39$$40$$41$$99,03$$04,0,24,4,2025-12-31 10:15:28.050,21277,21277,Y,202601,,,0$$1$$2$$3,,Y$$N,E
OBZ020,23770,2025-12-29 10:03:19.900,EST,SYSTEM,2025-12-31 10:15:51.660,OB202601005,202601汽車中結_被他行代償反守為攻-S,01,Y,01$$02$$03$$04$$05$$06$$07$$08$$09$$10$$11$$12$$13$$14$$15$$16$$17$$18$$19$$20$$21$$22$$23$$24$$25$$26$$27$$28$$29$$30$$31$$32$$33$$34$$35$$36$$37$$38$$39$$40$$41$$99,02,7,60,4,2025-12-31 10:15:51.660,0,0,Y,202601,,,0$$1$$2$$3$$4$$5,,Y,S
OBZ020,23770,2025-12-29 10:03:22.057,EST,SYSTEM,2025-12-31 10:15:53.300,OB202601006,202601汽車中結五年以上-S5,01,Y,01$$02$$03$$04$$05$$06$$07$$08$$09$$10$$11$$12$$13$$14$$15$$16$$17$$18$$19$$20$$21$$22$$23$$24$$25$$26$$27$$28$$29$$30$$31$$32$$33$$34$$35$$36$$37$$38$$39$$40$$41$$99,02,64,68,4,2025-12-31 10:15:53.300,2008,2008,Y,202601,,,5$$6$$7$$8$$9$$10,,Y$$N,S5
OBZ020,23770,2025-12-29 10:03:24.510,EST,SYSTEM,2025-12-31 10:15:57.253,OB202601007,202601汽車滿期三年以上-E5,01,Y,01$$02$$03$$04$$05$$06$$07$$08$$09$$10$$11$$12$$13$$14$$15$$16$$17$$18$$19$$20$$21$$22$$23$$24$$25$$26$$27$$28$$29$$30$$31$$32$$33$$34$$35$$36$$37$$38$$39$$40$$41$$99,03$$04,40,44,4,2025-12-31 10:15:57.253,3780,3780,Y,202601,,,3$$4$$5$$6$$7$$8$$9$$10,,Y$$N,E5
OBZ020,23770,2025-12-29 10:03:27.103,EST,SYSTEM,2025-12-31 10:16:12.487,OB202601008,202601機車期中-HM,02,Y,10$$18$$19$$28$$29$$34$$40,01,18,60,4,2025-12-31 10:16:12.487,4393,4393,Y,202601,,,0$$1$$2$$3$$4$$5$$6$$7$$8$$9$$10$$99,,Y$$N,HM
OBZ020,23770,2025-12-29 10:03:29.637,EST,SYSTEM,2025-12-31 10:16:23.673,OB202601009,202601機車中結滿期-M,02,Y,10$$18$$19$$34$$39$$40$$43,02$$03$$04,0,12,4,2025-12-31 10:16:23.673,11048,11048,Y,202601,,,0$$1$$2$$3$$4$$5$$6$$7$$8$$9$$10$$99,,Y$$N,M
OBZ020,23770,2026-01-26 16:01:40.657,EST,SYSTEM,2026-01-29 15:14:54.977,OB202602001,202602汽車期中_他新中古-H,01,Y,02$$04$$05$$06$$11$$12$$13$$14$$15$$16$$20$$21$$22$$23,01,8,84,4,2026-01-29 15:14:54.977,28173,28173,Y,202602,,,0$$1$$2$$3$$4$$5$$6$$7$$8$$9$$10$$99,,Y$$N,H
OBZ020,23770,2026-01-26 16:01:47.187,EST,SYSTEM,2026-01-29 15:15:30.817,OB202602002,202602汽車期中_非他新中古-H,01,Y,01$$03,01,12,84,4,2026-01-29 15:15:30.817,21164,21164,Y,202602,,,0$$1$$2$$3$$4$$5$$6$$7$$8$$9$$10$$99,,Y$$N,H
OBZ020,23770,2026-01-26 16:01:52.420,EST,SYSTEM,2026-01-29 15:15:47.440,OB202602003,202602汽車中結-S,01,Y,01$$02$$03$$04$$05$$06$$07$$08$$09$$10$$11$$12$$13$$14$$15$$16$$17$$18$$19$$20$$21$$22$$23$$24$$25$$26$$27$$28$$29$$30$$31$$32$$33$$34$$35$$36$$37$$38$$39$$40$$41$$99,02,8,48,4,2026-01-29 15:15:47.440,16423,16423,Y,202602,,,0$$1$$2$$3$$4$$5,,N,S
OBZ020,23770,2026-01-26 16:01:56.530,EST,SYSTEM,2026-01-29 15:16:13.233,OB202602004,202602汽車滿期-E,01,Y,01$$02$$03$$04$$05$$06$$07$$08$$09$$10$$11$$12$$13$$14$$15$$16$$17$$18$$19$$20$$21$$22$$23$$24$$25$$26$$27$$28$$29$$30$$31$$32$$33$$34$$35$$36$$37$$38$$39$$40$$41$$99,03$$04,0,24,4,2026-01-29 15:16:13.233,18811,18811,Y,202602,,,0$$1$$2$$3,,Y$$N,E
OBZ020,23770,2026-01-26 16:02:00.093,EST,SYSTEM,2026-01-29 15:16:41.433,OB202602005,202602汽車中結_被他行代償反守為攻-S,01,Y,01$$02$$03$$04$$05$$06$$07$$08$$09$$10$$11$$12$$13$$14$$15$$16$$17$$18$$19$$20$$21$$22$$23$$24$$25$$26$$27$$28$$29$$30$$31$$32$$33$$34$$35$$36$$37$$38$$39$$40$$41$$99,02,7,60,4,2026-01-29 15:16:41.433,0,0,Y,202602,,,0$$1$$2$$3$$4$$5,,Y,S
OBZ020,23770,2026-01-26 16:02:04.360,EST,SYSTEM,2026-01-29 15:16:44.497,OB202602006,202602汽車中結五年以上-S5,01,Y,01$$02$$03$$04$$05$$06$$07$$08$$09$$10$$11$$12$$13$$14$$15$$16$$17$$18$$19$$20$$21$$22$$23$$24$$25$$26$$27$$28$$29$$30$$31$$32$$33$$34$$35$$36$$37$$38$$39$$40$$41$$99,02,64,68,4,2026-01-29 15:16:44.497,1971,1971,Y,202602,,,5$$6$$7$$8$$9$$10,,Y$$N,S5
OBZ020,23770,2026-01-26 16:02:07.733,EST,SYSTEM,2026-01-29 15:16:49.073,OB202602007,202602汽車滿期三年以上-E5,01,Y,01$$02$$03$$04$$05$$06$$07$$08$$09$$10$$11$$12$$13$$14$$15$$16$$17$$18$$19$$20$$21$$22$$23$$24$$25$$26$$27$$28$$29$$30$$31$$32$$33$$34$$35$$36$$37$$38$$39$$40$$41$$99,03$$04,40,44,4,2026-01-29 15:16:49.073,4291,4291,Y,202602,,,3$$4$$5$$6$$7$$8$$9$$10,,Y$$N,E5
OBZ020,23770,2026-01-26 16:02:11.047,EST,SYSTEM,2026-01-29 15:17:25.540,OB202602008,202602機車期中-HM,02,Y,10$$18$$19$$28$$29$$34$$40,01,18,60,4,2026-01-29 15:17:25.540,4785,4785,Y,202602,,,0$$1$$2$$3$$4$$5$$6$$7$$8$$9$$10$$99,,Y$$N,HM
OBZ020,23770,2026-01-26 16:02:13.843,EST,SYSTEM,2026-01-29 15:17:38.820,OB202602009,202602機車中結滿期-M,02,Y,10$$18$$19$$34$$39$$40$$43,02$$03$$04,0,12,4,2026-01-29 15:17:38.820,10688,10688,Y,202602,,,0$$1$$2$$3$$4$$5$$6$$7$$8$$9$$10$$99,,Y$$N,M
OBZ020,23770,2026-02-25 10:59:16.300,OBZ020,23770,2026-02-25 18:02:27.463,OB202603001,202603汽車期中_他新中古-H,01,Y,02$$04$$05$$06$$11$$12$$13$$14$$15$$16$$20$$21$$22$$23,01,8,84,4,2026-02-25 11:00:46.867,24792,24792,Y,202603,,,0$$1$$2$$3$$4$$5$$6$$7$$8$$9$$10$$99,,Y$$N,H
OBZ020,23770,2026-02-25 10:59:24.520,OBZ020,23770,2026-02-25 11:04:16.713,OB202603002,202603汽車期中_非他新中古-H,01,Y,01$$03,01,12,84,4,2026-02-25 11:04:03.447,17267,17267,Y,202603,,,0$$1$$2$$3$$4$$5$$6$$7$$8$$9$$10$$99,,Y$$N,H
OBZ020,23770,2026-02-25 10:59:27.927,OBZ020,23770,2026-02-25 11:05:45.620,OB202603003,202603汽車中結-S,01,Y,01$$02$$03$$04$$05$$06$$07$$08$$09$$10$$11$$12$$13$$14$$15$$16$$17$$18$$19$$20$$21$$22$$23$$24$$25$$26$$27$$28$$29$$30$$31$$32$$33$$34$$35$$36$$37$$38$$39$$40$$41$$99,02,8,48,4,2026-02-25 11:05:29.087,19025,19025,Y,202603,,,0$$1$$2$$3$$4$$5,,N,S
OBZ020,23770,2026-02-25 10:59:30.317,OBZ020,23770,2026-02-25 11:06:11.730,OB202603004,202603汽車滿期-E,01,Y,01$$02$$03$$04$$05$$06$$07$$08$$09$$10$$11$$12$$13$$14$$15$$16$$17$$18$$19$$20$$21$$22$$23$$24$$25$$26$$27$$28$$29$$30$$31$$32$$33$$34$$35$$36$$37$$38$$39$$40$$41$$99,03$$04,0,24,4,2026-02-25 11:05:54.090,22905,22905,Y,202603,,,0$$1$$2$$3,,Y$$N,E
OBZ020,23770,2026-02-25 10:59:32.537,OBZ020,23770,2026-02-25 11:07:03.277,OB202603005,202603汽車中結_被他行代償反守為攻-S,01,Y,01$$02$$03$$04$$05$$06$$07$$08$$09$$10$$11$$12$$13$$14$$15$$16$$17$$18$$19$$20$$21$$22$$23$$24$$25$$26$$27$$28$$29$$30$$31$$32$$33$$34$$35$$36$$37$$38$$39$$40$$41$$99,02,7,60,4,2026-02-25 11:06:38.603,0,0,Y,202603,,,0$$1$$2$$3$$4$$5,,Y,S
OBZ020,23770,2026-02-25 10:59:35.270,OBZ020,23770,2026-02-25 11:07:08.590,OB202603006,202603汽車中結五年以上-S5,01,Y,01$$02$$03$$04$$05$$06$$07$$08$$09$$10$$11$$12$$13$$14$$15$$16$$17$$18$$19$$20$$21$$22$$23$$24$$25$$26$$27$$28$$29$$30$$31$$32$$33$$34$$35$$36$$37$$38$$39$$40$$41$$99,02,64,68,4,2026-02-25 11:07:06.870,2252,2252,Y,202603,,,5$$6$$7$$8$$9$$10,,Y$$N,S5
OBZ020,23770,2026-02-25 10:59:37.350,OBZ020,23770,2026-02-25 11:07:22.667,OB202603007,202603汽車滿期三年以上-E5,01,Y,01$$02$$03$$04$$05$$06$$07$$08$$09$$10$$11$$12$$13$$14$$15$$16$$17$$18$$19$$20$$21$$22$$23$$24$$25$$26$$27$$28$$29$$30$$31$$32$$33$$34$$35$$36$$37$$38$$39$$40$$41$$99,03$$04,40,44,4,2026-02-25 11:07:13.323,5212,5212,Y,202603,,,3$$4$$5$$6$$7$$8$$9$$10,,Y$$N,E5
OBZ020,23770,2026-02-25 10:59:39.583,OBZ020,23770,2026-02-25 18:03:09.527,OB202603008,202603機車期中-HM,02,Y,10$$18$$19$$28$$29$$34$$40,01,18,60,4,2026-02-25 11:07:27.200,4249,4249,Y,202603,,,0$$1$$2$$3$$4$$5$$6$$7$$8$$9$$10$$99,,Y$$N,HM
OBZ020,23770,2026-02-25 10:59:41.817,OBZ020,23770,2026-02-25 11:07:47.260,OB202603009,202603機車中結滿期-M,02,Y,10$$18$$19$$34$$39$$40$$43,02$$03$$04,0,12,4,2026-02-25 11:07:41.057,12751,12751,Y,202603,,,0$$1$$2$$3$$4$$5$$6$$7$$8$$9$$10$$99,,Y$$N,M
OBZ020,23770,2026-03-23 17:42:54.040,EST,SYSTEM,2026-03-31 13:50:51.307,OB202604001,202604汽車期中_他新中古-H,01,Y,02$$04$$05$$06$$11$$12$$13$$14$$15$$16$$20$$21$$22$$23,01,8,84,4,2026-03-31 13:50:51.307,30192,30192,Y,202604,,,0$$1$$2$$3$$4$$5$$6$$7$$8$$9$$10$$99,,Y$$N,H
OBZ020,23770,2026-03-23 17:43:01.493,EST,SYSTEM,2026-03-31 13:51:10.433,OB202604002,202604汽車期中_非他新中古-H,01,Y,01$$03,01,12,84,4,2026-03-31 13:51:10.433,23133,23133,Y,202604,,,0$$1$$2$$3$$4$$5$$6$$7$$8$$9$$10$$99,,Y$$N,H
OBZ020,23770,2026-03-23 17:43:04.853,EST,SYSTEM,2026-03-31 13:51:27.510,OB202604003,202604汽車中結-S,01,Y,01$$02$$03$$04$$05$$06$$07$$08$$09$$10$$11$$12$$13$$14$$15$$16$$17$$18$$19$$20$$21$$22$$23$$24$$25$$26$$27$$28$$29$$30$$31$$32$$33$$34$$35$$36$$37$$38$$39$$40$$41$$99,02,8,48,4,2026-03-31 13:51:27.510,17979,17979,Y,202604,,,0$$1$$2$$3$$4$$5,,N,S
OBZ020,23770,2026-03-23 17:43:07.307,EST,SYSTEM,2026-03-31 13:51:56.777,OB202604004,202604汽車滿期-E,01,Y,01$$02$$03$$04$$05$$06$$07$$08$$09$$10$$11$$12$$13$$14$$15$$16$$17$$18$$19$$20$$21$$22$$23$$24$$25$$26$$27$$28$$29$$30$$31$$32$$33$$34$$35$$36$$37$$38$$39$$40$$41$$99,03$$04,0,24,4,2026-03-31 13:51:56.777,20775,20775,Y,202604,,,0$$1$$2$$3,,Y$$N,E
OBZ020,23770,2026-03-23 17:43:10.150,EST,SYSTEM,2026-03-31 13:52:15.590,OB202604005,202604汽車中結_被他行代償反守為攻-S,01,Y,01$$02$$03$$04$$05$$06$$07$$08$$09$$10$$11$$12$$13$$14$$15$$16$$17$$18$$19$$20$$21$$22$$23$$24$$25$$26$$27$$28$$29$$30$$31$$32$$33$$34$$35$$36$$37$$38$$39$$40$$41$$99,02,7,60,4,2026-03-31 13:52:15.590,0,0,Y,202604,,,0$$1$$2$$3$$4$$5,,Y,S
OBZ020,23770,2026-03-23 17:43:12.433,EST,SYSTEM,2026-03-31 13:52:17.200,OB202604006,202604汽車中結五年以上-S5,01,Y,01$$02$$03$$04$$05$$06$$07$$08$$09$$10$$11$$12$$13$$14$$15$$16$$17$$18$$19$$20$$21$$22$$23$$24$$25$$26$$27$$28$$29$$30$$31$$32$$33$$34$$35$$36$$37$$38$$39$$40$$41$$99,02,64,68,4,2026-03-31 13:52:17.200,2214,2214,Y,202604,,,5$$6$$7$$8$$9$$10,,Y$$N,S5
OBZ020,23770,2026-03-23 17:43:15.040,EST,SYSTEM,2026-03-31 13:52:20.620,OB202604007,202604汽車滿期三年以上-E5,01,Y,01$$02$$03$$04$$05$$06$$07$$08$$09$$10$$11$$12$$13$$14$$15$$16$$17$$18$$19$$20$$21$$22$$23$$24$$25$$26$$27$$28$$29$$30$$31$$32$$33$$34$$35$$36$$37$$38$$39$$40$$41$$99,03$$04,40,44,4,2026-03-31 13:52:20.620,5041,5041,Y,202604,,,3$$4$$5$$6$$7$$8$$9$$10,,Y$$N,E5
OBZ020,23770,2026-03-23 17:43:17.433,EST,SYSTEM,2026-03-31 13:52:29.450,OB202604008,202604機車期中-HM,02,Y,10$$18$$19$$28$$29$$34$$40,01,18,60,4,2026-03-31 13:52:29.450,4572,4572,Y,202604,,,0$$1$$2$$3$$4$$5$$6$$7$$8$$9$$10$$99,,Y$$N,HM
OBZ020,23770,2026-03-23 17:43:19.933,EST,SYSTEM,2026-03-31 13:52:36.980,OB202604009,202604機車中結滿期-M,02,Y,10$$18$$19$$34$$39$$40$$43,02$$03$$04,0,12,4,2026-03-31 13:52:36.980,12367,12367,Y,202604,,,0$$1$$2$$3$$4$$5$$6$$7$$8$$9$$10$$99,,Y$$N,M
OBZ020,23874,2026-04-20 10:13:28.067,EST,SYSTEM,2026-04-30 11:35:04.753,OB202605001,202605汽車期中_他新中古-H,01,Y,02$$04$$05$$06$$11$$12$$13$$14$$15$$16$$20$$21$$22$$23,01,8,84,4,2026-04-30 11:35:04.753,29575,29575,Y,202605,,,0$$1$$2$$3$$4$$5$$6$$7$$8$$9$$10$$99,,Y$$N,H
OBZ020,23874,2026-04-20 10:13:45.390,EST,SYSTEM,2026-04-30 11:35:30.390,OB202605002,202605汽車期中_非他新中古-H,01,Y,01$$03,01,12,84,4,2026-04-30 11:35:30.390,21510,21510,Y,202605,,,0$$1$$2$$3$$4$$5$$6$$7$$8$$9$$10$$99,,Y$$N,H
OBZ020,23874,2026-04-20 10:14:09.340,EST,SYSTEM,2026-04-30 11:35:45.063,OB202605003,202605汽車中結-S,01,Y,01$$02$$03$$04$$05$$06$$07$$08$$09$$10$$11$$12$$13$$14$$15$$16$$17$$18$$19$$20$$21$$22$$23$$24$$25$$26$$27$$28$$29$$30$$31$$32$$33$$34$$35$$36$$37$$38$$39$$40$$41$$99,02,8,48,4,2026-04-30 11:35:45.063,16961,16961,Y,202605,,,0$$1$$2$$3$$4$$5,,N,S
OBZ020,23874,2026-04-20 10:14:14.543,EST,SYSTEM,2026-04-30 11:36:12.267,OB202605004,202605汽車滿期-E,01,Y,01$$02$$03$$04$$05$$06$$07$$08$$09$$10$$11$$12$$13$$14$$15$$16$$17$$18$$19$$20$$21$$22$$23$$24$$25$$26$$27$$28$$29$$30$$31$$32$$33$$34$$35$$36$$37$$38$$39$$40$$41$$99,03$$04,0,24,4,2026-04-30 11:36:12.267,21590,21590,Y,202605,,,0$$1$$2$$3,,Y$$N,E
OBZ020,23874,2026-04-20 10:14:22.510,EST,SYSTEM,2026-04-30 11:36:34.300,OB202605005,202605汽車中結_被他行代償反守為攻-S,01,Y,01$$02$$03$$04$$05$$06$$07$$08$$09$$10$$11$$12$$13$$14$$15$$16$$17$$18$$19$$20$$21$$22$$23$$24$$25$$26$$27$$28$$29$$30$$31$$32$$33$$34$$35$$36$$37$$38$$39$$40$$41$$99,02,7,60,4,2026-04-30 11:36:34.300,0,0,Y,202605,,,0$$1$$2$$3$$4$$5,,Y,S
OBZ020,23874,2026-04-20 10:14:28.117,EST,SYSTEM,2026-04-30 11:36:36.800,OB202605006,202605汽車中結五年以上-S5,01,Y,01$$02$$03$$04$$05$$06$$07$$08$$09$$10$$11$$12$$13$$14$$15$$16$$17$$18$$19$$20$$21$$22$$23$$24$$25$$26$$27$$28$$29$$30$$31$$32$$33$$34$$35$$36$$37$$38$$39$$40$$41$$99,02,64,68,4,2026-04-30 11:36:36.800,2109,2109,Y,202605,,,5$$6$$7$$8$$9$$10,,Y$$N,S5
OBZ020,23874,2026-04-20 10:14:34.923,EST,SYSTEM,2026-04-30 11:36:42.050,OB202605007,202605汽車滿期三年以上-E5,01,Y,01$$02$$03$$04$$05$$06$$07$$08$$09$$10$$11$$12$$13$$14$$15$$16$$17$$18$$19$$20$$21$$22$$23$$24$$25$$26$$27$$28$$29$$30$$31$$32$$33$$34$$35$$36$$37$$38$$39$$40$$41$$99,03$$04,40,44,4,2026-04-30 11:36:42.050,4872,4872,Y,202605,,,3$$4$$5$$6$$7$$8$$9$$10,,Y$$N,E5
OBZ020,23874,2026-04-20 10:14:43.487,EST,SYSTEM,2026-04-30 11:36:53.517,OB202605008,202605機車期中-HM,02,Y,10$$18$$19$$28$$29$$34$$40,01,18,60,4,2026-04-30 11:36:53.517,4121,4121,Y,202605,,,0$$1$$2$$3$$4$$5$$6$$7$$8$$9$$10$$99,,Y$$N,HM
OBZ020,23874,2026-04-20 10:14:53.420,EST,SYSTEM,2026-04-30 11:37:04.013,OB202605009,202605機車中結滿期-M,02,Y,10$$18$$19$$34$$39$$40$$43,02$$03$$04,0,12,4,2026-04-30 11:37:04.013,11990,11990,Y,202605,,,0$$1$$2$$3$$4$$5$$6$$7$$8$$9$$10$$99,,Y$$N,M
OBZ020,23874,2026-04-20 19:48:58.320,EST,SYSTEM,2026-04-30 11:37:13.727,OB202605010,202605一般商品期中-HC,03,Y,48$$49$$50$$51$$52,01,8,84,4,2026-04-30 11:37:13.727,1333,1333,Y,202605,NULL,NULL,0$$1$$2$$3$$4$$5$$6$$7$$8$$9$$10,NULL,Y$$N,HC
OBZ020,23874,2026-04-20 21:37:29.247,EST,SYSTEM,2026-04-30 11:37:27.893,OB202605011,202605一般商品中結滿期-SEC,03,Y,48$$49$$50$$51$$52,02$$03$$04,0,84,4,2026-04-30 11:37:27.893,1417,1417,Y,202605,NULL,NULL,0$$1$$2$$3$$4$$5$$6$$7$$8$$9$$10,NULL,Y$$N,SEC
OBZ020,23874,2026-04-20 21:58:38.607,EST,SYSTEM,2026-04-30 11:37:35.530,OB202605012,202605汽車期中_B專案-HB,01,Y,53,01,24,84,4,2026-04-30 11:37:35.530,94,94,Y,202605,NULL,NULL,0$$1$$2$$3$$4$$5$$6$$7$$8$$9$$10,NULL,Y$$N,HB
OBZ020,23874,2026-04-20 22:05:07.107,EST,SYSTEM,2026-04-30 11:37:53.203,OB202605013,202605汽車中結滿期_B專案-SEB,01,Y,53,02$$03$$04,0,84,4,2026-04-30 11:37:53.203,104,104,Y,202605,NULL,NULL,0$$1$$2$$3$$4$$5$$6$$7$$8$$9$$10,NULL,Y$$N,SEB
OBZ020,23874,2026-05-25 12:31:44.860,EST,SYSTEM,2026-05-29 20:39:59.533,OB202606001,202606汽車期中_他新中古-H,01,Y,02$$04$$05$$06$$11$$12$$13$$14$$15$$16$$20$$21$$22$$23,01,8,84,4,2026-05-29 20:39:59.533,29173,29173,Y,202606,,,0$$1$$2$$3$$4$$5$$6$$7$$8$$9$$10$$99,,Y$$N,H
OBZ020,23874,2026-05-25 12:31:44.860,EST,SYSTEM,2026-05-29 20:40:20.437,OB202606002,202606汽車期中_非他新中古-H,01,Y,01$$03,01,12,84,4,2026-05-29 20:40:20.437,21017,21017,Y,202606,,,0$$1$$2$$3$$4$$5$$6$$7$$8$$9$$10$$99,,Y$$N,H
OBZ020,23874,2026-05-25 12:31:44.860,EST,SYSTEM,2026-05-29 20:40:32.000,OB202606003,202606汽車中結-S,01,Y,01$$02$$03$$04$$05$$06$$07$$08$$09$$10$$11$$12$$13$$14$$15$$16$$17$$18$$19$$20$$21$$22$$23$$24$$25$$26$$27$$28$$29$$30$$31$$32$$33$$34$$35$$36$$37$$38$$39$$40$$41$$99,02,8,48,4,2026-05-29 20:40:32.000,16682,16682,Y,202606,,,0$$1$$2$$3$$4$$5,,N,S
OBZ020,23874,2026-05-25 12:31:44.860,EST,SYSTEM,2026-05-29 20:40:44.880,OB202606004,202606汽車滿期-E,01,Y,01$$02$$03$$04$$05$$06$$07$$08$$09$$10$$11$$12$$13$$14$$15$$16$$17$$18$$19$$20$$21$$22$$23$$24$$25$$26$$27$$28$$29$$30$$31$$32$$33$$34$$35$$36$$37$$38$$39$$40$$41$$99,03$$04,0,24,4,2026-05-29 20:40:44.880,18678,18678,Y,202606,,,0$$1$$2$$3,,Y$$N,E
OBZ020,23874,2026-05-25 12:31:44.860,EST,SYSTEM,2026-05-29 20:41:01.587,OB202606005,202606汽車中結_被他行代償反守為攻-S,01,Y,01$$02$$03$$04$$05$$06$$07$$08$$09$$10$$11$$12$$13$$14$$15$$16$$17$$18$$19$$20$$21$$22$$23$$24$$25$$26$$27$$28$$29$$30$$31$$32$$33$$34$$35$$36$$37$$38$$39$$40$$41$$99,02,7,60,4,2026-05-29 20:41:01.587,0,0,Y,202606,,,0$$1$$2$$3$$4$$5,,Y,S
OBZ020,23874,2026-05-25 12:31:44.860,EST,SYSTEM,2026-05-29 20:41:02.900,OB202606006,202606汽車中結五年以上-S5,01,Y,01$$02$$03$$04$$05$$06$$07$$08$$09$$10$$11$$12$$13$$14$$15$$16$$17$$18$$19$$20$$21$$22$$23$$24$$25$$26$$27$$28$$29$$30$$31$$32$$33$$34$$35$$36$$37$$38$$39$$40$$41$$99,02,64,68,4,2026-05-29 20:41:02.900,1781,1781,Y,202606,,,5$$6$$7$$8$$9$$10,,Y$$N,S5
OBZ020,23874,2026-05-25 12:31:44.860,EST,SYSTEM,2026-05-29 20:41:10.427,OB202606007,202606汽車滿期三年以上-E5,01,Y,01$$02$$03$$04$$05$$06$$07$$08$$09$$10$$11$$12$$13$$14$$15$$16$$17$$18$$19$$20$$21$$22$$23$$24$$25$$26$$27$$28$$29$$30$$31$$32$$33$$34$$35$$36$$37$$38$$39$$40$$41$$99,03$$04,40,44,4,2026-05-29 20:41:10.427,4286,4286,Y,202606,,,3$$4$$5$$6$$7$$8$$9$$10,,Y$$N,E5
OBZ020,23874,2026-05-25 12:31:44.877,EST,SYSTEM,2026-05-29 20:41:28.240,OB202606008,202606機車期中-HM,02,Y,10$$18$$19$$28$$29$$34$$40,01,18,60,4,2026-05-29 20:41:28.240,4321,4321,Y,202606,,,0$$1$$2$$3$$4$$5$$6$$7$$8$$9$$10$$99,,Y$$N,HM
OBZ020,23874,2026-05-25 12:31:44.877,EST,SYSTEM,2026-05-29 20:41:34.793,OB202606009,202606機車中結滿期-M,02,Y,10$$18$$19$$34$$39$$40$$43,02$$03$$04,0,12,4,2026-05-29 20:41:34.793,11043,11043,Y,202606,,,0$$1$$2$$3$$4$$5$$6$$7$$8$$9$$10$$99,,Y$$N,M
OBZ020,23874,2026-05-25 12:31:44.877,EST,SYSTEM,2026-05-29 20:41:40.367,OB202606010,202606一般商品期中-HC,03,Y,48$$49$$50$$51$$52,01,8,84,4,2026-05-29 20:41:40.367,1324,1324,Y,202606,,,0$$1$$2$$3$$4$$5$$6$$7$$8$$9$$10,,Y$$N,HC
OBZ020,23874,2026-05-25 12:31:44.877,EST,SYSTEM,2026-05-29 20:41:47.563,OB202606011,202606一般商品中結滿期-SEC,03,Y,48$$49$$50$$51$$52,02$$03$$04,0,84,4,2026-05-29 20:41:47.563,1174,1174,Y,202606,,,0$$1$$2$$3$$4$$5$$6$$7$$8$$9$$10,,Y$$N,SEC
OBZ020,23874,2026-05-25 12:31:44.877,EST,SYSTEM,2026-05-29 20:41:52.363,OB202606012,202606汽車期中_B專案-HB,01,Y,53,01,24,84,4,2026-05-29 20:41:52.363,117,117,Y,202606,,,0$$1$$2$$3$$4$$5$$6$$7$$8$$9$$10,,Y$$N,HB
OBZ020,23874,2026-05-25 12:31:44.877,EST,SYSTEM,2026-05-29 20:42:10.327,OB202606013,202606汽車中結滿期_B專案-SEB,01,Y,53,02$$03$$04,0,84,4,2026-05-29 20:42:10.327,89,89,Y,202606,,,0$$1$$2$$3$$4$$5$$6$$7$$8$$9$$10,,Y$$N,SEB
